{"4828555":[23,"岩倉市","北島町","川田１"],"4828501":[23,"岩倉市","大地町","上千８－１"],"4820011":[23,"岩倉市","昭和町"],"4820006":[23,"岩倉市","稲荷町羽根"],"4820004":[23,"岩倉市","五条町"],"4828651":[23,"岩倉市","旭町","１丁目２１"],"4828511":[23,"岩倉市","野寄町","西出１－１"],"4820025":[23,"岩倉市","大地新町"],"4820022":[23,"岩倉市","栄町"],"4820000":[23,"岩倉市",""],"4820041":[23,"岩倉市","東町"],"4820015":[23,"岩倉市","川井町"],"4820044":[23,"岩倉市","宮前町"],"4820024":[23,"岩倉市","旭町"],"4820017":[23,"岩倉市","北島町"],"4820012":[23,"岩倉市","稲荷町"],"4820031":[23,"岩倉市","八剱町"],"4820032":[23,"岩倉市","井上町"],"4828510":[23,"岩倉市","川井町","１８８０番地"],"4820001":[23,"岩倉市","東新町"],"4820013":[23,"岩倉市","南新町"],"4820018":[23,"岩倉市","大山寺本町"],"4820042":[23,"岩倉市","中本町"],"4820036":[23,"岩倉市","西市町"],"4820021":[23,"岩倉市","新柳町"],"4820016":[23,"岩倉市","野寄町"],"4820005":[23,"岩倉市","下本町"],"4820035":[23,"岩倉市","鈴井町"],"4820046":[23,"岩倉市","中野町"],"4820014":[23,"岩倉市","大山寺町"],"4820023":[23,"岩倉市","中央町"],"4820034":[23,"岩倉市","石仏町"],"4820043":[23,"岩倉市","本町"],"4820003":[23,"岩倉市","曽野町"],"4828652":[23,"岩倉市","大地町","上千３１"],"4820002":[23,"岩倉市","大市場町"],"4820026":[23,"岩倉市","大地町"],"4820007":[23,"岩倉市","大山寺元町"],"4828686":[23,"岩倉市","栄町","１丁目６６"],"4820033":[23,"岩倉市","神野町"],"4820045":[23,"岩倉市","泉町"]}
