{"4460027":[23,"安城市","東明町"],"4468601":[23,"安城市","御幸本町","９－６"],"4460052":[23,"安城市","福釜町"],"4468533":[23,"安城市","横山町","管池８"],"4460038":[23,"安城市","末広町"],"4460058":[23,"安城市","三河安城南町"],"4468501":[23,"安城市","桜町","１８－２３"],"4460023":[23,"安城市","上条町"],"4460044":[23,"安城市","百石町"],"4460005":[23,"安城市","宇頭茶屋町"],"4460024":[23,"安城市","河野町"],"4460006":[23,"安城市","浜屋町"],"4468511":[23,"安城市","里町","長根２－１"],"4460053":[23,"安城市","高棚町"],"4460051":[23,"安城市","箕輪町"],"4468504":[23,"安城市","今池町","３丁目１－３６"],"4460054":[23,"安城市","二本木町"],"4468540":[23,"安城市","箕輪町","正福田１番地１００"],"4460022":[23,"安城市","浜富町"],"4460017":[23,"安城市","大岡町"],"4460073":[23,"安城市","篠目町"],"4468550":[23,"安城市","三河安城町","１丁目８番地４"],"4468518":[23,"安城市","福釜町","河原１８"],"4468522":[23,"安城市","今本町","４丁目１４－２４"],"4460074":[23,"安城市","井杭山町"],"4460032":[23,"安城市","御幸本町"],"4460031":[23,"安城市","朝日町"],"4468502":[23,"安城市","住吉町","３丁目１１－８"],"4468641":[23,"安城市","大東町","９－１３"],"4468602":[23,"安城市","安城町","東広畔２８"],"4460021":[23,"安城市","法連町"],"4460026":[23,"安城市","安城町"],"4468525":[23,"安城市","桜町","２０－６"],"4460072":[23,"安城市","住吉町"],"4460071":[23,"安城市","今池町"],"4468517":[23,"安城市","横山町","下毛賀知９３"],"4460035":[23,"安城市","錦町"],"4460036":[23,"安城市","小堤町"],"4460014":[23,"安城市","別郷町"],"4468514":[23,"安城市","柿碕町","東山２５"],"4468508":[23,"安城市","桜町","７番１０号"],"4460007":[23,"安城市","東栄町"],"4460055":[23,"安城市","緑町"],"4468506":[23,"安城市","今本町","東向山６番地の１"],"4460065":[23,"安城市","大東町"],"4460025":[23,"安城市","古井町"],"4460008":[23,"安城市","今本町"],"4460045":[23,"安城市","横山町"],"4460002":[23,"安城市","橋目町"],"4460041":[23,"安城市","桜町"],"4468503":[23,"安城市","篠目町","井山３"],"4460012":[23,"安城市","西別所町"],"4468512":[23,"安城市","桜町","１６－１"],"4460001":[23,"安城市","里町"],"4460046":[23,"安城市","赤松町"],"4460063":[23,"安城市","昭和町"],"4468523":[23,"安城市","横山町","大山田中７９－３"],"4460018":[23,"安城市","東新町"],"4460003":[23,"安城市","柿さき町"],"4468635":[23,"安城市","小堤町","４丁目２５"],"4460011":[23,"安城市","北山崎町"],"4460064":[23,"安城市","弁天町"],"4460061":[23,"安城市","新田町"],"4468505":[23,"安城市","小堤町","９－６"],"4460066":[23,"安城市","池浦町"],"4460037":[23,"安城市","相生町"],"4468526":[23,"安城市","横山町","毛賀知２４－２"],"4460062":[23,"安城市","明治本町"],"4460033":[23,"安城市","日の出町"],"4460013":[23,"安城市","東別所町"],"4460057":[23,"安城市","三河安城東町"],"4460056":[23,"安城市","三河安城町"],"4460004":[23,"安城市","尾崎町"],"4468585":[23,"安城市","今本町","４丁目７－３"],"4460075":[23,"安城市","二本木新町"],"4468558":[23,"安城市","今本町","東向山７"],"4460015":[23,"安城市","高木町"],"4468520":[23,"安城市","桜町","１２－２８"],"4460076":[23,"安城市","美園町"],"4468686":[23,"安城市","御幸本町","１５－１"],"4468555":[23,"安城市","二本木新町","２丁目１－３"],"4468535":[23,"安城市","三河安城東町","１丁目６－２８"],"4460034":[23,"安城市","南町"],"4460039":[23,"安城市","花ノ木町"],"4460059":[23,"安城市","三河安城本町"],"4460043":[23,"安城市","城南町"],"4468524":[23,"安城市","箕輪町","正福田１－２４"],"4460019":[23,"安城市","新明町"],"4460042":[23,"安城市","大山町"],"4468507":[23,"安城市","高棚町","新道１"],"4460000":[23,"安城市",""],"4460016":[23,"安城市","山崎町"],"4468588":[23,"安城市","新明町","２７－７"]}
