{"0660034":[1,"千歳市","富丘"],"0660028":[1,"千歳市","花園"],"0660044":[1,"千歳市","平和"],"0660072":[1,"千歳市","自由ケ丘"],"0660066":[1,"千歳市","大和"],"0668555":[1,"千歳市","上長都","１０６１番地２"],"0668510":[1,"千歳市","平和","無番地"],"0668633":[1,"千歳市","北栄","２丁目２番地"],"0660063":[1,"千歳市","幸町"],"0660082":[1,"千歳市","幸福"],"0668504":[1,"千歳市","美々","新千歳空港内"],"0668666":[1,"千歳市","東雲町","４丁目２番地"],"0660014":[1,"千歳市","青葉丘"],"0660026":[1,"千歳市","住吉"],"0660064":[1,"千歳市","錦町"],"0660013":[1,"千歳市","柏台"],"0660065":[1,"千歳市","春日町"],"0660047":[1,"千歳市","本町"],"0668558":[1,"千歳市","東雲町","３丁目２番地６"],"0660062":[1,"千歳市","千代田町"],"0668668":[1,"千歳市","北信濃","７２４番地"],"0660038":[1,"千歳市","信濃"],"0660081":[1,"千歳市","清流"],"0660067":[1,"千歳市","桂木"],"0668566":[1,"千歳市","泉沢","１００７番地１７６"],"0668567":[1,"千歳市","北信濃","７７９番地４"],"0660281":[1,"千歳市","支笏湖温泉"],"0660068":[1,"千歳市","蘭越"],"0660045":[1,"千歳市","真々地"],"0668686":[1,"千歳市","東雲町","２丁目３４番地"],"0660061":[1,"千歳市","栄町"],"0660284":[1,"千歳市","支寒内"],"0668515":[1,"千歳市","高台","５丁目１番１５号"],"0668655":[1,"千歳市","千代田町","５丁目７番地１号"],"0668502":[1,"千歳市","上長都","１０３７の２"],"0660035":[1,"千歳市","高台"],"0660022":[1,"千歳市","豊里"],"0660003":[1,"千歳市","都"],"0668660":[1,"千歳市","末広","１丁目４－８"],"0660054":[1,"千歳市","柏陽"],"0660004":[1,"千歳市","泉郷"],"0660025":[1,"千歳市","梅ケ丘"],"0660074":[1,"千歳市","緑町"],"0660024":[1,"千歳市","弥生"],"0660286":[1,"千歳市","奥潭"],"0660006":[1,"千歳市","祝梅"],"0660285":[1,"千歳市","美笛"],"0660071":[1,"千歳市","桜木"],"0668508":[1,"千歳市","幸町","１丁目９"],"0668533":[1,"千歳市","泉沢","１００７－３９"],"0660055":[1,"千歳市","里美"],"0660029":[1,"千歳市","稲穂"],"0660076":[1,"千歳市","あずさ"],"0660083":[1,"千歳市","みどり台北"],"0660073":[1,"千歳市","北斗"],"0660271":[1,"苫小牧市","丸山"],"0660037":[1,"千歳市","新富"],"0660078":[1,"千歳市","勇舞"],"0660023":[1,"千歳市","寿"],"0660046":[1,"千歳市","真町"],"0660084":[1,"千歳市","みどり台南"],"0660007":[1,"千歳市","中央"],"0660005":[1,"千歳市","協和"],"0668611":[1,"千歳市","北陽","２丁目１０番地"],"0660075":[1,"千歳市","北信濃"],"0660002":[1,"千歳市","釜加"],"0660021":[1,"千歳市","東郊"],"0668601":[1,"千歳市","錦町","３丁目３番地"],"0668639":[1,"千歳市","上長都","９６３番地４"],"0660001":[1,"千歳市","長都"],"0660009":[1,"千歳市","柏台南"],"0668501":[1,"千歳市","北栄","１丁目４番１号"],"0660039":[1,"千歳市","富士"],"0660018":[1,"千歳市","旭ケ丘"],"0660015":[1,"千歳市","青葉"],"0660032":[1,"千歳市","北陽"],"0660052":[1,"千歳市","文京"],"0668637":[1,"千歳市","北栄","２丁目１３４５番地３１"],"0668649":[1,"千歳市","美々","新千歳空港内"],"0668577":[1,"千歳市","祝梅","１０１６"],"0660053":[1,"千歳市","福住"],"0660069":[1,"千歳市","新星"],"0660036":[1,"千歳市","北栄"],"0660016":[1,"千歳市","日の出丘"],"0668787":[1,"千歳市","美々","７５８番地１７３"],"0668557":[1,"千歳市","栄町","６丁目"],"0660077":[1,"千歳市","上長都"],"0668520":[1,"千歳市","本町","４丁目４番地４"],"0660287":[1,"千歳市","幌美内"],"0668622":[1,"千歳市","泉沢","１００７番地９５"],"0660033":[1,"千歳市","北光"],"0660283":[1,"千歳市","モラップ"],"0668588":[1,"千歳市","北信濃","８６７番地"],"0660012":[1,"千歳市","美々"],"0660282":[1,"千歳市","水明郷"],"0668585":[1,"千歳市","上長都","１０５３番地２"],"0668711":[1,"千歳市","上長都","９４９番地１"],"0660017":[1,"千歳市","日の出"],"0668512":[1,"千歳市","上長都","９４７番地２"],"0660027":[1,"千歳市","末広"],"0660042":[1,"千歳市","東雲町"],"0668570":[1,"千歳市","北信濃","８５７番地"],"0660000":[1,"千歳市",""],"0660011":[1,"千歳市","駒里"],"0660041":[1,"千歳市","清水町"],"0660057":[1,"千歳市","若草"],"0668550":[1,"千歳市","北光","２丁目１番１号"],"0668765":[1,"千歳市","柏台南","１丁目２－１"],"0660008":[1,"千歳市","根志越"],"0660056":[1,"千歳市","白樺"],"0660051":[1,"千歳市","泉沢"],"0660019":[1,"千歳市","流通"],"0660031":[1,"千歳市","長都駅前"],"0660043":[1,"千歳市","朝日町"],"0668610":[1,"千歳市","泉沢","１００７番３１"]}
