{"0250081":[3,"花巻市","里川口町"],"0250071":[3,"花巻市","愛宕町"],"0250037":[3,"花巻市","太田"],"0250066":[3,"花巻市","松園町"],"0250136":[3,"花巻市","横志田"],"0250253":[3,"花巻市","下シ沢"],"0250084":[3,"花巻市","桜町"],"0250244":[3,"花巻市","湯口"],"0250083":[3,"花巻市","高田"],"0250131":[3,"花巻市","轟木"],"0250078":[3,"花巻市","吹張町"],"0250014":[3,"花巻市","高松"],"0250031":[3,"花巻市","不動"],"0250032":[3,"花巻市","上諏訪"],"0250026":[3,"花巻市","大谷地"],"0250082":[3,"花巻市","御田屋町"],"0250393":[3,"花巻市","空港南","２丁目１８番地"],"0250137":[3,"花巻市","尻平川"],"0250011":[3,"花巻市","矢沢"],"0250087":[3,"花巻市","上町"],"0250251":[3,"花巻市","豊沢"],"0250074":[3,"花巻市","坂本町"],"0250252":[3,"花巻市","鉛"],"0250315":[3,"花巻市","二枚橋町南"],"0250035":[3,"花巻市","実相寺"],"0250016":[3,"花巻市","高木"],"0250023":[3,"花巻市","成田"],"0250072":[3,"花巻市","四日町"],"0250041":[3,"花巻市","膝立"],"0250314":[3,"花巻市","二枚橋町大通り"],"0250091":[3,"花巻市","西大通り"],"0250033":[3,"花巻市","諏訪"],"0250313":[3,"花巻市","二枚橋町北"],"0250096":[3,"花巻市","藤沢町"],"0250065":[3,"花巻市","星が丘"],"0250073":[3,"花巻市","一日市"],"0250056":[3,"花巻市","上北万丁目"],"0250098":[3,"花巻市","材木町"],"0250061":[3,"花巻市","本館"],"0250013":[3,"花巻市","幸田"],"0250134":[3,"花巻市","南笹間"],"0250075":[3,"花巻市","花城町"],"0250042":[3,"花巻市","円万寺"],"0250058":[3,"花巻市","一本杉"],"0250051":[3,"花巻市","南新田"],"0250057":[3,"花巻市","新田"],"0250135":[3,"花巻市","栃内"],"0250097":[3,"花巻市","若葉町"],"0250324":[3,"花巻市","小瀬川"],"0250007":[3,"花巻市","上似内"],"0250012":[3,"花巻市","胡四王"],"0250006":[3,"花巻市","下似内"],"0250067":[3,"花巻市","浅沢"],"0250064":[3,"花巻市","桜台"],"0250321":[3,"花巻市","金矢"],"0250079":[3,"花巻市","末広町"],"0250039":[3,"花巻市","諏訪町"],"0250052":[3,"花巻市","野田"],"0250004":[3,"花巻市","葛"],"0250133":[3,"花巻市","中笹間"],"0250086":[3,"花巻市","鍛治町"],"0250022":[3,"花巻市","十二丁目"],"0250053":[3,"花巻市","中北万丁目"],"0250044":[3,"花巻市","湯口"],"0250094":[3,"花巻市","桜木町"],"0250068":[3,"花巻市","下幅"],"0250085":[3,"花巻市","双葉町"],"0250093":[3,"花巻市","南川原町"],"0250062":[3,"花巻市","上小舟渡"],"0250008":[3,"花巻市","空港南"],"0250076":[3,"花巻市","城内"],"0250002":[3,"花巻市","西宮野目"],"0250015":[3,"花巻市","東十二丁目"],"0250301":[3,"花巻市","北湯口"],"0250092":[3,"花巻市","大通り"],"0250311":[3,"花巻市","卸町"],"0250046":[3,"花巻市","鍋倉"],"0250005":[3,"花巻市","田力"],"0250302":[3,"花巻市","糠塚"],"0250045":[3,"花巻市","西晴山"],"0250095":[3,"花巻市","石神町"],"0250323":[3,"花巻市","椚ノ目"],"0250305":[3,"花巻市","台"],"0250312":[3,"花巻市","二枚橋"],"0250089":[3,"花巻市","豊沢町"],"0250001":[3,"花巻市","天下田"],"0250394":[3,"花巻市","大畑","第１０地割１０９"],"0250322":[3,"花巻市","狼沢"],"0250038":[3,"花巻市","不動町"],"0250036":[3,"花巻市","中根子"],"0250025":[3,"花巻市","下根子"],"0250392":[3,"花巻市","湯本","第１地割１２５"],"0258601":[3,"花巻市","花城町","９－３０"],"0250003":[3,"花巻市","東宮野目"],"0250054":[3,"花巻市","下北万丁目"],"0250063":[3,"花巻市","下小舟渡"],"0250024":[3,"花巻市","山の神"],"0250034":[3,"花巻市","南諏訪町"],"0250088":[3,"花巻市","東町"],"0250055":[3,"花巻市","南万丁目"],"0250303":[3,"花巻市","大畑"],"0250132":[3,"花巻市","北笹間"],"0250021":[3,"花巻市","南城"],"0258602":[3,"花巻市","材木町","８－２０"],"0250043":[3,"花巻市","上根子"],"0250395":[3,"花巻市","北湯口","第２地割８２－１"],"0250304":[3,"花巻市","湯本"],"0250000":[3,"花巻市",""],"0250077":[3,"花巻市","仲町"]}
