{"2618588":[12,"千葉市美浜区","中瀬","１－９－３"],"2617105":[12,"千葉市美浜区","中瀬ワールドビジネスガーデン"],"2618521":[12,"千葉市美浜区","幸町","１丁目２１－１９"],"2618566":[12,"千葉市美浜区","中瀬","１丁目９－１"],"2618522":[12,"千葉市美浜区","中瀬","１－１"],"2610012":[12,"千葉市美浜区","磯辺"],"2610021":[12,"千葉市美浜区","ひび野"],"2618544":[12,"千葉市美浜区","中瀬","１－７－２"],"2610022":[12,"千葉市美浜区","美浜"],"2610014":[12,"千葉市美浜区","若葉"],"2618554":[12,"千葉市美浜区","中瀬","１丁目３幕張テクノガーデンＤ棟２１階"],"2617135":[12,"千葉市美浜区","中瀬ワールドビジネスガーデン"],"2610002":[12,"千葉市美浜区","新港"],"2618733":[12,"千葉市美浜区","真砂","５丁目１５番１号"],"2618513":[12,"千葉市美浜区","高洲","３－１３－１"],"2617113":[12,"千葉市美浜区","中瀬ワールドビジネスガーデン"],"2617120":[12,"千葉市美浜区","中瀬ワールドビジネスガーデン"],"2618555":[12,"千葉市美浜区","中瀬","１丁目３"],"2618582":[12,"千葉市美浜区","真砂","５丁目１５番１号"],"2617124":[12,"千葉市美浜区","中瀬ワールドビジネスガーデン"],"2617111":[12,"千葉市美浜区","中瀬ワールドビジネスガーデン"],"2618581":[12,"千葉市美浜区","真砂","５丁目１５－２"],"2618508":[12,"千葉市美浜区","真砂","４－１－４"],"2617107":[12,"千葉市美浜区","中瀬ワールドビジネスガーデン"],"2618552":[12,"千葉市美浜区","中瀬","１丁目３"],"2610024":[12,"千葉市美浜区","豊砂"],"2610001":[12,"千葉市美浜区","幸町"],"2618587":[12,"千葉市美浜区","美浜","１"],"2610023":[12,"千葉市美浜区","中瀬"],"2617134":[12,"千葉市美浜区","中瀬ワールドビジネスガーデン"],"2617126":[12,"千葉市美浜区","中瀬ワールドビジネスガーデン"],"2617103":[12,"千葉市美浜区","中瀬ワールドビジネスガーデン"],"2618585":[12,"千葉市美浜区","稲毛海岸","４丁目５番１号"],"2618512":[12,"千葉市美浜区","幸町","１丁目６－５"],"2610000":[12,"千葉市美浜区",""],"2617115":[12,"千葉市美浜区","中瀬ワールドビジネスガーデン"],"2617112":[12,"千葉市美浜区","中瀬ワールドビジネスガーデン"],"2617131":[12,"千葉市美浜区","中瀬ワールドビジネスガーデン"],"2617117":[12,"千葉市美浜区","中瀬ワールドビジネスガーデン"],"2618520":[12,"千葉市美浜区","中瀬","１丁目９番２号"],"2617123":[12,"千葉市美浜区","中瀬ワールドビジネスガーデン"],"2617133":[12,"千葉市美浜区","中瀬ワールドビジネスガーデン"],"2617121":[12,"千葉市美浜区","中瀬ワールドビジネスガーデン"],"2617116":[12,"千葉市美浜区","中瀬ワールドビジネスガーデン"],"2618686":[12,"千葉市美浜区","若葉","２丁目１１"],"2617110":[12,"千葉市美浜区","中瀬ワールドビジネスガーデン"],"2617109":[12,"千葉市美浜区","中瀬ワールドビジネスガーデン"],"2610026":[12,"千葉市美浜区","幕張西"],"2618515":[12,"千葉市美浜区","中瀬","１丁目５－１"],"2618545":[12,"千葉市美浜区","若葉","３－２－２"],"2618507":[12,"千葉市美浜区","中瀬","１－８"],"2610005":[12,"千葉市美浜区","稲毛海岸"],"2617122":[12,"千葉市美浜区","中瀬ワールドビジネスガーデン"],"2617127":[12,"千葉市美浜区","中瀬ワールドビジネスガーデン"],"2617129":[12,"千葉市美浜区","中瀬ワールドビジネスガーデン"],"2617132":[12,"千葉市美浜区","中瀬ワールドビジネスガーデン"],"2618530":[12,"千葉市美浜区","新港","２２"],"2617102":[12,"千葉市美浜区","中瀬ワールドビジネスガーデン"],"2618502":[12,"千葉市美浜区","真砂","１丁目２－２"],"2610013":[12,"千葉市美浜区","打瀬"],"2617114":[12,"千葉市美浜区","中瀬ワールドビジネスガーデン"],"2617108":[12,"千葉市美浜区","中瀬ワールドビジネスガーデン"],"2618503":[12,"千葉市美浜区","高洲","３－１３－２"],"2618586":[12,"千葉市美浜区","若葉","２丁目１１"],"2610025":[12,"千葉市美浜区","浜田"],"2618501":[12,"千葉市美浜区","中瀬","１丁目３"],"2618575":[12,"千葉市美浜区","中瀬","２丁目６ワールドビジネスガーデンマリブウエスト１３Ｆ"],"2617130":[12,"千葉市美浜区","中瀬ワールドビジネスガーデン"],"2617118":[12,"千葉市美浜区","中瀬ワールドビジネスガーデン"],"2618510":[12,"千葉市美浜区","中瀬","１－３"],"2617128":[12,"千葉市美浜区","中瀬ワールドビジネスガーデン"],"2618533":[12,"千葉市美浜区","ひび野","２－１－１"],"2610004":[12,"千葉市美浜区","高洲"],"2617104":[12,"千葉市美浜区","中瀬ワールドビジネスガーデン"],"2610003":[12,"千葉市美浜区","高浜"],"2618609":[12,"千葉市美浜区","幸町","１丁目１番３号"],"2610011":[12,"千葉市美浜区","真砂"],"2617101":[12,"千葉市美浜区","中瀬ワールドビジネスガーデン"],"2617125":[12,"千葉市美浜区","中瀬ワールドビジネスガーデン"],"2618558":[12,"千葉市美浜区","若葉","３－１－２"],"2617190":[12,"千葉市美浜区","中瀬ワールドビジネスガーデン"],"2617119":[12,"千葉市美浜区","中瀬ワールドビジネスガーデン"],"2617106":[12,"千葉市美浜区","中瀬ワールドビジネスガーデン"]}
