{"5020022":[21,"岐阜市","長良東郷町"],"5020929":[21,"岐阜市","則武東"],"5020012":[21,"岐阜市","長良志段見"],"5020015":[21,"岐阜市","雄総柳町"],"5020843":[21,"岐阜市","早田東町"],"5028521":[21,"岐阜市","正木","中１－２－１"],"5020014":[21,"岐阜市","雄総緑町"],"5020061":[21,"岐阜市","長良竜東町"],"5028501":[21,"岐阜市","正木","中１－１－１"],"5020915":[21,"岐阜市","江口"],"5020841":[21,"岐阜市","学園町"],"5020077":[21,"岐阜市","長良奥郷"],"5020803":[21,"岐阜市","上土居"],"5020027":[21,"岐阜市","長良宮口町"],"5020065":[21,"岐阜市","長良森町"],"5020905":[21,"岐阜市","山吹町"],"5020862":[21,"岐阜市","上城田寺中"],"5020035":[21,"岐阜市","長良南陽町"],"5020812":[21,"岐阜市","八代"],"5020004":[21,"岐阜市","三田洞"],"5020082":[21,"岐阜市","長良東"],"5020034":[21,"岐阜市","長良有明町"],"5020921":[21,"岐阜市","守口町"],"5020853":[21,"岐阜市","鷺山清洲町"],"5020917":[21,"岐阜市","島田"],"5020903":[21,"岐阜市","美島町"],"5020815":[21,"岐阜市","福光南町"],"5020836":[21,"岐阜市","若竹町"],"5020928":[21,"岐阜市","旦島中"],"5020823":[21,"岐阜市","光栄町"],"5020872":[21,"岐阜市","鷺山北町"],"5020847":[21,"岐阜市","早田栄町"],"5020071":[21,"岐阜市","長良"],"5020044":[21,"岐阜市","長良校文町"],"5020925":[21,"岐阜市","旦島中町"],"5020832":[21,"岐阜市","千代田町"],"5028792":[21,"岐阜市","鷺山","１７６９－３"],"5020031":[21,"岐阜市","長良大路"],"5020881":[21,"岐阜市","正木北町"],"5028567":[21,"岐阜市","長良","６４８"],"5020002":[21,"岐阜市","粟野東"],"5020802":[21,"岐阜市","打越"],"5020934":[21,"岐阜市","大福町"],"5020871":[21,"岐阜市","鷺山新町"],"5020063":[21,"岐阜市","長良一楽"],"5020936":[21,"岐阜市","萱場南"],"5020909":[21,"岐阜市","白菊町"],"5020828":[21,"岐阜市","金華町"],"5020849":[21,"岐阜市","栄新町"],"5020075":[21,"岐阜市","長良子正賀"],"5020865":[21,"岐阜市","正木西町"],"5020902":[21,"岐阜市","早田大通"],"5020851":[21,"岐阜市","鷺山"],"5020858":[21,"岐阜市","下土居"],"5020033":[21,"岐阜市","長良有楽町"],"5020041":[21,"岐阜市","長良海用町"],"5020817":[21,"岐阜市","長良福光"],"5020054":[21,"岐阜市","長良井田"],"5020047":[21,"岐阜市","長良葵町"],"5020833":[21,"岐阜市","松風町"],"5020814":[21,"岐阜市","福光西"],"5020842":[21,"岐阜市","早田"],"5020025":[21,"岐阜市","山先町"],"5020838":[21,"岐阜市","長良丘"],"5020037":[21,"岐阜市","長良金碧町"],"5020023":[21,"岐阜市","城前町"],"5020916":[21,"岐阜市","西中島"],"5020856":[21,"岐阜市","鷺山緑ケ丘新町"],"5020011":[21,"岐阜市","長良古津"],"5020850":[21,"岐阜市","鷺山東"],"5020052":[21,"岐阜市","長良小松町"],"5020906":[21,"岐阜市","池ノ上町"],"5020005":[21,"岐阜市","岩崎"],"5020863":[21,"岐阜市","上城田寺西"],"5020911":[21,"岐阜市","北島"],"5020821":[21,"岐阜市","太平町"],"5020927":[21,"岐阜市","旦島西町"],"5020029":[21,"岐阜市","長良若葉町"],"5020861":[21,"岐阜市","上城田寺南"],"5020904":[21,"岐阜市","島栄町"],"5020062":[21,"岐阜市","長良春田"],"5020922":[21,"岐阜市","明神町"],"5020051":[21,"岐阜市","長良幸和町"],"5020024":[21,"岐阜市","堀田町"],"5020939":[21,"岐阜市","則武西"],"5020813":[21,"岐阜市","福光東"],"5020032":[21,"岐阜市","長良高嶺町"],"5020826":[21,"岐阜市","楠町"],"5020045":[21,"岐阜市","長良校前町"],"5020021":[21,"岐阜市","西後町"],"5020026":[21,"岐阜市","長良桜井町"],"5020811":[21,"岐阜市","若福町"],"5020003":[21,"岐阜市","三田洞東"],"5020043":[21,"岐阜市","長良東町"],"5020846":[21,"岐阜市","津島町"],"5020066":[21,"岐阜市","長良仙田町"],"5020882":[21,"岐阜市","正木中"],"5020081":[21,"岐阜市","長良"],"5020824":[21,"岐阜市","花ノ木町"],"5020835":[21,"岐阜市","織田町"],"5020854":[21,"岐阜市","鷺山向井町"],"5020013":[21,"岐阜市","中川原"],"5020831":[21,"岐阜市","菊水町"],"5020848":[21,"岐阜市","早田本町"],"5020933":[21,"岐阜市","日光町"],"5020914":[21,"岐阜市","菅生"],"5020816":[21,"岐阜市","道三町"],"5020074":[21,"岐阜市","長良西山前"],"5020064":[21,"岐阜市","長良田中前"],"5020901":[21,"岐阜市","光町"],"5020844":[21,"岐阜市","岩倉町"],"5020937":[21,"岐阜市","萱場町"],"5020016":[21,"岐阜市","雄総桜町"],"5020007":[21,"岐阜市","粟野台"],"5020072":[21,"岐阜市","長良福泉"],"5020028":[21,"岐阜市","長良白妙町"],"5020932":[21,"岐阜市","則武中"],"5020907":[21,"岐阜市","島新町"],"5020864":[21,"岐阜市","上城田寺東"],"5020076":[21,"岐阜市","長良友瀬"],"5020924":[21,"岐阜市","旦島宮町"],"5020931":[21,"岐阜市","則武"],"5020001":[21,"岐阜市","粟野"],"5020859":[21,"岐阜市","城田寺"],"5020825":[21,"岐阜市","初日町"],"5020827":[21,"岐阜市","平和通"],"5020834":[21,"岐阜市","養老町"],"5020923":[21,"岐阜市","宮浦町"],"5020913":[21,"岐阜市","東島"],"5020908":[21,"岐阜市","近島"],"5020857":[21,"岐阜市","正木"],"5020829":[21,"岐阜市","万代町"],"5020935":[21,"岐阜市","萱場東町"],"5028558":[21,"岐阜市","長良","１３００番地７番"],"5020852":[21,"岐阜市","南蝉"],"5020926":[21,"岐阜市","旦島"],"5020036":[21,"岐阜市","長良大前町"],"5020845":[21,"岐阜市","早田町"],"5020067":[21,"岐阜市","長良西野前"],"5020073":[21,"岐阜市","長良田中"],"5020056":[21,"岐阜市","長良真生町"],"5020837":[21,"岐阜市","鵜川町"],"5020801":[21,"岐阜市","椿洞"],"5020038":[21,"岐阜市","長良法久寺町"],"5020938":[21,"岐阜市","萱場北町"],"5020866":[21,"岐阜市","正木南"],"5020912":[21,"岐阜市","西島町"],"5020055":[21,"岐阜市","長良福江町"],"5020822":[21,"岐阜市","福田町"],"5020046":[21,"岐阜市","長良杉乃町"],"5020042":[21,"岐阜市","長良城西町"],"5028511":[21,"岐阜市","岩倉町","３丁目３６"],"5020053":[21,"岐阜市","長良宮路町"],"5020006":[21,"岐阜市","粟野西"],"5020855":[21,"岐阜市","鷺山緑ケ丘"],"5020017":[21,"岐阜市","長良雄総"]}
