{"4768511":[23,"東海市","荒尾町","丸根１番地"],"4760002":[23,"東海市","名和町"],"4760006":[23,"東海市","浅山"],"4760015":[23,"東海市","東海町"],"4768510":[23,"東海市","南柴田町","ルノ割４２６－４"],"4768503":[23,"東海市","富木島町伏見","４丁目１－８"],"4768686":[23,"東海市","東海町","５丁目３番地１"],"4760012":[23,"東海市","富木島町伏見"],"4760001":[23,"東海市","南柴田町"],"4768588":[23,"東海市","富貴ノ台","２丁目１７２"],"4768501":[23,"東海市","新宝町","５０７－２"],"4760004":[23,"東海市","荒尾町水深"],"4768567":[23,"東海市","新宝町","３１番地"],"4768585":[23,"東海市","荒尾町","東屋敷１０８"],"4768533":[23,"東海市","新宝町","３３－４"],"4768577":[23,"東海市","荒尾町","甚造１５－１"],"4760013":[23,"東海市","中央町"],"4760005":[23,"東海市","新宝町"],"4768601":[23,"東海市","中央町","１丁目１"],"4760014":[23,"東海市","富貴ノ台"],"4760003":[23,"東海市","荒尾町"],"4768666":[23,"東海市","荒尾町","ワノ割１"],"4760000":[23,"東海市",""],"4760011":[23,"東海市","富木島町"]}
