{"4838505":[23,"江南市","古知野町熱田","７２"],"4838144":[23,"江南市","小郷町楽ノ山"],"4838077":[23,"江南市","草井町"],"4838202":[23,"江南市","野白町野白"],"4838357":[23,"江南市","松竹町向島"],"4838502":[23,"江南市","前野町東","２番地の１"],"4838364":[23,"江南市","河野町川西"],"4838148":[23,"江南市","布袋下山町南"],"4838036":[23,"江南市","山尻町本丸西"],"4838316":[23,"江南市","村久野町河戸"],"4838027":[23,"江南市","和田町本郷"],"4838415":[23,"江南市","東野町鐘鋳山"],"4838205":[23,"江南市","古知野町小金"],"4838057":[23,"江南市","前野町新田"],"4838227":[23,"江南市","赤童子町良原"],"4838303":[23,"江南市","宮田神明町旭"],"4838413":[23,"江南市","小杁町本郷"],"4838701":[23,"江南市","赤童子町大堀","９０"],"4838088":[23,"江南市","高屋町後山"],"4838123":[23,"江南市","曽本町幼川添"],"4838369":[23,"江南市","河野町河野"],"4838244":[23,"江南市","五明町高砂"],"4838409":[23,"江南市","小杁町長者毛西"],"4838321":[23,"江南市","村久野町瀬頭"],"4838053":[23,"江南市","前野町高島"],"4838235":[23,"江南市","布袋町中"],"4838107":[23,"江南市","石枕町白山"],"4838023":[23,"江南市","和田町二タ子"],"4838155":[23,"江南市","南山町中"],"4838405":[23,"江南市","小杁町鴨ケ池"],"4838351":[23,"江南市","松竹町切野"],"4838224":[23,"江南市","赤童子町白山"],"4838374":[23,"江南市","宮田町久保見"],"4838018":[23,"江南市","般若町中山"],"4838358":[23,"江南市","松竹町郷浦"],"4838381":[23,"江南市","後飛保町出島"],"4838045":[23,"江南市","高屋町遠場"],"4838021":[23,"江南市","和田町小島"],"4838427":[23,"江南市","東野町新田"],"4838081":[23,"江南市","高屋町上本郷"],"4838058":[23,"江南市","前野町西"],"4838428":[23,"江南市","東野町新田東"],"4838327":[23,"江南市","村久野町平野"],"4838131":[23,"江南市","小折町"],"4838365":[23,"江南市","河野町一色"],"4838184":[23,"江南市","寄木町天道"],"4838126":[23,"江南市","小折本町栄"],"4838145":[23,"江南市","小郷町西ノ山"],"4838135":[23,"江南市","小郷町粟田木"],"4838066":[23,"江南市","高屋町西町"],"4838331":[23,"江南市","古知野町高瀬"],"4838363":[23,"江南市","河野町五十間"],"4838341":[23,"江南市","前飛保町栄"],"4838111":[23,"江南市","安良町地蔵"],"4838555":[23,"江南市","古知野町朝日","２５０"],"4838263":[23,"江南市","島宮町桐野"],"4838507":[23,"江南市","村久野町瀬頭","１６３"],"4838256":[23,"江南市","中奈良町"],"4838246":[23,"江南市","五明町福森"],"4838157":[23,"江南市","北山町西"],"4838074":[23,"江南市","村久野町平松"],"4838234":[23,"江南市","布袋町北"],"4838387":[23,"江南市","後飛保町新開"],"4838012":[23,"江南市","般若町東山"],"4838273":[23,"江南市","古知野町本郷"],"4838163":[23,"江南市","木賀東町新宮"],"4838215":[23,"江南市","古知野町大塔"],"4838104":[23,"江南市","力長町大当寺"],"4838173":[23,"江南市","尾崎町桐野"],"4838318":[23,"江南市","村久野町宮出"],"4838269":[23,"江南市","島宮町巡見"],"4838054":[23,"江南市","前野町南"],"4838112":[23,"江南市","安良町池尻"],"4838206":[23,"江南市","古知野町千丸"],"4838267":[23,"江南市","島宮町郷内"],"4838037":[23,"江南市","勝佐町"],"4838277":[23,"江南市","古知野町福寿"],"4838166":[23,"江南市","赤童子町南山"],"4838176":[23,"江南市","北野町"],"4838251":[23,"江南市","大間町新町"],"4838421":[23,"江南市","東野町郷前"],"4838005":[23,"江南市","草井町宮西"],"4838377":[23,"江南市","宮田町本田島"],"4838032":[23,"江南市","山尻町大桑"],"4838141":[23,"江南市","布袋町西布"],"4838253":[23,"江南市","木賀町杉"],"4838431":[23,"江南市","東野町神田"],"4838371":[23,"江南市","宮田町河沼"],"4838175":[23,"江南市","北野町天神"],"4838419":[23,"江南市","東野町七社宮"],"4838337":[23,"江南市","藤ケ丘"],"4838171":[23,"江南市","尾崎町若竹"],"4838048":[23,"江南市","江森町中"],"4838302":[23,"江南市","宮田神明町天王"],"4838238":[23,"江南市","木賀本郷町南"],"4838356":[23,"江南市","松竹町西松竹"],"4838137":[23,"江南市","小折町"],"4838201":[23,"江南市","野白町葭場"],"4838113":[23,"江南市","天王町五反林"],"4838315":[23,"江南市","村久野町大門"],"4838052":[23,"江南市","前野町東"],"4838044":[23,"江南市","宮後町"],"4838416":[23,"江南市","東野町長幡寺"],"4838161":[23,"江南市","尾崎町上田"],"4838423":[23,"江南市","東野町郷前西"],"4838026":[23,"江南市","和田町中畑"],"4838308":[23,"江南市","宮田神明町春日"],"4838204":[23,"江南市","野白町東千丸"],"4838223":[23,"江南市","赤童子町御宿"],"4838063":[23,"江南市","高屋町八幡"],"4838006":[23,"江南市","草井町中"],"4838346":[23,"江南市","後飛保町平野"],"4838028":[23,"江南市","和田町中"],"4838001":[23,"江南市","中般若町東"],"4838324":[23,"江南市","村久野町南大門"],"4838038":[23,"江南市","山尻町本丸"],"4838127":[23,"江南市","小折本町小松原"],"4838386":[23,"江南市","後飛保町西町"],"4838401":[23,"江南市","慈光堂町北"],"4838226":[23,"江南市","赤童子町大間"],"4838156":[23,"江南市","南山町西"],"4838103":[23,"江南市","力長町宮前"],"4838017":[23,"江南市","般若町前山"],"4838412":[23,"江南市","小杁町寺ノ内"],"4838425":[23,"江南市","東野町河戸"],"4838367":[23,"江南市","宮田町南野"],"4838213":[23,"江南市","古知野町朝日"],"4838368":[23,"江南市","宮田町南野東"],"4838146":[23,"江南市","布袋下山町西"],"4838304":[23,"江南市","宮田神明町栄"],"4838004":[23,"江南市","草井町宮東"],"4838404":[23,"江南市","小杁町林"],"4838116":[23,"江南市","安良町八王子"],"4838022":[23,"江南市","和田町旭"],"4838264":[23,"江南市","島宮町城"],"4838084":[23,"江南市","高屋町御日塚"],"4838108":[23,"江南市","力長町神明"],"4838362":[23,"江南市","河野町小脇"],"4838149":[23,"江南市","小郷町手保ノ木"],"4838182":[23,"江南市","今市場町宮前"],"4838087":[23,"江南市","高屋町北上"],"4838233":[23,"江南市","木賀町大門"],"4838268":[23,"江南市","島宮町水堀"],"4838061":[23,"江南市","高屋町清水"],"4838385":[23,"江南市","後飛保町中町"],"4838333":[23,"江南市","飛高町泉"],"4838301":[23,"江南市","宮田神明町緑"],"4838424":[23,"江南市","東野町西出"],"4838328":[23,"江南市","村久野町鈴道"],"4838035":[23,"江南市","高屋町大門"],"4838345":[23,"江南市","後飛保町高瀬"],"4838252":[23,"江南市","大間町南大間"],"4838243":[23,"江南市","五明町石橋"],"4838307":[23,"江南市","宮田町新田"],"4838136":[23,"江南市","小折町"],"4838013":[23,"江南市","般若町南山"],"4838704":[23,"江南市","高屋町大松原","１３７番地"],"4838334":[23,"江南市","前飛保町緑ケ丘"],"4838031":[23,"江南市","山尻町朝日"],"4838278":[23,"江南市","古知野町牧森"],"4838313":[23,"江南市","村久野町中郷"],"4838212":[23,"江南市","古知野町瑞穂"],"4838124":[23,"江南市","小折本町白山"],"4838172":[23,"江南市","尾崎町白山"],"4838376":[23,"江南市","宮田町藤ノ森"],"4838142":[23,"江南市","布袋下山町東"],"4838274":[23,"江南市","古知野町広見"],"4838257":[23,"江南市","上奈良町"],"4838222":[23,"江南市","赤童子町藤宮"],"4838211":[23,"江南市","古知野町杉山"],"4838373":[23,"江南市","宮田町菖蒲池"],"4838043":[23,"江南市","江森町南"],"4838314":[23,"江南市","村久野町寺町"],"4838138":[23,"江南市","田代町郷中"],"4838254":[23,"江南市","木賀町新開"],"4838177":[23,"江南市","北野町川石"],"4838319":[23,"江南市","村久野町寺東"],"4838187":[23,"江南市","大海道町青木"],"4838065":[23,"江南市","高屋町旭"],"4838332":[23,"江南市","飛高町門野"],"4838384":[23,"江南市","後飛保町宮前"],"4838168":[23,"江南市","尾崎町屋敷"],"4838047":[23,"江南市","高屋町大師"],"4838114":[23,"江南市","天王町駒野"],"4838165":[23,"江南市","赤童子町福住"],"4838071":[23,"江南市","草井町中野"],"4838207":[23,"江南市","古知野町熱田"],"4838014":[23,"江南市","和田町川東"],"4838133":[23,"江南市","田代町西ノ丸"],"4838349":[23,"江南市","前飛保町西町"],"4838069":[23,"江南市","飛高町宮町"],"4838323":[23,"江南市","村久野町門弟山"],"4838086":[23,"江南市","高屋町大松原"],"4838247":[23,"江南市","五明町太子堂"],"4838029":[23,"江南市","和田町栄"],"4838259":[23,"江南市","上奈良町"],"4838055":[23,"江南市","山王町"],"4838383":[23,"江南市","後飛保町前川"],"4838217":[23,"江南市","古知野町古渡"],"4838389":[23,"江南市","後飛保町両家"],"4838188":[23,"江南市","今市場町美和"],"4838007":[23,"江南市","草井町西"],"4838109":[23,"江南市","力長町神出"],"4838102":[23,"江南市","力長町若宮"],"4838265":[23,"江南市","島宮町四日市場"],"4838128":[23,"江南市","小折本町柳橋"],"4838417":[23,"江南市","東野町烏森"],"4838338":[23,"江南市","前飛保町藤町"],"4838411":[23,"江南市","小杁町八幡"],"4838402":[23,"江南市","慈光堂町南"],"4838132":[23,"江南市","田代町南出"],"4838237":[23,"江南市","布袋町西"],"4838312":[23,"江南市","村久野町金森"],"4838083":[23,"江南市","高屋町中屋舗"],"4838305":[23,"江南市","宮田町生原"],"4838153":[23,"江南市","北山町東"],"4838429":[23,"江南市","東野町西神田"],"4838355":[23,"江南市","松竹町西瀬古"],"4838388":[23,"江南市","後飛保町本郷"],"4838232":[23,"江南市","木賀本郷町緑"],"4838121":[23,"江南市","曽本町二子"],"4838375":[23,"江南市","宮田町泉"],"4838325":[23,"江南市","村久野町冨士塚"],"4838407":[23,"江南市","小杁町明土"],"4838183":[23,"江南市","今市場町高根"],"4838034":[23,"江南市","江森町西"],"4838322":[23,"江南市","村久野町鳥附"],"4838025":[23,"江南市","和田町宮"],"4838016":[23,"江南市","和田町西島"],"4838076":[23,"江南市","村久野町上原"],"4838239":[23,"江南市","木賀本郷町西"],"4838051":[23,"江南市","前野町新田北"],"4838003":[23,"江南市","草井町大野"],"4838242":[23,"江南市","五明町根場"],"4838056":[23,"江南市","宮後町清水"],"4838147":[23,"江南市","布袋下山町北"],"4838152":[23,"江南市","寄木町稲木"],"4838317":[23,"江南市","村久野町藤里"],"4838275":[23,"江南市","古知野町久保見"],"4838379":[23,"江南市","宮田町本郷"],"4838361":[23,"江南市","宮田町平和"],"4838181":[23,"江南市","今市場町秋津"],"4838353":[23,"江南市","松竹町元屋敷"],"4830000":[23,"江南市",""],"4838258":[23,"江南市","上奈良町"],"4838271":[23,"江南市","古知野町桃源"],"4838117":[23,"江南市","安良町上郷"],"4838433":[23,"江南市","東野町岩見"],"4838151":[23,"江南市","寄木町白山"],"4838403":[23,"江南市","小杁町千代見"],"4838208":[23,"江南市","古知野町花霞"],"4838134":[23,"江南市","小折町"],"4838426":[23,"江南市","東野町河原"],"4838359":[23,"江南市","松竹町東瀬古"],"4838186":[23,"江南市","大海道町中里"],"4838221":[23,"江南市","赤童子町大堀"],"4838115":[23,"江南市","安良町宮前"],"4838352":[23,"江南市","松竹町高山"],"4838276":[23,"江南市","古知野町宮前"],"4838414":[23,"江南市","小杁町一色"],"4838159":[23,"江南市","寄木町秋葉"],"4838344":[23,"江南市","後飛保町東高瀬"],"4838118":[23,"江南市","安良町郷中"],"4838164":[23,"江南市","木賀東町新塚"],"4838372":[23,"江南市","宮田町宮東"],"4838105":[23,"江南市","力長町社宮司"],"4838348":[23,"江南市","前飛保町河原"],"4838236":[23,"江南市","布袋町南"],"4838106":[23,"江南市","石枕町神明"],"4838008":[23,"江南市","鹿子島町"],"4838335":[23,"江南市","前飛保町寺前"],"4838015":[23,"江南市","和田町中島"],"4838203":[23,"江南市","野白町西千丸"],"4838101":[23,"江南市","力長町観音寺"],"4838068":[23,"江南市","飛高町本町"],"4838225":[23,"江南市","赤童子町栄"],"4838418":[23,"江南市","東野町米野"],"4838085":[23,"江南市","高屋町西里"],"4838143":[23,"江南市","小郷町伍大力"],"4838046":[23,"江南市","高屋町花戸"],"4838125":[23,"江南市","小折東町旭"],"4838154":[23,"江南市","南山町東"],"4838366":[23,"江南市","河野町管竹"],"4838422":[23,"江南市","東野町神上"],"4838354":[23,"江南市","松竹町八幡"],"4838343":[23,"江南市","松竹町米野"],"4838067":[23,"江南市","飛高町中町"],"4838002":[23,"江南市","中般若町西"],"4838185":[23,"江南市","大海道町神明"],"4838272":[23,"江南市","古知野町北屋敷"],"4838082":[23,"江南市","高屋町本郷"],"4838432":[23,"江南市","東野町東神田"],"4838062":[23,"江南市","高屋町神戸"],"4838262":[23,"江南市","島宮町吉原"],"4838241":[23,"江南市","五明町青木"],"4838306":[23,"江南市","宮田町中島"],"4838216":[23,"江南市","古知野町塔塚"],"4838339":[23,"江南市","飛高町"],"4838406":[23,"江南市","小脇町小脇"],"4838214":[23,"江南市","古知野町日の出"],"4838255":[23,"江南市","木賀町定和"],"4838279":[23,"江南市","古知野町宮裏"],"4838075":[23,"江南市","村久野町平河"],"4838336":[23,"江南市","前飛保町寺町"],"4838033":[23,"江南市","山尻町川端"],"4838311":[23,"江南市","村久野町九郷"],"4838408":[23,"江南市","小杁町長者毛東"],"4838342":[23,"江南市","松竹町上野"],"4838382":[23,"江南市","後飛保町薬師"],"4838378":[23,"江南市","宮田町四ツ谷"],"4838162":[23,"江南市","尾崎町河原"],"4838011":[23,"江南市","般若町宮山"],"4838064":[23,"江南市","高屋町十六田"],"4838158":[23,"江南市","布袋町東"],"4838245":[23,"江南市","五明町大膳"],"4838174":[23,"江南市","北野町小松"],"4838228":[23,"江南市","赤童子町桜道"],"4838042":[23,"江南市","江森町東"],"4838041":[23,"江南市","江森町上"],"4838249":[23,"江南市","五明町当光地"],"4838347":[23,"江南市","後飛保町神明野"],"4838248":[23,"江南市","五明町天王"],"4838266":[23,"江南市","島宮町西之宮"],"4838231":[23,"江南市","木賀本郷町東"],"4838024":[23,"江南市","和田町天神"],"4838167":[23,"江南市","赤童子町南野"],"4838072":[23,"江南市","草井町若草"],"4838122":[23,"江南市","曽本町二子前"],"4838326":[23,"江南市","村久野町仲原"]}
