{"5230027":[25,"近江八幡市","東川町"],"5230016":[25,"近江八幡市","千僧供町"],"5230808":[25,"近江八幡市","長命寺町"],"5230024":[25,"近江八幡市","浄土寺町"],"5230044":[25,"近江八幡市","篠原町"],"5230865":[25,"近江八幡市","為心町中"],"5230022":[25,"近江八幡市","馬淵町"],"5230058":[25,"近江八幡市","加茂町"],"5230052":[25,"近江八幡市","赤尾町"],"5230087":[25,"近江八幡市","北津田町"],"5230076":[25,"近江八幡市","佐波江町"],"5230874":[25,"近江八幡市","小幡町中"],"5230011":[25,"近江八幡市","友定町"],"5230803":[25,"近江八幡市","白王町"],"5230856":[25,"近江八幡市","音羽町"],"5230895":[25,"近江八幡市","宇津呂町"],"5230821":[25,"近江八幡市","多賀町"],"5230818":[25,"近江八幡市","西本郷町東"],"5230837":[25,"近江八幡市","大杉町"],"5230805":[25,"近江八幡市","円山町"],"5230846":[25,"近江八幡市","博労町上"],"5230832":[25,"近江八幡市","江南町"],"5238558":[25,"近江八幡市","宮内町","３番地"],"5238515":[25,"近江八幡市","魚屋町元","２９"],"5230844":[25,"近江八幡市","博労町元"],"5230064":[25,"近江八幡市","小田町"],"5238502":[25,"近江八幡市","桜宮町","２４３－２"],"5230004":[25,"近江八幡市","西生来町"],"5230003":[25,"近江八幡市","御所内町"],"5230875":[25,"近江八幡市","小幡町上"],"5230842":[25,"近江八幡市","慈恩寺町中"],"5230824":[25,"近江八幡市","大工町"],"5230812":[25,"近江八幡市","杉森町"],"5230861":[25,"近江八幡市","仲屋町元"],"5230056":[25,"近江八幡市","古川町"],"5230828":[25,"近江八幡市","宮内町"],"5230041":[25,"近江八幡市","中小森町"],"5230852":[25,"近江八幡市","鍵之手町"],"5230848":[25,"近江八幡市","永原町中"],"5230816":[25,"近江八幡市","西庄町"],"5230863":[25,"近江八幡市","仲屋町上"],"5230073":[25,"近江八幡市","元水茎町"],"5238503":[25,"近江八幡市","鷹飼町","７４４"],"5230061":[25,"近江八幡市","江頭町"],"5230834":[25,"近江八幡市","東畳屋町"],"5230867":[25,"近江八幡市","魚屋町元"],"5230815":[25,"近江八幡市","若葉町"],"5230013":[25,"近江八幡市","長光寺町"],"5230893":[25,"近江八幡市","桜宮町"],"5230888":[25,"近江八幡市","孫平治町"],"5230876":[25,"近江八幡市","本町"],"5238510":[25,"近江八幡市","古川町","１４１４"],"5230082":[25,"近江八幡市","土田町"],"5230081":[25,"近江八幡市","新栄町"],"5230054":[25,"近江八幡市","森尻町"],"5230892":[25,"近江八幡市","出町"],"5230881":[25,"近江八幡市","佐久間町"],"5230814":[25,"近江八幡市","南本郷町"],"5230872":[25,"近江八幡市","玉木町"],"5230035":[25,"近江八幡市","東横関町"],"5230063":[25,"近江八幡市","十王町"],"5230042":[25,"近江八幡市","大森町"],"5230085":[25,"近江八幡市","南津田町"],"5230074":[25,"近江八幡市","水茎町"],"5230037":[25,"近江八幡市","東町"],"5230885":[25,"近江八幡市","板屋町"],"5230086":[25,"近江八幡市","津田町"],"5230802":[25,"近江八幡市","大中町"],"5230855":[25,"近江八幡市","縄手町末"],"5230045":[25,"近江八幡市","安養寺町"],"5230051":[25,"近江八幡市","八木町"],"5230806":[25,"近江八幡市","北之庄町"],"5230891":[25,"近江八幡市","鷹飼町"],"5230021":[25,"近江八幡市","長福寺町"],"5230807":[25,"近江八幡市","中之庄町"],"5230005":[25,"近江八幡市","末広町"],"5230869":[25,"近江八幡市","魚屋町上"],"5230831":[25,"近江八幡市","玉屋町"],"5230034":[25,"近江八幡市","若宮町"],"5230811":[25,"近江八幡市","長田町"],"5230851":[25,"近江八幡市","市井町"],"5230032":[25,"近江八幡市","白鳥町"],"5230043":[25,"近江八幡市","池田本町"],"5230053":[25,"近江八幡市","益田町"],"5230015":[25,"近江八幡市","上田町"],"5230847":[25,"近江八幡市","永原町元"],"5238523":[25,"近江八幡市","北之庄町","４９２"],"5230000":[25,"近江八幡市",""],"5230801":[25,"近江八幡市","沖島町"],"5230822":[25,"近江八幡市","船町"],"5230882":[25,"近江八幡市","元玉屋町"],"5230026":[25,"近江八幡市","上畑町"],"5230002":[25,"近江八幡市","野田町"],"5238501":[25,"近江八幡市","桜宮町","２３６"],"5238555":[25,"近江八幡市","北之庄町","９０８"],"5230825":[25,"近江八幡市","新左衛門町"],"5230057":[25,"近江八幡市","田中江町"],"5230048":[25,"近江八幡市","緑町"],"5230055":[25,"近江八幡市","柳町"],"5230883":[25,"近江八幡市","北元町"],"5230854":[25,"近江八幡市","縄手町中"],"5230823":[25,"近江八幡市","生須町"],"5230841":[25,"近江八幡市","慈恩寺町元"],"5230862":[25,"近江八幡市","仲屋町中"],"5230836":[25,"近江八幡市","間之町"],"5230898":[25,"近江八幡市","鷹飼町南"],"5230849":[25,"近江八幡市","永原町上"],"5230827":[25,"近江八幡市","鉄炮町"],"5230075":[25,"近江八幡市","野村町"],"5230884":[25,"近江八幡市","北末町"],"5230014":[25,"近江八幡市","西宿町"],"5230047":[25,"近江八幡市","川原町"],"5230897":[25,"近江八幡市","鷹飼町東"],"5230889":[25,"近江八幡市","日杉町"],"5230835":[25,"近江八幡市","西畳屋町"],"5230833":[25,"近江八幡市","鍜治屋町"],"5230864":[25,"近江八幡市","為心町元"],"5230817":[25,"近江八幡市","浅小井町"],"5230036":[25,"近江八幡市","竹町"],"5230871":[25,"近江八幡市","新町"],"5238651":[25,"近江八幡市","桜宮町","１９８"],"5230868":[25,"近江八幡市","魚屋町中"],"5230853":[25,"近江八幡市","縄手町元"],"5230843":[25,"近江八幡市","慈恩寺町上"],"5230877":[25,"近江八幡市","池田町"],"5230001":[25,"近江八幡市","金剛寺町"],"5230826":[25,"近江八幡市","薬師町"],"5230084":[25,"近江八幡市","船木町"],"5230071":[25,"近江八幡市","大房町"],"5230857":[25,"近江八幡市","八幡町"],"5230062":[25,"近江八幡市","丸の内町"],"5230886":[25,"近江八幡市","西末町"],"5230887":[25,"近江八幡市","西元町"],"5230046":[25,"近江八幡市","上野町"],"5230813":[25,"近江八幡市","西本郷町"],"5230845":[25,"近江八幡市","博労町中"],"5230896":[25,"近江八幡市","鷹飼町北"],"5230819":[25,"近江八幡市","西本郷町西"],"5230023":[25,"近江八幡市","倉橋部町"],"5230866":[25,"近江八幡市","為心町上"],"5230033":[25,"近江八幡市","日吉野町"],"5230873":[25,"近江八幡市","正神町"],"5230804":[25,"近江八幡市","島町"],"5230083":[25,"近江八幡市","小船木町"],"5230025":[25,"近江八幡市","新巻町"],"5230072":[25,"近江八幡市","牧町"],"5230031":[25,"近江八幡市","堀上町"],"5230012":[25,"近江八幡市","武佐町"],"5230894":[25,"近江八幡市","中村町"]}
