{"1330064":[13,"江戸川区","下篠崎町"],"1330056":[13,"江戸川区","南小岩"],"1330042":[13,"江戸川区","興宮町"],"1330054":[13,"江戸川区","上篠崎"],"1330065":[13,"江戸川区","南篠崎町"],"1330057":[13,"江戸川区","西小岩"],"1330055":[13,"江戸川区","西篠崎"],"1338580":[13,"江戸川区","東篠崎","２丁目３－３"],"1338501":[13,"江戸川区","上一色","３丁目２２－１"],"1330072":[13,"江戸川区","鹿骨町"],"1338558":[13,"江戸川区","東松本","２丁目１７－９"],"1338706":[13,"江戸川区","一之江","１丁目１９－８"],"1330062":[13,"江戸川区","東篠崎町"],"1330044":[13,"江戸川区","本一色"],"1330002":[13,"江戸川区","谷河内"],"1330061":[13,"江戸川区","篠崎町"],"1338704":[13,"江戸川区","南小岩","７丁目２２－６"],"1338552":[13,"江戸川区","東小岩","５丁目２２－１"],"1330053":[13,"江戸川区","北篠崎"],"1338511":[13,"江戸川区","東篠崎","２丁目３－２"],"1330073":[13,"江戸川区","鹿骨"],"1338585":[13,"江戸川区","西小岩","５丁目７－１"],"1330052":[13,"江戸川区","東小岩"],"1330043":[13,"江戸川区","松本"],"1330041":[13,"江戸川区","上一色"],"1330051":[13,"江戸川区","北小岩"],"1338553":[13,"江戸川区","東小岩","５丁目４－１２"],"1330071":[13,"江戸川区","東松本"],"1330063":[13,"江戸川区","東篠崎"]}
