{"3470103":[11,"加須市","牛重"],"3470104":[11,"加須市","根古屋"],"3478504":[11,"加須市","大字水深","字大立野２０００"],"3470031":[11,"加須市","南町"],"3470065":[11,"加須市","元町"],"3470001":[11,"加須市","大越"],"3470003":[11,"加須市","上樋遣川"],"3478550":[11,"加須市","南篠崎","１丁目２番地３"],"3470105":[11,"加須市","騎西"],"3470045":[11,"加須市","富士見町"],"3470114":[11,"加須市","中種足"],"3470034":[11,"加須市","常泉"],"3470017":[11,"加須市","南篠崎"],"3470015":[11,"加須市","南大桑"],"3470011":[11,"加須市","北小浜"],"3470061":[11,"加須市","諏訪"],"3470018":[11,"加須市","浜町"],"3470046":[11,"加須市","平永"],"3470195":[11,"加須市","戸崎","３０８－６"],"3478567":[11,"加須市","南篠崎","１丁目１１－１"],"3470033":[11,"加須市","下高柳"],"3470125":[11,"加須市","上崎"],"3470032":[11,"加須市","花崎"],"3470056":[11,"加須市","土手"],"3470113":[11,"加須市","下種足"],"3470066":[11,"加須市","本町"],"3470014":[11,"加須市","川口"],"3470108":[11,"加須市","戸崎"],"3470002":[11,"加須市","外野"],"3470041":[11,"加須市","串作"],"3478510":[11,"加須市","土手","２丁目１５－５７"],"3470042":[11,"加須市","志多見"],"3470126":[11,"加須市","外田ケ谷"],"3470124":[11,"加須市","中ノ目"],"3470044":[11,"加須市","礼羽"],"3470008":[11,"加須市","中樋遣川"],"3470123":[11,"加須市","下崎"],"3470057":[11,"加須市","愛宕"],"3470107":[11,"加須市","正能"],"3470006":[11,"加須市","上三俣"],"3470106":[11,"加須市","外川"],"3470016":[11,"加須市","花崎北"],"3470025":[11,"加須市","割目"],"3478585":[11,"加須市","大字下高柳","３１１"],"3470062":[11,"加須市","睦町"],"3470047":[11,"加須市","阿良川"],"3470116":[11,"加須市","戸室"],"3470067":[11,"加須市","向川岸町"],"3470115":[11,"加須市","上種足"],"3470027":[11,"加須市","大室"],"3470064":[11,"加須市","東栄"],"3478501":[11,"加須市","大字下三俣","２９０"],"3470117":[11,"加須市","西ノ谷"],"3478513":[11,"加須市","不動岡","１丁目７－４５"],"3470053":[11,"加須市","下谷"],"3470055":[11,"加須市","中央"],"3470111":[11,"加須市","鴻茎"],"3470021":[11,"加須市","船越"],"3478555":[11,"加須市","南篠崎","１丁目１２－１"],"3470054":[11,"加須市","不動岡"],"3470052":[11,"加須市","町屋新田"],"3470005":[11,"加須市","下樋遣川"],"3470112":[11,"加須市","芋茎"],"3470026":[11,"加須市","油井ケ島"],"3470010":[11,"加須市","大桑"],"3470023":[11,"加須市","北辻"],"3470007":[11,"加須市","下三俣"],"3470024":[11,"加須市","今鉾"],"3470004":[11,"加須市","古川"],"3470058":[11,"加須市","岡古井"],"3470013":[11,"加須市","北篠崎"],"3470028":[11,"加須市","南小浜"],"3470192":[11,"加須市","騎西","３６番地１"],"3470068":[11,"加須市","大門町"],"3470012":[11,"加須市","多門寺"],"3478503":[11,"加須市","大字花崎","江橋５１９－５"],"3470102":[11,"加須市","日出安"],"3470051":[11,"加須市","戸川"],"3470022":[11,"加須市","水深"],"3470121":[11,"加須市","道地"],"3470000":[11,"加須市",""],"3478502":[11,"加須市","大字花崎","５１９"],"3470019":[11,"加須市","鳩山町"],"3470043":[11,"加須市","馬内"],"3470101":[11,"加須市","上高柳"],"3470122":[11,"加須市","内田ケ谷"],"3470063":[11,"加須市","久下"]}
