{"5062135":[21,"高山市","丹生川町下保"],"5060852":[21,"高山市","八幡町"],"5061113":[21,"飛騨市","神岡町吉ケ原"],"5061426":[21,"高山市","奥飛騨温泉郷蓼之俣"],"5061313":[21,"高山市","上宝町在家"],"5061105":[21,"飛騨市","神岡町和佐保"],"5061215":[21,"飛騨市","神岡町西漆山"],"5061392":[21,"高山市","上宝町本郷","５４０番地"],"5061306":[21,"高山市","上宝町見座"],"5060022":[21,"高山市","西町"],"5061144":[21,"飛騨市","神岡町吉田"],"5060858":[21,"高山市","桜町"],"5060804":[21,"高山市","長坂町"],"5060831":[21,"高山市","吹屋町"],"5060033":[21,"高山市","越後町"],"5062125":[21,"高山市","丹生川町細越"],"5061217":[21,"飛騨市","神岡町二ツ屋"],"5061213":[21,"飛騨市","神岡町土"],"5060842":[21,"高山市","下二之町"],"5060802":[21,"高山市","松之木町"],"5061153":[21,"飛騨市","神岡町堀之内"],"5060811":[21,"高山市","大洞町"],"5060206":[21,"高山市","清見町上小鳥"],"5060041":[21,"高山市","下切町"],"5061302":[21,"高山市","上宝町長倉"],"5068577":[21,"高山市","下林町","１１５５"],"5060013":[21,"高山市","有楽町"],"5060052":[21,"高山市","下岡本町"],"5060035":[21,"高山市","新宮町"],"5060001":[21,"高山市","冬頭町"],"5061111":[21,"飛騨市","神岡町東町"],"5062121":[21,"高山市","丹生川町坊方"],"5060016":[21,"高山市","末広町"],"5060814":[21,"高山市","滝町"],"5061311":[21,"高山市","上宝町鼠餅"],"5062112":[21,"高山市","丹生川町板殿"],"5060011":[21,"高山市","本町"],"5061496":[21,"高山市","奥飛騨温泉郷一重ケ根","２０２番地９"],"5061157":[21,"飛騨市","神岡町巣山"],"5061201":[21,"飛騨市","神岡町谷"],"5060847":[21,"高山市","片原町"],"5061203":[21,"飛騨市","神岡町横山"],"5068506":[21,"高山市","上岡本町","１丁目５０"],"5060201":[21,"高山市","清見町江黒"],"5060047":[21,"高山市","八日町"],"5061132":[21,"飛騨市","神岡町石神"],"5060043":[21,"高山市","中切町"],"5060014":[21,"高山市","相生町"],"5060838":[21,"高山市","馬場町"],"5060857":[21,"高山市","鉄砲町"],"5062133":[21,"高山市","丹生川町北方"],"5062106":[21,"高山市","丹生川町柏原"],"5062117":[21,"高山市","丹生川町根方"],"5060841":[21,"高山市","下三之町"],"5062252":[21,"高山市","丹生川町久手"],"5060058":[21,"高山市","山田町"],"5061151":[21,"飛騨市","神岡町梨ケ根"],"5060816":[21,"高山市","大島町"],"5060009":[21,"高山市","花岡町"],"5060032":[21,"高山市","千島町"],"5061107":[21,"飛騨市","神岡町下之本"],"5060822":[21,"高山市","城山"],"5062118":[21,"高山市","丹生川町白井"],"5060203":[21,"高山市","清見町池本"],"5060106":[21,"高山市","清見町坂下"],"5062256":[21,"高山市","丹生川町日面"],"5061429":[21,"高山市","奥飛騨温泉郷赤桶"],"5068678":[21,"高山市","天満町","５丁目１"],"5061434":[21,"高山市","奥飛騨温泉郷福地"],"5060045":[21,"高山市","赤保木町"],"5060104":[21,"高山市","清見町福寄"],"5062101":[21,"高山市","丹生川町森部"],"5061102":[21,"飛騨市","神岡町打保"],"5060059":[21,"高山市","下林町"],"5060005":[21,"高山市","七日町"],"5061195":[21,"飛騨市","神岡町東町","３７８"],"5061154":[21,"飛騨市","神岡町伏方"],"5060025":[21,"高山市","天満町"],"5061147":[21,"飛騨市","神岡町東雲"],"5061126":[21,"飛騨市","神岡町桜ケ丘"],"5061204":[21,"飛騨市","神岡町杉山"],"5061319":[21,"高山市","上宝町下佐谷"],"5061211":[21,"飛騨市","神岡町佐古"],"5060853":[21,"高山市","左京町"],"5061214":[21,"飛騨市","神岡町牧"],"5060855":[21,"高山市","愛宕町"],"5060813":[21,"高山市","塩屋町"],"5060056":[21,"高山市","緑ケ丘町"],"5060194":[21,"高山市","清見町牧ケ洞","８４６"],"5060048":[21,"高山市","前原町"],"5062104":[21,"高山市","丹生川町大沼"],"5061114":[21,"飛騨市","神岡町鹿間"],"5062111":[21,"高山市","丹生川町瓜田"],"5060021":[21,"高山市","名田町"],"5061162":[21,"飛騨市","神岡町朝浦"],"5060806":[21,"高山市","曙町"],"5060825":[21,"高山市","石浦町"],"5060034":[21,"高山市","松倉町"],"5061424":[21,"高山市","奥飛騨温泉郷柏当"],"5062113":[21,"高山市","丹生川町芦谷"],"5062134":[21,"高山市","丹生川町桐山"],"5060805":[21,"高山市","東山町"],"5061156":[21,"飛騨市","神岡町山田"],"5061308":[21,"高山市","上宝町金木戸"],"5061142":[21,"飛騨市","神岡町丸山"],"5061104":[21,"飛騨市","神岡町森茂"],"5061124":[21,"飛騨市","神岡町夕陽ケ丘"],"5060023":[21,"高山市","川原町"],"5060844":[21,"高山市","上一之町"],"5060833":[21,"高山市","西洞町"],"5062115":[21,"高山市","丹生川町小野"],"5061131":[21,"飛騨市","神岡町麻生野"],"5060818":[21,"高山市","江名子町"],"5060801":[21,"高山市","上野町"],"5068688":[21,"高山市","上岡本町","７丁目４６８番地"],"5061433":[21,"高山市","奥飛騨温泉郷平湯"],"5061431":[21,"高山市","奥飛騨温泉郷村上"],"5060101":[21,"高山市","清見町牧ケ洞"],"5068555":[21,"高山市","花岡町","２丁目１８"],"5061305":[21,"高山市","上宝町中山"],"5060007":[21,"高山市","総和町"],"5060803":[21,"高山市","日の出町"],"5062192":[21,"高山市","丹生川町","坊方２０００"],"5061317":[21,"高山市","上宝町本郷"],"5061315":[21,"高山市","上宝町荒原"],"5062251":[21,"高山市","丹生川町旗鉾"],"5068585":[21,"高山市","上岡本町","１丁目２６０"],"5060102":[21,"高山市","清見町三日町"],"5061423":[21,"高山市","奥飛騨温泉郷栃尾"],"5061121":[21,"飛騨市","神岡町旭ケ丘"],"5060192":[21,"高山市","清見町三日町","３０５"],"5061133":[21,"飛騨市","神岡町数河"],"5061301":[21,"高山市","上宝町葛山"],"5061152":[21,"飛騨市","神岡町寺林"],"5062124":[21,"高山市","丹生川町新張"],"5060812":[21,"高山市","漆垣内町"],"5061206":[21,"飛騨市","神岡町西茂住"],"5060002":[21,"高山市","問屋町"],"5061303":[21,"高山市","上宝町岩井戸"],"5068666":[21,"高山市","下一之町","６３"],"5061432":[21,"高山市","奥飛騨温泉郷一重ケ根"],"5060851":[21,"高山市","大新町"],"5060843":[21,"高山市","下一之町"],"5061202":[21,"飛騨市","神岡町中山"],"5060015":[21,"高山市","花川町"],"5061307":[21,"高山市","上宝町双六"],"5061314":[21,"高山市","上宝町蔵柱"],"5061145":[21,"飛騨市","神岡町釜崎"],"5061143":[21,"飛騨市","神岡町小萱"],"5068550":[21,"高山市","天満町","３丁目１１"],"5060837":[21,"高山市","堀端町"],"5062105":[21,"高山市","丹生川町三之瀬"],"5061316":[21,"高山市","上宝町吉野"],"5060815":[21,"高山市","岩井町"],"5060008":[21,"高山市","初田町"],"5060205":[21,"高山市","清見町夏厩"],"5060835":[21,"高山市","春日町"],"5062258":[21,"高山市","丹生川町塩屋"],"5060053":[21,"高山市","昭和町"],"5061421":[21,"高山市","奥飛騨温泉郷神坂"],"5060012":[21,"高山市","八軒町"],"5061123":[21,"飛騨市","神岡町城ケ丘"],"5060004":[21,"高山市","桐生町"],"5060031":[21,"高山市","西之一色町"],"5060846":[21,"高山市","上三之町"],"5061155":[21,"飛騨市","神岡町西"],"5061205":[21,"飛騨市","神岡町東茂住"],"5061106":[21,"飛騨市","神岡町伊西"],"5061212":[21,"飛騨市","神岡町跡津川"],"5062255":[21,"高山市","丹生川町駄吉"],"5061498":[21,"高山市","奥飛騨温泉郷平湯","７２６番地"],"5061427":[21,"高山市","奥飛騨温泉郷田頃家"],"5060000":[21,"高山市",""],"5061492":[21,"高山市","奥飛騨温泉郷一重ケ根","２０８－４８"],"5060057":[21,"高山市","匠ケ丘町"],"5060202":[21,"高山市","清見町大谷"],"5062122":[21,"高山市","丹生川町山口"],"5061149":[21,"飛騨市","神岡町阿曽保"],"5062116":[21,"高山市","丹生川町大谷"],"5060046":[21,"高山市","下之切町"],"5062132":[21,"高山市","丹生川町法力"],"5060026":[21,"高山市","花里町"],"5060204":[21,"高山市","清見町二本木"],"5062103":[21,"高山市","丹生川町折敷地"],"5068687":[21,"高山市","名田町","１－８２－１"],"5061493":[21,"高山市","奥飛騨温泉郷神坂","５７７の１３"],"5060042":[21,"高山市","旭ケ丘町"],"5060044":[21,"高山市","上切町"],"5068502":[21,"高山市","中切町","１番地１"],"5061103":[21,"飛騨市","神岡町岩井谷"],"5061304":[21,"高山市","上宝町宮原"],"5062254":[21,"高山市","丹生川町岩井谷"],"5061312":[21,"高山市","上宝町新田"],"5061428":[21,"高山市","奥飛騨温泉郷笹嶋"],"5061108":[21,"飛騨市","神岡町瀬戸"],"5061125":[21,"飛騨市","神岡町江馬町"],"5061146":[21,"飛騨市","神岡町緑ケ丘"],"5061122":[21,"飛騨市","神岡町坂富町"],"5060105":[21,"高山市","清見町三ツ谷"],"5061161":[21,"飛騨市","神岡町船津"],"5060832":[21,"高山市","天性寺町"],"5061148":[21,"飛騨市","神岡町館野町"],"5060207":[21,"高山市","清見町森茂"],"5061425":[21,"高山市","奥飛騨温泉郷今見"],"5060006":[21,"高山市","神田町"],"5060823":[21,"高山市","森下町"],"5060051":[21,"高山市","中山町"],"5061101":[21,"飛騨市","神岡町和佐府"],"5062131":[21,"高山市","丹生川町大萱"],"5061141":[21,"飛騨市","神岡町野首"],"5060024":[21,"高山市","上川原町"],"5061318":[21,"高山市","上宝町芋生茂"],"5062114":[21,"高山市","丹生川町日影"],"5060817":[21,"高山市","山口町"],"5060836":[21,"高山市","島川原町"],"5060854":[21,"高山市","若達町"],"5062253":[21,"高山市","丹生川町池之俣"],"5062257":[21,"高山市","丹生川町曽手"],"5060003":[21,"高山市","本母町"],"5060808":[21,"高山市","松本町"],"5060845":[21,"高山市","上二之町"],"5068603":[21,"高山市","冬頭町","１－１"],"5060807":[21,"高山市","三福寺町"],"5061112":[21,"飛騨市","神岡町割石"],"5060017":[21,"高山市","朝日町"],"5062123":[21,"高山市","丹生川町町方"],"5061216":[21,"飛騨市","神岡町東漆山"],"5061158":[21,"飛騨市","神岡町柏原"],"5060107":[21,"高山市","清見町巣野俣"],"5060103":[21,"高山市","清見町藤瀬"],"5060054":[21,"高山市","岡本町"],"5061100":[21,"飛騨市",""],"5068686":[21,"高山市","漆垣内町","３１８０"],"5060821":[21,"高山市","神明町"],"5068601":[21,"高山市","名田町","３丁目８２"],"5060824":[21,"高山市","片野町"],"5060834":[21,"高山市","宗猷寺町"],"5061422":[21,"高山市","奥飛騨温泉郷中尾"],"5061495":[21,"高山市","奥飛騨温泉郷平湯","５０５番地"],"5061196":[21,"飛騨市","神岡町鹿間","１－１"],"5060856":[21,"高山市","大門町"],"5060055":[21,"高山市","上岡本町"],"5060271":[21,"飛騨市","河合町舟原"]}
