{"4740023":[23,"大府市","大東町"],"4748557":[23,"大府市","横根町","惣作７０"],"4748558":[23,"大府市","長根町","２丁目２９０"],"4748766":[23,"大府市","共和町","下色１－１"],"4748581":[23,"大府市","北崎町","大島３０"],"4740052":[23,"大府市","長草町"],"4748707":[23,"大府市","中央町","７丁目３００"],"4740053":[23,"大府市","柊山町"],"4740038":[23,"大府市","森岡町"],"4748580":[23,"大府市","共栄町","七丁目３－３"],"4740061":[23,"大府市","共和町"],"4748510":[23,"大府市","北崎町","清水１－３"],"4748701":[23,"大府市","中央町","５丁目７０"],"4748550":[23,"大府市","朝日町","六丁目１番地"],"4748511":[23,"大府市","森岡町","源吾３５"],"4748666":[23,"大府市","北崎町","大根２"],"4748686":[23,"大府市","長草町","山口９－２"],"4740035":[23,"大府市","江端町"],"4748651":[23,"大府市","横根町","名高山５５番地"],"4740051":[23,"大府市","大府町"],"4740047":[23,"大府市","宮内町"],"4740003":[23,"大府市","神田町"],"4748502":[23,"大府市","横根町","惣作２０８"],"4740036":[23,"大府市","月見町"],"4740002":[23,"大府市","北崎町"],"4748588":[23,"大府市","共和町","１丁目１－１"],"4748505":[23,"大府市","共栄町","７丁目１－１"],"4740022":[23,"大府市","若草町"],"4740071":[23,"大府市","梶田町"],"4740046":[23,"大府市","吉川町"],"4740057":[23,"大府市","共和町"],"4740037":[23,"大府市","半月町"],"4748584":[23,"大府市","共和町","３－８－９"],"4748501":[23,"大府市","朝日町","６丁目１"],"4740056":[23,"大府市","明成町"],"4748585":[23,"大府市","大府町","柊山１１"],"4740045":[23,"大府市","馬池町"],"4740044":[23,"大府市","桜木町"],"4740001":[23,"大府市","北崎町"],"4740074":[23,"大府市","共栄町"],"4748503":[23,"大府市","中央町","５丁目７０"],"4740048":[23,"大府市","吉田町"],"4748777":[23,"大府市","共和町","下色１－１"],"4748610":[23,"大府市","北崎町","井田１１８"],"4748611":[23,"大府市","共栄町","９丁目１－４"],"4748543":[23,"大府市","梶田町","３丁目１３０"],"4740062":[23,"大府市","共西町"],"4740042":[23,"大府市","高丘町"],"4748710":[23,"大府市","森岡町","尾坂田１番２"],"4740026":[23,"大府市","桃山町"],"4740041":[23,"大府市","吉田町"],"4740043":[23,"大府市","米田町"],"4740024":[23,"大府市","朝日町"],"4740011":[23,"大府市","横根町"],"4740072":[23,"大府市","北山町"],"4748555":[23,"大府市","大東町","２丁目７５"],"4740021":[23,"大府市","長根町"],"4748642":[23,"大府市","追分町","２丁目１番地"],"4740073":[23,"大府市","東新町"],"4748688":[23,"大府市","長根町","４丁目１番地"],"4740025":[23,"大府市","中央町"],"4748601":[23,"大府市","共和町","茶屋８"],"4740055":[23,"大府市","一屋町"],"4740000":[23,"大府市",""],"4740031":[23,"大府市","森岡町"],"4748522":[23,"大府市","森岡町","源吾３６－３"],"4748535":[23,"大府市","梶田町","１丁目１７１番地"],"4740027":[23,"大府市","追分町"]}
