{"5152516":[24,"津市","一志町田尻"],"5151102":[24,"松阪市","矢津町"],"5158509":[24,"松阪市","高町","４９３番地６"],"5150300":[24,"多気郡明和町",""],"5152114":[24,"松阪市","小津町"],"5150038":[24,"松阪市","挽木町"],"5152351":[24,"松阪市","嬉野井之上町"],"5150814":[24,"松阪市","久保田町"],"5150832":[24,"松阪市","丹生寺町"],"5153311":[24,"津市","美杉町下多気"],"5150086":[24,"松阪市","五十鈴町"],"5152332":[24,"松阪市","嬉野津屋城町"],"5150317":[24,"多気郡明和町","池村"],"5152322":[24,"松阪市","嬉野須賀町"],"5151205":[24,"松阪市","大石町"],"5150003":[24,"松阪市","朝日町一区"],"5152301":[24,"松阪市","嬉野島田町"],"5150063":[24,"松阪市","大黒田町"],"5152512":[24,"津市","一志町新沢田"],"5152314":[24,"松阪市","嬉野新屋庄町"],"5150208":[24,"松阪市","山添町"],"5150835":[24,"松阪市","日丘町"],"5152101":[24,"松阪市","星合町"],"5150211":[24,"松阪市","高木町"],"5152354":[24,"松阪市","嬉野下之庄町"],"5151506":[24,"松阪市","飯高町田引"],"5152692":[24,"津市","白山町八対野","２７３９"],"5152335":[24,"松阪市","嬉野算所町"],"5153313":[24,"津市","美杉町丹生俣"],"5150085":[24,"松阪市","湊町"],"5153138":[24,"津市","白山町小杉"],"5152525":[24,"津市","一志町石橋"],"5152317":[24,"松阪市","嬉野野田町"],"5152115":[24,"松阪市","中道町"],"5150114":[24,"松阪市","大垣内町"],"5150101":[24,"松阪市","東黒部町"],"5150125":[24,"松阪市","腹太町"],"5151727":[24,"松阪市","飯高町草鹿野"],"5151611":[24,"松阪市","飯高町七日市"],"5152412":[24,"松阪市","飯福田町"],"5152325":[24,"松阪市","嬉野中川新町"],"5151104":[24,"松阪市","桂瀬町"],"5152401":[24,"松阪市","嬉野釜生田町"],"5150124":[24,"松阪市","保津町"],"5150087":[24,"松阪市","萌木町"],"5150046":[24,"松阪市","南虹が丘町"],"5150822":[24,"松阪市","大足町"],"5150112":[24,"松阪市","土古路町"],"5152312":[24,"松阪市","嬉野見永町"],"5152106":[24,"松阪市","西肥留町"],"5150313":[24,"多気郡明和町","明星"],"5151412":[24,"松阪市","飯南町向粥見"],"5150029":[24,"松阪市","西野々町"],"5150342":[24,"多気郡明和町","南藤原"],"5150842":[24,"松阪市","田牧町"],"5152615":[24,"津市","白山町八対野"],"5150595":[24,"伊勢市","西豊浜町","出雲１４１"],"5150506":[24,"伊勢市","植山町"],"5150004":[24,"松阪市","朝日町"],"5158522":[24,"松阪市","久保町","１８４６"],"5150322":[24,"多気郡明和町","上村"],"5150509":[24,"伊勢市","東大淀町"],"5151732":[24,"松阪市","飯高町落方"],"5152321":[24,"松阪市","嬉野中川町"],"5150502":[24,"伊勢市","東豊浜町"],"5152305":[24,"松阪市","嬉野一志町"],"5152408":[24,"松阪市","嬉野宮野町"],"5150031":[24,"松阪市","大津町"],"5150051":[24,"松阪市","光町"],"5153202":[24,"津市","美杉町八手俣"],"5150354":[24,"多気郡明和町","行部"],"5150215":[24,"松阪市","横地町"],"5152103":[24,"松阪市","笠松町"],"5158688":[24,"松阪市","中央町","３８－１７"],"5151722":[24,"松阪市","飯高町加波"],"5151734":[24,"松阪市","飯高町木梶"],"5152405":[24,"松阪市","嬉野小原町"],"5152342":[24,"松阪市","大阿坂町"],"5150033":[24,"松阪市","垣鼻町"],"5150011":[24,"松阪市","高町"],"5152602":[24,"津市","白山町二本木"],"5151301":[24,"松阪市","飯南町深野"],"5150022":[24,"松阪市","新屋敷町"],"5152502":[24,"津市","一志町其村"],"5152324":[24,"松阪市","嬉野町"],"5150824":[24,"松阪市","平成町"],"5152613":[24,"津市","白山町山田野"],"5150333":[24,"多気郡明和町","坂本"],"5152107":[24,"松阪市","舞出町"],"5150332":[24,"多気郡明和町","馬之上"],"5150349":[24,"多気郡明和町","川尻"],"5153536":[24,"津市","美杉町太郎生"],"5152501":[24,"津市","一志町庄村"],"5150505":[24,"伊勢市","西豊浜町"],"5153532":[24,"津市","美杉町川上"],"5150082":[24,"松阪市","魚町"],"5150345":[24,"多気郡明和町","田屋"],"5151618":[24,"松阪市","飯高町蓮"],"5150016":[24,"松阪市","末広町"],"5150013":[24,"松阪市","幸生町"],"5150205":[24,"松阪市","豊原町"],"5152515":[24,"津市","一志町八太"],"5152413":[24,"松阪市","後山町"],"5150075":[24,"松阪市","新町"],"5151614":[24,"松阪市","飯高町宮本"],"5150019":[24,"松阪市","中央町"],"5152601":[24,"津市","白山町三ケ野"],"5150214":[24,"松阪市","法田町"],"5152411":[24,"松阪市","与原町"],"5150042":[24,"松阪市","虹が丘町"],"5158567":[24,"松阪市","長月町","８８－３０"],"5152131":[24,"松阪市","六軒町"],"5150084":[24,"松阪市","日野町"],"5150066":[24,"松阪市","泉町"],"5150035":[24,"松阪市","長月町"],"5152333":[24,"松阪市","嬉野田村町"],"5150848":[24,"松阪市","野村町"],"5153132":[24,"津市","白山町北家城"],"5150592":[24,"伊勢市","西豊浜町","６５５－１８"],"5150204":[24,"松阪市","櫛田町"],"5152409":[24,"松阪市","嬉野滝之川町"],"5152592":[24,"津市","一志町田尻","４２０"],"5152105":[24,"松阪市","肥留町"],"5158525":[24,"松阪市","中央町","３６－１"],"5150325":[24,"多気郡明和町","竹川"],"5152355":[24,"松阪市","嬉野薬王寺町"],"5151504":[24,"松阪市","飯高町作滝"],"5158511":[24,"松阪市","久保町","１８４６"],"5152611":[24,"津市","白山町南出"],"5152113":[24,"松阪市","喜多村新田町"],"5150847":[24,"松阪市","岩内町"],"5150301":[24,"多気郡明和町","大堀川新田"],"5150598":[24,"伊勢市","西豊浜町","６５６番地の８"],"5152343":[24,"松阪市","小阿坂町"],"5158550":[24,"松阪市","高町","４９３番地６"],"5158515":[24,"松阪市","殿町","１３４０－１"],"5150043":[24,"松阪市","下村町"],"5150314":[24,"多気郡明和町","新茶屋"],"5150511":[24,"伊勢市","野村町"],"5150813":[24,"松阪市","大塚町"],"5151411":[24,"松阪市","飯南町粥見"],"5150521":[24,"伊勢市","御薗町上條"],"5153134":[24,"津市","白山町真見"],"5150501":[24,"伊勢市","有滝町"],"5150812":[24,"松阪市","船江町"],"5153421":[24,"津市","美杉町八知"],"5150128":[24,"松阪市","魚見町"],"5158533":[24,"松阪市","久保町","１２３２"],"5151724":[24,"松阪市","飯高町桑原"],"5152614":[24,"津市","白山町伊勢見"],"5152316":[24,"松阪市","嬉野川北町"],"5158588":[24,"松阪市","中町","１８７８"],"5150028":[24,"松阪市","佐久米町"],"5150039":[24,"松阪市","清生町"],"5150041":[24,"松阪市","上川町"],"5150817":[24,"松阪市","井村町"],"5152511":[24,"津市","一志町片野"],"5152313":[24,"松阪市","嬉野川原木造町"],"5153312":[24,"津市","美杉町上多気"],"5150074":[24,"松阪市","新座町"],"5150054":[24,"松阪市","立野町"],"5152505":[24,"津市","一志町小戸木"],"5152407":[24,"松阪市","嬉野矢下町"],"5151731":[24,"松阪市","飯高町舟戸"],"5150343":[24,"多気郡明和町","内座"],"5150055":[24,"松阪市","田村町"],"5158501":[24,"松阪市","大口町","１８５－１"],"5150334":[24,"多気郡明和町","中海"],"5151613":[24,"松阪市","飯高町粟野"],"5150353":[24,"多気郡明和町","根倉"],"5151723":[24,"松阪市","飯高町乙栗子"],"5152352":[24,"松阪市","嬉野八田町"],"5152133":[24,"松阪市","松ケ島町"],"5152524":[24,"津市","一志町大仰"],"5150023":[24,"松阪市","下七見町"],"5150005":[24,"松阪市","鎌田町"],"5150118":[24,"松阪市","垣内田町"],"5151501":[24,"松阪市","飯高町下滝野"],"5152122":[24,"松阪市","久米町"],"5152112":[24,"松阪市","曽原町"],"5153139":[24,"津市","白山町城立"],"5153533":[24,"津市","美杉町石名原"],"5150834":[24,"松阪市","岡山町"],"5150113":[24,"松阪市","出間町"],"5151304":[24,"松阪市","飯南町上仁柿"],"5150504":[24,"伊勢市","磯町"],"5152123":[24,"松阪市","上ノ庄町"],"5152624":[24,"津市","白山町垣内"],"5150508":[24,"伊勢市","柏町"],"5150002":[24,"松阪市","郷津町"],"5152693":[24,"津市","白山町川口","８９２"],"5151103":[24,"松阪市","笹川町"],"5158585":[24,"松阪市","京町","５０９－２"],"5152605":[24,"津市","白山台"],"5150012":[24,"松阪市","東町"],"5150121":[24,"松阪市","東久保町"],"5150825":[24,"松阪市","藤之木町"],"5152521":[24,"津市","一志町井関"],"5150052":[24,"松阪市","山室町"],"5151617":[24,"松阪市","飯高町猿山"],"5150061":[24,"松阪市","黒田町"],"5151106":[24,"松阪市","辻原町"],"5150015":[24,"松阪市","宮町"],"5152404":[24,"松阪市","嬉野上小川町"],"5150346":[24,"多気郡明和町","前野"],"5150027":[24,"松阪市","朝田町"],"5152612":[24,"津市","白山町古市"],"5150843":[24,"松阪市","殿村町"],"5150311":[24,"多気郡明和町","平尾"],"5150206":[24,"松阪市","山下町"],"5150803":[24,"松阪市","町平尾町"],"5152603":[24,"津市","白山町川口"],"5150072":[24,"松阪市","内五曲町"],"5152323":[24,"松阪市","嬉野権現前町"],"5150077":[24,"松阪市","茶与町"],"5151201":[24,"松阪市","広瀬町"],"5158558":[24,"松阪市","大津町","１６０７－１"],"5152523":[24,"津市","一志町井生"],"5150073":[24,"松阪市","殿町"],"5158530":[24,"松阪市","京町","５１０"],"5153133":[24,"津市","白山町南家城"],"5150044":[24,"松阪市","久保町"],"5150816":[24,"松阪市","西之庄町"],"5152621":[24,"津市","白山町佐田"],"5150001":[24,"松阪市","大口町"],"5151107":[24,"松阪市","阪内町"],"5150324":[24,"多気郡明和町","金剛坂"],"5150303":[24,"多気郡明和町","山大淀"],"5152356":[24,"松阪市","嬉野上野町"],"5153534":[24,"津市","美杉町杉平"],"5158510":[24,"松阪市","高町","４９３番地６"],"5150083":[24,"松阪市","中町"],"5150018":[24,"松阪市","京町一区"],"5152406":[24,"松阪市","嬉野合ケ野町"],"5150348":[24,"多気郡明和町","中村"],"5152303":[24,"松阪市","嬉野宮古町"],"5150203":[24,"松阪市","清水町"],"5151503":[24,"松阪市","飯高町野々口"],"5152334":[24,"松阪市","嬉野黒野町"],"5152104":[24,"松阪市","小舟江町"],"5150302":[24,"多気郡明和町","大淀"],"5151725":[24,"松阪市","飯高町波瀬"],"5158513":[24,"松阪市","大口町","字新地１６７２－７"],"5150056":[24,"松阪市","宝塚町"],"5150045":[24,"松阪市","駅部田町"],"5151616":[24,"松阪市","飯高町青田"],"5152121":[24,"松阪市","市場庄町"],"5150065":[24,"松阪市","五月町"],"5151302":[24,"松阪市","飯南町横野"],"5152344":[24,"松阪市","美濃田町"],"5151204":[24,"松阪市","小片野町"],"5150802":[24,"松阪市","猟師町"],"5152353":[24,"松阪市","嬉野堀之内町"],"5152109":[24,"松阪市","小野江町"],"5152514":[24,"津市","一志町小山"],"5150117":[24,"松阪市","乙部町"],"5150352":[24,"多気郡明和町","八木戸"],"5150088":[24,"松阪市","木の郷町"],"5152623":[24,"津市","白山町上ノ村"],"5152604":[24,"津市","白山町岡"],"5150006":[24,"松阪市","石津町"],"5150024":[24,"松阪市","大宮田町"],"5150804":[24,"松阪市","大平尾町"],"5150127":[24,"松阪市","六根町"],"5151101":[24,"松阪市","勢津町"],"5150122":[24,"松阪市","川島町"],"5150104":[24,"松阪市","高須町"],"5150321":[24,"多気郡明和町","斎宮"],"5150036":[24,"松阪市","平生町"],"5150846":[24,"松阪市","深長町"],"5150103":[24,"松阪市","西黒部町"],"5153136":[24,"津市","白山町福田山"],"5150315":[24,"多気郡明和町","蓑村"],"5158505":[24,"松阪市","丹生寺町","１５０－２"],"5151203":[24,"松阪市","六呂木町"],"5150207":[24,"松阪市","安楽町"],"5150213":[24,"松阪市","伊勢場町"],"5150833":[24,"松阪市","西野町"],"5152403":[24,"松阪市","嬉野岩倉町"],"5152111":[24,"松阪市","中林町"],"5152517":[24,"津市","一志町みのりケ丘"],"5150115":[24,"松阪市","蓮花寺町"],"5150062":[24,"松阪市","小黒田町"],"5150316":[24,"多気郡明和町","有爾中"],"5152503":[24,"津市","一志町日置"],"5150126":[24,"松阪市","井口中町"],"5150064":[24,"松阪市","五反田町"],"5152357":[24,"松阪市","嬉野神ノ木町"],"5150815":[24,"松阪市","西町"],"5150841":[24,"松阪市","曲町"],"5152522":[24,"津市","一志町波瀬"],"5152341":[24,"松阪市","小野町"],"5150323":[24,"多気郡明和町","岩内"],"5150026":[24,"松阪市","立田町"],"5150217":[24,"松阪市","早馬瀬町"],"5158503":[24,"松阪市","久保町","１８５５－３７０"],"5150076":[24,"松阪市","白粉町"],"5152331":[24,"松阪市","嬉野須賀領町"],"5152132":[24,"松阪市","松崎浦町"],"5152124":[24,"松阪市","中ノ庄町"],"5150202":[24,"松阪市","菅生町"],"5150014":[24,"松阪市","若葉町"],"5150078":[24,"松阪市","春日町"],"5151612":[24,"松阪市","飯高町富永"],"5150017":[24,"松阪市","京町"],"5152622":[24,"津市","白山町中ノ村"],"5150844":[24,"松阪市","八重田町"],"5150347":[24,"多気郡明和町","志貴"],"5152315":[24,"松阪市","嬉野小村町"],"5152526":[24,"津市","一志町其倉"],"5150351":[24,"多気郡明和町","浜田"],"5150037":[24,"松阪市","愛宕町"],"5150071":[24,"松阪市","桜町"],"5150119":[24,"松阪市","神守町"],"5151733":[24,"松阪市","飯高町栃谷"],"5153203":[24,"津市","美杉町下之川"],"5151105":[24,"松阪市","大河内町"],"5151202":[24,"松阪市","茅原町"],"5150818":[24,"松阪市","川井町"],"5152302":[24,"松阪市","嬉野天花寺町"],"5150507":[24,"伊勢市","村松町"],"5158577":[24,"松阪市","垣鼻町","１６６４"],"5151726":[24,"松阪市","飯高町太良木"],"5153535":[24,"津市","美杉町三多気"],"5151502":[24,"松阪市","飯高町宮前"],"5150201":[24,"松阪市","上七見町"],"5150821":[24,"松阪市","外五曲町"],"5152304":[24,"松阪市","嬉野平生町"],"5150312":[24,"多気郡明和町","上野"],"5150831":[24,"松阪市","岡本町"],"5152513":[24,"津市","一志町虹が丘"],"5150116":[24,"松阪市","牛草町"],"5150212":[24,"松阪市","稲木町"],"5150111":[24,"松阪市","柿木原町"],"5152504":[24,"津市","一志町高野"],"5150344":[24,"多気郡明和町","養川"],"5152102":[24,"松阪市","五主町"],"5150053":[24,"松阪市","広陽町"],"5150341":[24,"多気郡明和町","北藤原"],"5150811":[24,"松阪市","塚本町"],"5150123":[24,"松阪市","新開町"],"5150216":[24,"松阪市","目田町"],"5150021":[24,"松阪市","古井町"],"5150503":[24,"伊勢市","樫原町"],"5151303":[24,"松阪市","飯南町下仁柿"],"5150032":[24,"松阪市","田原町"],"5150057":[24,"松阪市","御殿山町"],"5158566":[24,"松阪市","川井町","字小望１０２"],"5153137":[24,"津市","白山町大原"],"5152616":[24,"津市","白山町稲垣"],"5158555":[24,"松阪市","上川町","字大黒２４６０－１"],"5153201":[24,"津市","美杉町竹原"],"5151413":[24,"松阪市","飯南町有間野"],"5158586":[24,"松阪市","朝日町１区","１６－６"],"5152311":[24,"松阪市","嬉野黒田町"],"5152108":[24,"松阪市","甚目町"],"5153135":[24,"津市","白山町二俣"],"5158557":[24,"松阪市","朝日町１区","１５－６"],"5152402":[24,"松阪市","嬉野森本町"],"5151505":[24,"松阪市","飯高町赤桶"],"5151721":[24,"松阪市","飯高町月出"],"5151615":[24,"松阪市","飯高町森"],"5150081":[24,"松阪市","本町"],"5150025":[24,"松阪市","和屋町"],"5150801":[24,"松阪市","新松ケ島町"],"5150823":[24,"松阪市","阿形町"],"5150102":[24,"松阪市","松名瀬町"],"5150331":[24,"多気郡明和町","佐田"],"5153131":[24,"津市","白山町藤"],"5153531":[24,"津市","美杉町奥津"],"5150007":[24,"松阪市","荒木町"],"5152617":[24,"津市","グリンタウン榊原"],"5150034":[24,"松阪市","南町"],"5150000":[24,"松阪市",""],"5150845":[24,"松阪市","伊勢寺町"],"5150596":[24,"伊勢市","村松町","３７４５"],"5152414":[24,"松阪市","柚原町"]}
