{"1970825":[13,"あきる野市","雨間"],"1970822":[13,"あきる野市","小川東"],"1970003":[13,"福生市","熊川"],"1978601":[13,"福生市","大字福生","７８５"],"1970821":[13,"あきる野市","小川"],"1970801":[13,"あきる野市","菅生"],"1970014":[13,"福生市","福生二宮"],"1970022":[13,"福生市","本町"],"1970815":[13,"あきる野市","二宮東"],"1970814":[13,"あきる野市","二宮"],"1970013":[13,"福生市","武蔵野台"],"1970828":[13,"あきる野市","秋留"],"1970021":[13,"福生市","東町"],"1970004":[13,"福生市","南田園"],"1970000":[13,"福生市",""],"1970823":[13,"あきる野市","野辺"],"1970802":[13,"あきる野市","草花"],"1970813":[13,"あきる野市","平沢東"],"1970833":[13,"あきる野市","渕上"],"1978555":[13,"福生市","本町","１７－１"],"1970002":[13,"福生市","熊川二宮"],"1970811":[13,"あきる野市","原小宮"],"1978501":[13,"福生市","本町","５番地"],"1978623":[13,"福生市","大字熊川","１番地"],"1978511":[13,"福生市","加美平","１丁目６番地１"],"1970804":[13,"あきる野市","秋川"],"1970005":[13,"福生市","北田園"],"1970827":[13,"あきる野市","油平"],"1970011":[13,"福生市","福生"],"1970812":[13,"あきる野市","平沢"],"1970826":[13,"あきる野市","牛沼"],"1970803":[13,"あきる野市","瀬戸岡"],"1970023":[13,"福生市","志茂"],"1970001":[13,"福生市","横田基地内"],"1970816":[13,"あきる野市","平沢西"],"1970024":[13,"福生市","牛浜"],"1970831":[13,"あきる野市","下代継"],"1970824":[13,"あきる野市","切欠"],"1970832":[13,"あきる野市","上代継"],"1970012":[13,"福生市","加美平"],"1970834":[13,"あきる野市","引田"]}
