{"2950012":[12,"南房総市","千倉町南朝夷"],"2950103":[12,"南房総市","白浜町滝口"],"2950022":[12,"南房総市","千倉町忽戸"],"2950013":[12,"南房総市","千倉町大貫"],"2950002":[12,"南房総市","千倉町川合"],"2950192":[12,"南房総市","白浜町白浜","３４６７番地１"],"2950101":[12,"南房総市","白浜町乙浜"],"2950014":[12,"南房総市","千倉町川戸"],"2950024":[12,"南房総市","千倉町平磯"],"2950026":[12,"南房総市","千倉町大川"],"2950104":[12,"南房総市","白浜町根本"],"2950011":[12,"南房総市","千倉町北朝夷"],"2950021":[12,"南房総市","千倉町平舘"],"2950023":[12,"南房総市","千倉町川口"],"2950027":[12,"南房総市","千倉町白間津"],"2950003":[12,"南房総市","千倉町白子"],"2950004":[12,"南房総市","千倉町瀬戸"],"2950005":[12,"南房総市","千倉町牧田"],"2950001":[12,"南房総市","千倉町久保"],"2950025":[12,"南房総市","千倉町千田"],"2950102":[12,"南房総市","白浜町白浜"],"2950006":[12,"南房総市","千倉町宇田"],"2958601":[12,"南房総市","千倉町瀬戸","２２９６番地６"]}
