{"2320056":[14,"横浜市南区","通町"],"2328515":[14,"横浜市南区","宮元町","４丁目８２"],"2320007":[14,"横浜市南区","清水ケ丘"],"2320065":[14,"横浜市南区","別所中里台"],"2320014":[14,"横浜市南区","吉野町"],"2320006":[14,"横浜市南区","南太田"],"2328576":[14,"横浜市南区","永田台","１－６"],"2320025":[14,"横浜市南区","高砂町"],"2320017":[14,"横浜市南区","宿町"],"2320061":[14,"横浜市南区","大岡"],"2320054":[14,"横浜市南区","大橋町"],"2328688":[14,"横浜市南区","中里","１丁目１３－１７"],"2320000":[14,"横浜市南区",""],"2328558":[14,"横浜市南区","花之木町","２丁目２６"],"2328531":[14,"横浜市南区","永田台","１－１２"],"2328602":[14,"横浜市南区","弘明寺町","３１"],"2328587":[14,"横浜市南区","唐沢","１５"],"2320013":[14,"横浜市南区","山王町"],"2328585":[14,"横浜市南区","宿町","２丁目５１"],"2320024":[14,"横浜市南区","浦舟町"],"2320027":[14,"横浜市南区","新川町"],"2320072":[14,"横浜市南区","永田東"],"2320016":[14,"横浜市南区","宮元町"],"2320034":[14,"横浜市南区","唐沢"],"2320036":[14,"横浜市南区","山谷"],"2320074":[14,"横浜市南区","永田山王台"],"2320002":[14,"横浜市南区","三春台"],"2320045":[14,"横浜市南区","東蒔田町"],"2320062":[14,"横浜市南区","中里町"],"2320003":[14,"横浜市南区","西中町"],"2320051":[14,"横浜市南区","井土ケ谷上町"],"2320075":[14,"横浜市南区","永田みなみ台"],"2320043":[14,"横浜市南区","蒔田町"],"2320011":[14,"横浜市南区","日枝町"],"2320044":[14,"横浜市南区","榎町"],"2320026":[14,"横浜市南区","二葉町"],"2320071":[14,"横浜市南区","永田北"],"2320031":[14,"横浜市南区","永楽町"],"2320035":[14,"横浜市南区","平楽"],"2320015":[14,"横浜市南区","共進町"],"2320012":[14,"横浜市南区","南吉田町"],"2320053":[14,"横浜市南区","井土ケ谷下町"],"2320033":[14,"横浜市南区","中村町"],"2320042":[14,"横浜市南区","堀ノ内町"],"2328580":[14,"横浜市南区","蒔田町","１２４"],"2320008":[14,"横浜市南区","庚台"],"2320063":[14,"横浜市南区","中里"],"2320055":[14,"横浜市南区","中島町"],"2320052":[14,"横浜市南区","井土ケ谷中町"],"2320041":[14,"横浜市南区","睦町"],"2320037":[14,"横浜市南区","八幡町"],"2320001":[14,"横浜市南区","伏見町"],"2320067":[14,"横浜市南区","弘明寺町"],"2320073":[14,"横浜市南区","永田南"],"2320022":[14,"横浜市南区","高根町"],"2320004":[14,"横浜市南区","前里町"],"2320032":[14,"横浜市南区","万世町"],"2320066":[14,"横浜市南区","六ツ川"],"2328555":[14,"横浜市南区","六ツ川","２丁目１３８－４"],"2320018":[14,"横浜市南区","花之木町"],"2320064":[14,"横浜市南区","別所"],"2320023":[14,"横浜市南区","白妙町"],"2320057":[14,"横浜市南区","若宮町"],"2320021":[14,"横浜市南区","真金町"],"2320076":[14,"横浜市南区","永田台"],"2320005":[14,"横浜市南区","白金町"]}
