{"1668588":[13,"杉並区","阿佐谷北","１丁目７－３"],"1668565":[13,"杉並区","高円寺北","２丁目３－１７高円寺ＮＫビル"],"1668542":[13,"杉並区","高円寺南","４丁目４５－１０"],"1660003":[13,"杉並区","高円寺南"],"1668578":[13,"杉並区","阿佐谷南","１丁目３２－１０"],"1668577":[13,"杉並区","阿佐谷南","３丁目３５－２１"],"1668566":[13,"杉並区","高円寺北","２丁目３－１７高円寺ＮＫビル"],"1660014":[13,"杉並区","松ノ木"],"1668545":[13,"杉並区","高円寺南","２丁目４４－５"],"1660012":[13,"杉並区","和田"],"1668540":[13,"杉並区","高円寺南","４丁目１５－１１"],"1668520":[13,"杉並区","堀ノ内","２丁目１７－１８"],"1668539":[13,"杉並区","和田","１丁目２９－１１"],"1668503":[13,"杉並区","成田東","４丁目３８－２５"],"1668535":[13,"杉並区","和田","２丁目７－１"],"1668567":[13,"杉並区","高円寺北","３丁目４－２１"],"1668570":[13,"杉並区","阿佐谷南","１丁目１５－１"],"1660001":[13,"杉並区","阿佐谷北"],"1668506":[13,"杉並区","成田東","４丁目３９－８"],"1668538":[13,"杉並区","和田","１丁目４９－８"],"1660013":[13,"杉並区","堀ノ内"],"1668501":[13,"杉並区","成田東","４丁目１５－８"],"1668531":[13,"杉並区","和田","２丁目７－１"],"1660002":[13,"杉並区","高円寺北"],"1668502":[13,"杉並区","成田東","５丁目３９－１１"],"1660000":[13,"杉並区",""],"1660011":[13,"杉並区","梅里"],"1660015":[13,"杉並区","成田東"],"1660016":[13,"杉並区","成田西"],"1668533":[13,"杉並区","和田","１丁目２１－７"],"1660004":[13,"杉並区","阿佐谷南"]}
