{"2530036":[14,"茅ヶ崎市","白浜町"],"2538567":[14,"茅ヶ崎市","赤松町","１３－１３"],"2538501":[14,"茅ヶ崎市","中海岸","１丁目２－４３"],"2530061":[14,"茅ヶ崎市","南湖"],"2530071":[14,"茅ヶ崎市","萩園"],"2530001":[14,"茅ヶ崎市","赤羽根"],"2530104":[14,"高座郡寒川町","大蔵"],"2530062":[14,"茅ヶ崎市","浜見平"],"2530073":[14,"茅ヶ崎市","中島"],"2530018":[14,"茅ヶ崎市","室田"],"2530051":[14,"茅ヶ崎市","若松町"],"2530111":[14,"高座郡寒川町","一之宮"],"2530052":[14,"茅ヶ崎市","幸町"],"2530022":[14,"茅ヶ崎市","松浪"],"2530016":[14,"茅ヶ崎市","小桜町"],"2530032":[14,"茅ヶ崎市","常盤町"],"2538686":[14,"茅ヶ崎市","茅ヶ崎","１丁目１－１"],"2530105":[14,"高座郡寒川町","岡田"],"2530006":[14,"茅ヶ崎市","堤"],"2530195":[14,"高座郡寒川町","宮山","３９１６"],"2530103":[14,"高座郡寒川町","小谷"],"2530192":[14,"高座郡寒川町","小谷","２丁目１番１号"],"2530025":[14,"茅ヶ崎市","松が丘"],"2538510":[14,"茅ヶ崎市","茅ヶ崎","３丁目３－５"],"2538543":[14,"茅ヶ崎市","萩園","２５００"],"2530106":[14,"高座郡寒川町","宮山"],"2530102":[14,"高座郡寒川町","小動"],"2530053":[14,"茅ヶ崎市","東海岸北"],"2530082":[14,"茅ヶ崎市","香川"],"2530056":[14,"茅ヶ崎市","共恵"],"2530007":[14,"茅ヶ崎市","行谷"],"2530072":[14,"茅ヶ崎市","今宿"],"2530196":[14,"高座郡寒川町","宮山","１６５"],"2530085":[14,"茅ヶ崎市","矢畑"],"2530033":[14,"茅ヶ崎市","汐見台"],"2530002":[14,"茅ヶ崎市","高田"],"2530003":[14,"茅ヶ崎市","鶴が台"],"2530041":[14,"茅ヶ崎市","茅ヶ崎"],"2538522":[14,"茅ヶ崎市","円蔵","３７０"],"2530083":[14,"茅ヶ崎市","西久保"],"2530000":[14,"茅ヶ崎市",""],"2538531":[14,"茅ヶ崎市","茅ヶ崎","２丁目７－７１"],"2530023":[14,"茅ヶ崎市","美住町"],"2530011":[14,"茅ヶ崎市","菱沼"],"2538530":[14,"茅ヶ崎市","東海岸南","４－３－３"],"2530086":[14,"茅ヶ崎市","浜之郷"],"2530037":[14,"茅ヶ崎市","菱沼海岸"],"2530031":[14,"茅ヶ崎市","富士見町"],"2530024":[14,"茅ヶ崎市","平和町"],"2530088":[14,"茅ヶ崎市","みずき"],"2530013":[14,"茅ヶ崎市","赤松町"],"2530044":[14,"茅ヶ崎市","新栄町"],"2530043":[14,"茅ヶ崎市","元町"],"2538555":[14,"茅ヶ崎市","萩園","２６０９－５"],"2530112":[14,"高座郡寒川町","中瀬"],"2530065":[14,"茅ヶ崎市","松尾"],"2538577":[14,"茅ヶ崎市","本村","２丁目８－１"],"2530005":[14,"茅ヶ崎市","松風台"],"2530035":[14,"茅ヶ崎市","浜須賀"],"2530004":[14,"茅ヶ崎市","甘沼"],"2530034":[14,"茅ヶ崎市","緑が浜"],"2530101":[14,"高座郡寒川町","倉見"],"2530012":[14,"茅ヶ崎市","小和田"],"2530042":[14,"茅ヶ崎市","本村"],"2530055":[14,"茅ヶ崎市","中海岸"],"2538585":[14,"茅ヶ崎市","茅ヶ崎","３丁目２－１０"],"2530100":[14,"高座郡寒川町",""],"2530114":[14,"高座郡寒川町","田端"],"2530084":[14,"茅ヶ崎市","円蔵"],"2530026":[14,"茅ヶ崎市","旭が丘"],"2530008":[14,"茅ヶ崎市","芹沢"],"2538588":[14,"茅ヶ崎市","下町屋","１丁目１－１"],"2530015":[14,"茅ヶ崎市","代官町"],"2538571":[14,"茅ヶ崎市","萩園","８２４－２"],"2530064":[14,"茅ヶ崎市","柳島"],"2538550":[14,"茅ヶ崎市","行谷","１１００"],"2530028":[14,"茅ヶ崎市","出口町"],"2530063":[14,"茅ヶ崎市","柳島海岸"],"2530017":[14,"茅ヶ崎市","松林"],"2530027":[14,"茅ヶ崎市","ひばりが丘"],"2530054":[14,"茅ヶ崎市","東海岸南"],"2530113":[14,"高座郡寒川町","大曲"],"2530014":[14,"茅ヶ崎市","本宿町"],"2530081":[14,"茅ヶ崎市","下寺尾"],"2530021":[14,"茅ヶ崎市","浜竹"],"2530087":[14,"茅ヶ崎市","下町屋"],"2530074":[14,"茅ヶ崎市","平太夫新田"],"2530045":[14,"茅ヶ崎市","十間坂"]}
