{"1718514":[13,"豊島区","高田","３丁目１９－１０明治安田生命高田馬場第２ビル５階"],"1718511":[13,"豊島区","西池袋","１丁目１５－７"],"1718531":[13,"豊島区","高田","３丁目２９－５"],"1718553":[13,"豊島区","高田","３丁目７番１１号"],"1718545":[13,"豊島区","高田","３丁目４１－８"],"1718518":[13,"豊島区","西池袋","１丁目１１番１号メトロポリタンプラザ１２階"],"1710031":[13,"豊島区","目白"],"1718525":[13,"豊島区","池袋","４丁目３２－８"],"1718561":[13,"豊島区","高田","３丁目３１－５"],"1718552":[13,"豊島区","高田","３丁目２３－１２"],"1710014":[13,"豊島区","池袋"],"1718510":[13,"豊島区","西池袋","２丁目２０－１６"],"1718503":[13,"豊島区","池袋","３丁目１－２"],"1710022":[13,"豊島区","南池袋"],"1718588":[13,"豊島区","目白","１丁目５番１号"],"1718512":[13,"豊島区","西池袋","１丁目１－２５"],"1718527":[13,"豊島区","西池袋","２丁目２９－１８"],"1718558":[13,"豊島区","南池袋","３丁目８－４"],"1710041":[13,"豊島区","千川"],"1718528":[13,"豊島区","西池袋","１丁目１７－１"],"1718516":[13,"豊島区","南長崎","３丁目１６－６"],"1718570":[13,"豊島区","高田","３丁目１０番１２号"],"1718526":[13,"豊島区","西池袋","１丁目１０－１５"],"1718502":[13,"豊島区","池袋","４丁目３０－２０"],"1718507":[13,"豊島区","池袋","４丁目３０－２０"],"1710044":[13,"豊島区","千早"],"1718522":[13,"豊島区","池袋","４丁目２－１１"],"1718539":[13,"豊島区","南池袋","１丁目１１－２２"],"1718568":[13,"豊島区","南池袋","１－１３－２３池袋ＹＳビル４Ｆ"],"1718501":[13,"豊島区","西池袋","３丁目３４－１"],"1710051":[13,"豊島区","長崎"],"1718569":[13,"豊島区","南池袋","１丁目２８－１"],"1718586":[13,"豊島区","高田","３丁目１１番１７号"],"1718544":[13,"豊島区","高田","２丁目１７－２２"],"1710033":[13,"豊島区","高田"],"1710021":[13,"豊島区","西池袋"],"1710052":[13,"豊島区","南長崎"],"1718523":[13,"豊島区","西池袋","１丁目７－５"],"1710032":[13,"豊島区","雑司が谷"],"1718560":[13,"豊島区","高田","３丁目３１－５"],"1718508":[13,"豊島区","西池袋","１丁目７－７"],"1718582":[13,"豊島区","高田","２丁目１７号２２番目白中野ビル５Ｆ"],"1718557":[13,"豊島区","南池袋","１丁目２８－２"],"1718577":[13,"豊島区","南長崎","６丁目１３－１１"],"1710042":[13,"豊島区","高松"],"1718572":[13,"豊島区","高田","２丁目１７－２２－１Ｆ"],"1710043":[13,"豊島区","要町"],"1718521":[13,"豊島区","西池袋","３丁目３３－２２"],"1718520":[13,"豊島区","西池袋","５丁目１７－１４"],"1718555":[13,"豊島区","高田","１丁目１８－１"],"1718509":[13,"豊島区","西池袋","１丁目１７－１"],"1718580":[13,"豊島区","目白","１丁目４番８号"],"1718540":[13,"豊島区","南池袋","３丁目４－５"]}
