{"2350024":[14,"横浜市磯子区","森が丘"],"2350011":[14,"横浜市磯子区","丸山"],"2350008":[14,"横浜市磯子区","原町"],"2350042":[14,"横浜市磯子区","上中里町"],"2350032":[14,"横浜市磯子区","新杉田町"],"2350014":[14,"横浜市磯子区","中浜町"],"2350007":[14,"横浜市磯子区","西町"],"2350045":[14,"横浜市磯子区","洋光台"],"2350006":[14,"横浜市磯子区","鳳町"],"2358588":[14,"横浜市磯子区","丸山","１丁目１４－７"],"2350022":[14,"横浜市磯子区","汐見台"],"2350017":[14,"横浜市磯子区","新磯子町"],"2350000":[14,"横浜市磯子区",""],"2350001":[14,"横浜市磯子区","上町"],"2350036":[14,"横浜市磯子区","中原"],"2350002":[14,"横浜市磯子区","馬場町"],"2358522":[14,"横浜市磯子区","新杉田町","８"],"2350015":[14,"横浜市磯子区","久木町"],"2350012":[14,"横浜市磯子区","滝頭"],"2350003":[14,"横浜市磯子区","坂下町"],"2350044":[14,"横浜市磯子区","峰町"],"2350005":[14,"横浜市磯子区","東町"],"2350016":[14,"横浜市磯子区","磯子"],"2350034":[14,"横浜市磯子区","杉田坪呑"],"2350013":[14,"横浜市磯子区","広地町"],"2350018":[14,"横浜市磯子区","新森町"],"2358523":[14,"横浜市磯子区","新杉田町","８"],"2350031":[14,"横浜市磯子区","新中原町"],"2350033":[14,"横浜市磯子区","杉田"],"2350023":[14,"横浜市磯子区","森"],"2350021":[14,"横浜市磯子区","岡村"],"2350004":[14,"横浜市磯子区","下町"],"2350019":[14,"横浜市磯子区","磯子台"],"2350041":[14,"横浜市磯子区","栗木"],"2358558":[14,"横浜市磯子区","新森町","１"],"2350043":[14,"横浜市磯子区","氷取沢町"],"2358501":[14,"横浜市磯子区","新中原町","１番地"],"2350035":[14,"横浜市磯子区","田中"],"2358505":[14,"横浜市磯子区","新磯子町","１"]}
