{"2448510":[14,"横浜市戸塚区","柏尾町","１"],"2448558":[14,"横浜市戸塚区","戸塚町","１５７"],"2448601":[14,"横浜市戸塚区","戸塚町","４１００"],"2448566":[14,"横浜市戸塚区","戸塚町","４１３０"],"2448555":[14,"横浜市戸塚区","戸塚町","５０３０"],"2440813":[14,"横浜市戸塚区","舞岡町"],"2440814":[14,"横浜市戸塚区","南舞岡"],"2448588":[14,"横浜市栄区","田谷町","１"],"2440803":[14,"横浜市戸塚区","平戸町"],"2440812":[14,"横浜市戸塚区","柏尾町"],"2448503":[14,"横浜市戸塚区","品濃町","５０３－１０"],"2440804":[14,"横浜市戸塚区","前田町"],"2448571":[14,"横浜市戸塚区","前田町","１００番地"],"2448530":[14,"横浜市戸塚区","品濃町","５３７－１"],"2440817":[14,"横浜市戸塚区","吉田町"],"2440002":[14,"横浜市戸塚区","矢部町"],"2440843":[14,"横浜市栄区","長尾台町"],"2448569":[14,"横浜市戸塚区","前田町","１００番地"],"2440842":[14,"横浜市栄区","飯島町"],"2440001":[14,"横浜市戸塚区","鳥が丘"],"2448533":[14,"横浜市栄区","長尾台町","４７１"],"2448577":[14,"横浜市栄区","飯島町","１０９－１"],"2448501":[14,"横浜市栄区","飯島町","２００"],"2440805":[14,"横浜市戸塚区","川上町"],"2448589":[14,"横浜市栄区","田谷町","１"],"2440004":[14,"横浜市戸塚区","小雀町"],"2440806":[14,"横浜市戸塚区","上品濃"],"2440815":[14,"横浜市戸塚区","下倉田町"],"2448539":[14,"横浜市戸塚区","上倉田町","１５１８"],"2440811":[14,"横浜市戸塚区","上柏尾町"],"2448550":[14,"横浜市戸塚区","吉田町","２００１"],"2440003":[14,"横浜市戸塚区","戸塚町"],"2448585":[14,"横浜市戸塚区","品濃町","８８１－１６"],"2448522":[14,"横浜市戸塚区","舞岡町","１８４－１"],"2440841":[14,"横浜市栄区","長沼町"],"2440000":[14,"横浜市戸塚区",""],"2440845":[14,"横浜市栄区","金井町"],"2448502":[14,"横浜市戸塚区","戸塚町","３９３"],"2440844":[14,"横浜市栄区","田谷町"],"2440816":[14,"横浜市戸塚区","上倉田町"],"2440802":[14,"横浜市戸塚区","平戸"],"2440801":[14,"横浜市戸塚区","品濃町"],"2448528":[14,"横浜市戸塚区","品濃町","５３５－１"]}
