{"2920215":[12,"木更津市","上根岸"],"2920056":[12,"木更津市","木更津"],"2920838":[12,"木更津市","潮浜"],"2920036":[12,"木更津市","菅生"],"2920836":[12,"木更津市","新港"],"2920802":[12,"木更津市","真舟"],"2920441":[12,"君津市","戸崎"],"2920412":[12,"君津市","小櫃台"],"2920444":[12,"君津市","富田"],"2920002":[12,"木更津市","中野"],"2920534":[12,"君津市","滝原"],"2920824":[12,"木更津市","小浜"],"2920832":[12,"木更津市","新田"],"2920416":[12,"君津市","小市部"],"2920054":[12,"木更津市","長須賀"],"2920013":[12,"木更津市","若葉町"],"2920452":[12,"君津市","上新田"],"2920432":[12,"君津市","浦田"],"2920052":[12,"木更津市","祇園"],"2921151":[12,"君津市","大野台"],"2920414":[12,"君津市","久留里大谷"],"2920503":[12,"君津市","広岡"],"2928501":[12,"木更津市","潮見","１丁目１"],"2920443":[12,"君津市","寺沢"],"2921156":[12,"君津市","荻作"],"2920513":[12,"君津市","加名盛"],"2920021":[12,"木更津市","有吉"],"2920812":[12,"木更津市","矢那"],"2920063":[12,"木更津市","江川"],"2928522":[12,"木更津市","貝渕","３丁目１３－４０"],"2920071":[12,"木更津市","中島地先海ほたる"],"2920454":[12,"君津市","青柳"],"2921153":[12,"君津市","市宿"],"2920004":[12,"木更津市","久津間"],"2920024":[12,"木更津市","大寺"],"2920043":[12,"木更津市","東太田"],"2920816":[12,"木更津市","下烏田"],"2921163":[12,"君津市","東粟倉"],"2920031":[12,"木更津市","椿"],"2921155":[12,"君津市","鹿野山"],"2921161":[12,"君津市","東猪原"],"2920501":[12,"君津市","山滝野"],"2920041":[12,"木更津市","清見台東"],"2921166":[12,"君津市","植畑"],"2920045":[12,"木更津市","清見台"],"2920421":[12,"君津市","久留里市場"],"2920523":[12,"君津市","豊田"],"2921171":[12,"君津市","二入"],"2928539":[12,"木更津市","畑沢","１丁目１２－１４"],"2920404":[12,"君津市","賀恵渕"],"2920064":[12,"木更津市","中里"],"2920525":[12,"君津市","草川原"],"2920008":[12,"木更津市","中島"],"2920038":[12,"木更津市","ほたる野"],"2920521":[12,"君津市","利根"],"2921174":[12,"君津市","正木"],"2920204":[12,"木更津市","茅野"],"2920012":[12,"木更津市","牛袋"],"2928511":[12,"木更津市","東太田","３丁目４－１"],"2920212":[12,"木更津市","真里"],"2920451":[12,"君津市","末吉"],"2920803":[12,"木更津市","幸町"],"2920025":[12,"木更津市","十日市場"],"2920831":[12,"木更津市","富士見"],"2921172":[12,"君津市","辻森"],"2920805":[12,"木更津市","大和"],"2920422":[12,"君津市","久留里"],"2920453":[12,"君津市","箕輪"],"2920023":[12,"木更津市","下望陀"],"2921148":[12,"君津市","行馬"],"2920027":[12,"木更津市","曽根"],"2920402":[12,"君津市","西原"],"2920818":[12,"木更津市","かずさ鎌足"],"2920535":[12,"君津市","釜生"],"2920526":[12,"君津市","笹"],"2921177":[12,"君津市","怒田沢"],"2920811":[12,"木更津市","草敷"],"2921176":[12,"君津市","宿原"],"2921140":[12,"君津市","糠田飛地"],"2920000":[12,"木更津市",""],"2920815":[12,"木更津市","大久保"],"2921145":[12,"君津市","糸川"],"2928550":[12,"木更津市","富士見","２丁目７－１８"],"2920201":[12,"木更津市","真里谷"],"2921179":[12,"君津市","豊英"],"2920067":[12,"木更津市","中央"],"2920007":[12,"木更津市","瓜倉"],"2920515":[12,"君津市","柳城"],"2920214":[12,"木更津市","戸国"],"2921147":[12,"君津市","塚原"],"2920033":[12,"木更津市","犬成"],"2921143":[12,"君津市","長石"],"2920835":[12,"木更津市","築地"],"2920015":[12,"木更津市","本郷"],"2920813":[12,"木更津市","上烏田"],"2920062":[12,"木更津市","西岩根"],"2920511":[12,"君津市","大坂"],"2928611":[12,"木更津市","大和","２丁目３－１"],"2920822":[12,"木更津市","桜井"],"2920202":[12,"木更津市","茅野七曲"],"2928535":[12,"木更津市","桜井","１０１０"],"2928686":[12,"木更津市","江川","無番地"],"2920205":[12,"木更津市","下郡"],"2920011":[12,"木更津市","牛袋野"],"2921175":[12,"君津市","奥米"],"2920516":[12,"君津市","高水"],"2920445":[12,"君津市","愛宕"],"2920213":[12,"木更津市","下内橋"],"2920053":[12,"木更津市","永井作"],"2920431":[12,"君津市","怒田"],"2920065":[12,"木更津市","吾妻"],"2920016":[12,"木更津市","高砂"],"2920003":[12,"木更津市","万石"],"2920833":[12,"木更津市","貝渕"],"2920014":[12,"木更津市","高柳"],"2920207":[12,"木更津市","田川"],"2920216":[12,"木更津市","根岸"],"2921157":[12,"君津市","福岡"],"2920522":[12,"君津市","大中"],"2920801":[12,"木更津市","請西"],"2928533":[12,"木更津市","潮見","８丁目４"],"2920442":[12,"君津市","岩出"],"2920435":[12,"君津市","栗坪"],"2920035":[12,"木更津市","中尾"],"2920044":[12,"木更津市","太田"],"2920817":[12,"木更津市","中烏田"],"2920022":[12,"木更津市","上望陀"],"2928555":[12,"木更津市","東太田","３丁目４－５"],"2920531":[12,"君津市","藤林"],"2921165":[12,"君津市","西日笠"],"2920415":[12,"君津市","川谷"],"2920827":[12,"木更津市","港南台"],"2920401":[12,"君津市","山本"],"2920537":[12,"君津市","黄和田畑"],"2920527":[12,"君津市","香木原"],"2920807":[12,"木更津市","請西南"],"2921154":[12,"君津市","清和市場"],"2928568":[12,"木更津市","真舟","３丁目２９－１"],"2920502":[12,"君津市","平山"],"2921152":[12,"君津市","日渡根"],"2920005":[12,"木更津市","畔戸"],"2921162":[12,"君津市","西猪原"],"2920042":[12,"木更津市","清見台南"],"2920055":[12,"木更津市","朝日"],"2920839":[12,"木更津市","中の島"],"2920524":[12,"君津市","川俣"],"2920032":[12,"木更津市","笹子"],"2921149":[12,"君津市","かずさ小糸"],"2920455":[12,"君津市","俵田"],"2920819":[12,"木更津市","羽鳥野"],"2920203":[12,"木更津市","山本七曲"],"2920825":[12,"木更津市","畑沢"],"2920837":[12,"木更津市","木材港"],"2920211":[12,"木更津市","大稲"],"2921167":[12,"君津市","平田"],"2928530":[12,"木更津市","新田","３－４－３１"],"2920821":[12,"木更津市","桜町"],"2921141":[12,"君津市","根本"],"2920433":[12,"君津市","芋窪"],"2920051":[12,"木更津市","清川"],"2920804":[12,"木更津市","文京"],"2920037":[12,"木更津市","日の出町"],"2921168":[12,"君津市","西粟倉"],"2920423":[12,"君津市","久留里大和田"],"2920034":[12,"木更津市","伊豆島"],"2928510":[12,"木更津市","吾妻","地先"],"2920532":[12,"君津市","坂畑"],"2920001":[12,"木更津市","牛込"],"2920206":[12,"木更津市","佐野"],"2921164":[12,"君津市","東日笠"],"2920814":[12,"木更津市","八幡台"],"2920411":[12,"君津市","長谷川"],"2920057":[12,"木更津市","東中央"],"2920217":[12,"木更津市","下宮田"],"2921144":[12,"君津市","法木"],"2928565":[12,"木更津市","矢那","１０８３"],"2921173":[12,"君津市","大岩"],"2920826":[12,"木更津市","畑沢南"],"2920536":[12,"君津市","蔵玉"],"2920066":[12,"木更津市","新宿"],"2921142":[12,"君津市","小糸大谷"],"2928520":[12,"木更津市","貝渕","３丁目１３－３４"],"2920434":[12,"君津市","向郷"],"2920514":[12,"君津市","大戸見旧名殿"],"2921178":[12,"君津市","旅名"],"2920533":[12,"君津市","折木沢"],"2920834":[12,"木更津市","潮見"],"2920403":[12,"君津市","三田"],"2920026":[12,"木更津市","井尻"],"2920806":[12,"木更津市","請西東"],"2920006":[12,"木更津市","北浜町"],"2920061":[12,"木更津市","岩根"],"2921146":[12,"君津市","大井戸"],"2920413":[12,"君津市","吉野"],"2921158":[12,"君津市","鎌滝"],"2920512":[12,"君津市","大戸見"],"2920823":[12,"木更津市","桜井新町"],"2928525":[12,"木更津市","貝渕","３－１３－３４"]}
