{"3430013":[11,"越谷市","中島"],"3430801":[11,"越谷市","野島"],"3430008":[11,"越谷市","大吉"],"3430836":[11,"越谷市","蒲生寿町"],"3430193":[11,"北葛飾郡松伏町","大字築比地",""],"3430006":[11,"越谷市","北川崎"],"3430023":[11,"越谷市","東越谷"],"3438502":[11,"越谷市","流通団地","３丁目１－１９"],"3430813":[11,"越谷市","越ケ谷"],"3438555":[11,"越谷市","南越谷","２丁目１－５０"],"3430856":[11,"越谷市","谷中町"],"3430838":[11,"越谷市","蒲生"],"3430803":[11,"越谷市","砂原"],"3430831":[11,"越谷市","伊原"],"3430824":[11,"越谷市","流通団地"],"3430851":[11,"越谷市","七左町"],"3430817":[11,"越谷市","中町"],"3430001":[11,"越谷市","平方南町"],"3430022":[11,"越谷市","東大沢"],"3430806":[11,"越谷市","宮本町"],"3430042":[11,"越谷市","千間台東"],"3430003":[11,"越谷市","船渡"],"3430818":[11,"越谷市","越ケ谷本町"],"3430011":[11,"越谷市","増林"],"3438601":[11,"越谷市","赤山町","５丁目７－４７"],"3430112":[11,"北葛飾郡松伏町","松葉"],"3430033":[11,"越谷市","恩間"],"3430822":[11,"越谷市","西方"],"3430808":[11,"越谷市","赤山本町"],"3430044":[11,"越谷市","大泊"],"3430105":[11,"北葛飾郡松伏町","田島"],"3430041":[11,"越谷市","千間台西"],"3430802":[11,"越谷市","小曽川"],"3430811":[11,"越谷市","御殿町"],"3430114":[11,"北葛飾郡松伏町","ゆめみ野東"],"3430005":[11,"越谷市","大杉"],"3430034":[11,"越谷市","大竹"],"3430116":[11,"北葛飾郡松伏町","下赤岩"],"3430854":[11,"越谷市","北後谷"],"3438554":[11,"越谷市","七左町","５丁目６－１"],"3430007":[11,"越谷市","向畑"],"3430812":[11,"越谷市","柳町"],"3430804":[11,"越谷市","南荻島"],"3430106":[11,"北葛飾郡松伏町","大川戸"],"3430111":[11,"北葛飾郡松伏町","松伏"],"3430855":[11,"越谷市","西新井"],"3430021":[11,"越谷市","大林"],"3430100":[11,"北葛飾郡松伏町",""],"3430844":[11,"越谷市","大間野町"],"3430832":[11,"越谷市","南町"],"3430027":[11,"越谷市","大房"],"3430842":[11,"越谷市","蒲生旭町"],"3430834":[11,"越谷市","蒲生愛宕町"],"3430117":[11,"北葛飾郡松伏町","田中"],"3430826":[11,"越谷市","東町"],"3430000":[11,"越谷市",""],"3430024":[11,"越谷市","越ケ谷"],"3430025":[11,"越谷市","大沢"],"3430115":[11,"北葛飾郡松伏町","上赤岩"],"3430026":[11,"越谷市","北越谷"],"3438511":[11,"越谷市","大字南荻島","３３３７"],"3430841":[11,"越谷市","蒲生東町"],"3430835":[11,"越谷市","蒲生西町"],"3430102":[11,"北葛飾郡松伏町","築比地"],"3430843":[11,"越谷市","蒲生茜町"],"3430043":[11,"越谷市","上間久里"],"3430113":[11,"北葛飾郡松伏町","ゆめみ野"],"3438585":[11,"越谷市","南越谷","１－２８７６－１"],"3430037":[11,"越谷市","恩間新田"],"3430853":[11,"越谷市","長島"],"3430805":[11,"越谷市","神明町"],"3438540":[11,"越谷市","大字三野宮","８２０"],"3430852":[11,"越谷市","新川町"],"3430823":[11,"越谷市","相模町"],"3430046":[11,"越谷市","弥栄町"],"3430012":[11,"越谷市","増森"],"3430101":[11,"北葛飾郡松伏町","魚沼"],"3430821":[11,"越谷市","瓦曽根"],"3430032":[11,"越谷市","袋山"],"3430002":[11,"越谷市","平方"],"3430846":[11,"越谷市","登戸町"],"3430031":[11,"越谷市","大里"],"3430192":[11,"北葛飾郡松伏町","大字松伏","２４２４"],"3430814":[11,"越谷市","東柳田町"],"3430015":[11,"越谷市","花田"],"3430837":[11,"越谷市","蒲生本町"],"3430815":[11,"越谷市","元柳田町"],"3430825":[11,"越谷市","大成町"],"3430833":[11,"越谷市","蒲生南町"],"3430047":[11,"越谷市","弥十郎"],"3430807":[11,"越谷市","赤山町"],"3430014":[11,"越谷市","宮前"],"3430104":[11,"北葛飾郡松伏町","田島東"],"3430004":[11,"越谷市","大松"],"3430816":[11,"越谷市","弥生町"],"3430036":[11,"越谷市","三野宮"],"3430827":[11,"越谷市","川柳町"],"3430103":[11,"北葛飾郡松伏町","金杉"],"3430045":[11,"越谷市","下間久里"],"3430035":[11,"越谷市","大道"],"3430845":[11,"越谷市","南越谷"],"3438501":[11,"越谷市","越ケ谷","４丁目２番１号"]}
