{"3960031":[20,"伊那市","中の原"],"3960303":[20,"伊那市","高遠町荊口"],"3968682":[20,"伊那市","伊那部","１０７１番地３"],"3960406":[20,"伊那市","長谷杉島"],"3960030":[20,"伊那市","平沢"],"3960026":[20,"伊那市","西町"],"3960014":[20,"伊那市","狐島"],"3960302":[20,"伊那市","高遠町芝平"],"3960217":[20,"伊那市","高遠町上山田"],"3968501":[20,"伊那市","大字伊那部","日影４３５－１"],"3960401":[20,"伊那市","長谷非持"],"3960004":[20,"伊那市","手良中坪"],"3960025":[20,"伊那市","荒井"],"3960405":[20,"伊那市","長谷市野瀬"],"3960402":[20,"伊那市","長谷溝口"],"3960211":[20,"伊那市","高遠町西高遠"],"3960022":[20,"伊那市","御園"],"3960216":[20,"伊那市","高遠町下山田"],"3960003":[20,"伊那市","手良野口"],"3960029":[20,"伊那市","横山"],"3960000":[20,"伊那市",""],"3960009":[20,"伊那市","日影"],"3960111":[20,"伊那市","美篶"],"3960113":[20,"伊那市","美原"],"3960007":[20,"伊那市","若宮"],"3968511":[20,"伊那市","大字伊那部","６１００"],"3968510":[20,"伊那市","伊那部","４２９１番地"],"3968550":[20,"伊那市","大字伊那","３５４５－１"],"3960112":[20,"伊那市","前原"],"3960021":[20,"伊那市","伊那"],"3960032":[20,"伊那市","小沢"],"3960214":[20,"伊那市","高遠町勝間"],"3960213":[20,"伊那市","高遠町東高遠"],"3960215":[20,"伊那市","高遠町小原"],"3968617":[20,"伊那市","大字伊那部","３０５０番地"],"3960005":[20,"伊那市","野底"],"3960404":[20,"伊那市","長谷中尾"],"3960301":[20,"伊那市","高遠町藤沢"],"3960001":[20,"伊那市","福島"],"3960198":[20,"伊那市","大字美篶","８０６０番地"],"3960010":[20,"伊那市","境"],"3960006":[20,"伊那市","上牧"],"3960293":[20,"伊那市","高遠町小原","８２４番地"],"3960028":[20,"伊那市","荒井内の萱"],"3960024":[20,"伊那市","坂下"],"3968585":[20,"伊那市","大字伊那","３６７２"],"3960407":[20,"伊那市","長谷浦"],"3960212":[20,"伊那市","高遠町長藤"],"3960027":[20,"伊那市","ますみヶ丘"],"3968609":[20,"伊那市","大字伊那部","４０９８－３"],"3960013":[20,"伊那市","下新田"],"3960114":[20,"伊那市","仙美"],"3960621":[20,"伊那市","富県"],"3968558":[20,"伊那市","大字伊那","２１６５"],"3960403":[20,"伊那市","長谷黒河内"],"3960304":[20,"伊那市","高遠町山室"],"3960002":[20,"伊那市","手良沢岡"],"3960023":[20,"伊那市","山寺"],"3960011":[20,"伊那市","伊那部"],"3960033":[20,"伊那市","小四郎久保"],"3960012":[20,"伊那市","上新田"],"3968611":[20,"伊那市","伊那","３４３８－１"],"3960015":[20,"伊那市","中央"],"3960008":[20,"伊那市","上の原"],"3960305":[20,"伊那市","高遠町長藤"],"3968555":[20,"伊那市","大字伊那","１３１３－１"]}
