{"4418103":[23,"豊橋市","山田三番町"],"4410154":[23,"豊橋市","梅薮西町"],"4418035":[23,"豊橋市","有楽町"],"4418141":[23,"豊橋市","草間町"],"4413624":[23,"田原市","伊良湖町"],"4413123":[23,"豊橋市","小松原町"],"4418131":[23,"豊橋市","東大清水町"],"4411535":[23,"新城市","作手杉平"],"4411206":[23,"豊川市","篠田町"],"4418067":[23,"豊橋市","小浜町"],"4418024":[23,"豊橋市","花田町"],"4411412":[23,"新城市","作手鴨ケ谷"],"4413504":[23,"田原市","越戸町"],"4410202":[23,"豊川市","赤坂町"],"4413601":[23,"田原市","宇津江町"],"4413153":[23,"豊橋市","二川町"],"4418114":[23,"豊橋市","藤並町"],"4410313":[23,"豊川市","御津町泙野"],"4418043":[23,"豊橋市","高師石塚町"],"4411613":[23,"新城市","細川"],"4418015":[23,"豊橋市","築地町"],"4413502":[23,"田原市","赤羽根町"],"4418511":[23,"豊橋市","神野新田町","字テノ割１"],"4413142":[23,"豊橋市","大岩町"],"4411316":[23,"新城市","緑が丘"],"4413627":[23,"田原市","堀切町"],"4418507":[23,"豊橋市","明海町","２－２８"],"4411381":[23,"新城市","下川"],"4411332":[23,"新城市","黒田"],"4410301":[23,"豊川市","御津町上佐脇"],"4411312":[23,"新城市","浅谷"],"4411203":[23,"豊川市","足山田町"],"4418033":[23,"豊橋市","入船町"],"4418002":[23,"豊橋市","吉川町"],"4418666":[23,"豊橋市","新栄町","字鳥畷６２"],"4411352":[23,"新城市","豊栄"],"4411633":[23,"新城市","乗本"],"4411941":[23,"新城市","連合"],"4413417":[23,"田原市","豊島町"],"4410323":[23,"豊川市","御津町金野"],"4411306":[23,"新城市","川路"],"4413414":[23,"田原市","東神戸町"],"4413695":[23,"田原市","古田町","岡ノ越６－４"],"4410314":[23,"豊川市","御津町御幸浜"],"4411363":[23,"新城市","東沖野"],"4418577":[23,"豊橋市","明海町","２２番地"],"4418517":[23,"豊橋市","向草間町","字北新切１２－１"],"4413131":[23,"豊橋市","大岩町"],"4418502":[23,"豊橋市","花田町","字荒木１５"],"4410103":[23,"豊川市","小坂井町"],"4418510":[23,"豊橋市","明海町","１"],"4418016":[23,"豊橋市","新栄町"],"4411376":[23,"新城市","宮ノ前"],"4411106":[23,"豊橋市","石巻小野田町"],"4411367":[23,"新城市","札木"],"4413113":[23,"豊橋市","細谷町"],"4413213":[23,"豊橋市","西赤沢町"],"4413408":[23,"田原市","吉胡台"],"4418530":[23,"豊橋市","大山町","字五分取２１番地の１"],"4411341":[23,"新城市","杉山"],"4412525":[23,"豊田市","小田木町"],"4418102":[23,"豊橋市","山田一番町"],"4418055":[23,"豊橋市","柱九番町"],"4418135":[23,"豊橋市","富士見台"],"4418109":[23,"豊橋市","小松町"],"4418019":[23,"豊橋市","花田町"],"4412315":[23,"北設楽郡設楽町","神田"],"4418503":[23,"豊橋市","三ツ相町","２４０"],"4411211":[23,"豊川市","江島町"],"4412517":[23,"豊田市","川手町"],"4413193":[23,"豊橋市","大岩町","字小山塚２０"],"4411532":[23,"新城市","作手高松"],"4410105":[23,"豊川市","伊奈町"],"4412301":[23,"北設楽郡設楽町","田口"],"4418062":[23,"豊橋市","東小浜町"],"4412300":[23,"北設楽郡設楽町",""],"4411112":[23,"豊橋市","石巻町"],"4418111":[23,"豊橋市","江島町"],"4411223":[23,"豊川市","橋尾町"],"4411372":[23,"新城市","裏野"],"4411326":[23,"新城市","中野"],"4412224":[23,"北設楽郡設楽町","豊邦"],"4411101":[23,"豊橋市","賀茂町"],"4410304":[23,"豊川市","御津町佐脇浜"],"4412431":[23,"北設楽郡設楽町","西納庫"],"4418071":[23,"豊橋市","大山町"],"4413615":[23,"田原市","中山町"],"4413607":[23,"田原市","夕陽が浜"],"4418086":[23,"豊橋市","問屋町"],"4418065":[23,"豊橋市","中浜町"],"4418044":[23,"豊橋市","南小池町"],"4413134":[23,"豊橋市","大岩町"],"4413617":[23,"田原市","福江町"],"4411346":[23,"新城市","川田"],"4418107":[23,"豊橋市","南栄町"],"4411377":[23,"新城市","宮ノ西"],"4418566":[23,"豊橋市","白河町","１００番地"],"4418011":[23,"豊橋市","菰口町"],"4411368":[23,"新城市","屋敷"],"4418142":[23,"豊橋市","向草間町"],"4413404":[23,"田原市","片浜町"],"4418539":[23,"豊橋市","中野町","字中原１００"],"4413611":[23,"田原市","石神町"],"4413152":[23,"豊橋市","二川町"],"4410193":[23,"豊川市","伊奈町","南山新田３５０"],"4418088":[23,"豊橋市","牟呂市場町"],"4413104":[23,"豊橋市","雲谷町"],"4411954":[23,"新城市","只持"],"4413436":[23,"田原市","白浜"],"4418061":[23,"豊橋市","藤沢町"],"4411322":[23,"新城市","日吉"],"4412311":[23,"北設楽郡設楽町","八橋"],"4410392":[23,"豊川市","御津町西方","日暮３０番地"],"4418522":[23,"豊橋市","町畑町","１－１"],"4411337":[23,"新城市","八名井"],"4413143":[23,"豊橋市","大岩町"],"4418074":[23,"豊橋市","明海町"],"4411115":[23,"豊橋市","石巻本町"],"4418017":[23,"豊橋市","北側町"],"4410292":[23,"豊川市","赤坂町","松本２５０番地"],"4413196":[23,"豊橋市","中原町","字岩西５－１"],"4418064":[23,"豊橋市","富本町"],"4418515":[23,"豊橋市","問屋町","２－２"],"4413619":[23,"田原市","西山町"],"4411345":[23,"新城市","豊島"],"4418048":[23,"豊橋市","西小池町"],"4413401":[23,"田原市","緑が浜"],"4418042":[23,"豊橋市","小池町"],"4411212":[23,"豊川市","金沢町"],"4411328":[23,"新城市","桜淵"],"4413626":[23,"田原市","小塩津町"],"4418125":[23,"豊橋市","野依台"],"4410203":[23,"豊川市","長沢町"],"4411615":[23,"新城市","大野"],"4412601":[23,"北設楽郡設楽町","津具"],"4418147":[23,"豊橋市","内張町"],"4418580":[23,"豊橋市","天伯町","字雲雀ケ丘１－１"],"4411293":[23,"豊川市","一宮町","幸６"],"4411317":[23,"新城市","有海"],"4413112":[23,"豊橋市","東細谷町"],"4411614":[23,"新城市","睦平"],"4411424":[23,"新城市","作手中河内"],"4411307":[23,"新城市","富沢"],"4413614":[23,"田原市","保美町"],"4410315":[23,"豊川市","御津町大草"],"4412522":[23,"豊田市","武節町"],"4413618":[23,"田原市","小中山町"],"4411621":[23,"新城市","下吉田"],"4411335":[23,"新城市","富岡"],"4413406":[23,"田原市","波瀬町"],"4418560":[23,"豊橋市","植田町","字大膳３９－５"],"4411311":[23,"新城市","須長"],"4413115":[23,"豊橋市","豊清町"],"4411413":[23,"新城市","作手白鳥"],"4418106":[23,"豊橋市","弥生町"],"4412314":[23,"北設楽郡設楽町","平山"],"4418053":[23,"豊橋市","柱二番町"],"4413418":[23,"田原市","相川町"],"4418084":[23,"豊橋市","市場"],"4411634":[23,"新城市","長篠"],"4412531":[23,"北設楽郡設楽町","西納庫"],"4411373":[23,"新城市","西新町"],"4418550":[23,"豊橋市","明海町","５－１０"],"4413425":[23,"田原市","大草町"],"4418081":[23,"豊橋市","西羽田町"],"4418089":[23,"豊橋市","牟呂大西町"],"4411386":[23,"新城市","南畑"],"4411353":[23,"新城市","徳定"],"4413415":[23,"田原市","神戸町"],"4418023":[23,"豊橋市","八通町"],"4413621":[23,"田原市","山田町"],"4413141":[23,"豊橋市","大岩町"],"4412514":[23,"豊田市","中当町"],"4418144":[23,"豊橋市","磯辺下地町"],"4410211":[23,"豊川市","御油町"],"4413302":[23,"豊橋市","杉山町"],"4411388":[23,"新城市","橋向"],"4418028":[23,"豊橋市","立花町"],"4418056":[23,"豊橋市","柱八番町"],"4411222":[23,"豊川市","豊津町"],"4418122":[23,"豊橋市","天伯町"],"4413121":[23,"豊橋市","西山町"],"4418154":[23,"豊橋市","西高師町"],"4411387":[23,"新城市","北畑"],"4411392":[23,"新城市","字東入船","６－１"],"4410212":[23,"豊川市","御油町"],"4411303":[23,"新城市","牛倉"],"4410153":[23,"豊橋市","新西浜町"],"4413405":[23,"田原市","姫見台"],"4411692":[23,"新城市","長篠","字下り筬１－２"],"4410104":[23,"豊川市","平井町"],"4413133":[23,"豊橋市","大岩町"],"4418151":[23,"豊橋市","曙町"],"4411361":[23,"新城市","平井"],"4411323":[23,"新城市","吉川"],"4411102":[23,"豊橋市","石巻西川町"],"4418012":[23,"豊橋市","羽田町"],"4418001":[23,"豊橋市","野田町"],"4413604":[23,"田原市","伊川津町"],"4413101":[23,"豊橋市","大脇町"],"4418121":[23,"豊橋市","畑ケ田町"],"4411362":[23,"新城市","平井"],"4411624":[23,"新城市","竹ノ輪"],"4411402":[23,"新城市","作手木和田"],"4412434":[23,"北設楽郡設楽町","大名倉"],"4418054":[23,"豊橋市","柱一番町"],"4413103":[23,"豊橋市","雲谷町"],"4411534":[23,"新城市","作手田代"],"4413111":[23,"豊橋市","原町"],"4411533":[23,"新城市","作手荒原"],"4413501":[23,"田原市","高松町"],"4413505":[23,"田原市","池尻町"],"4418059":[23,"豊橋市","柱五番町"],"4413211":[23,"豊橋市","伊古部町"],"4410303":[23,"豊川市","御津町新田"],"4411315":[23,"新城市","大海"],"4418134":[23,"豊橋市","植田町"],"4413126":[23,"豊橋市","冨士見町"],"4418066":[23,"豊橋市","王ケ崎町"],"4418036":[23,"豊橋市","東橋良町"],"4413608":[23,"田原市","折立町"],"4418101":[23,"豊橋市","山田町"],"4413400":[23,"田原市",""],"4411384":[23,"新城市","西入船"],"4418115":[23,"豊橋市","東高田町"],"4412511":[23,"豊田市","大野瀬町"],"4411953":[23,"新城市","一色"],"4413203":[23,"豊橋市","高塚町"],"4411942":[23,"新城市","四谷"],"4411605":[23,"新城市","能登瀬"],"4412302":[23,"北設楽郡設楽町","清崎"],"4413194":[23,"豊橋市","中原町","字平山１８"],"4413151":[23,"豊橋市","二川町"],"4418085":[23,"豊橋市","青竹町"],"4413147":[23,"豊橋市","大岩町"],"4418022":[23,"豊橋市","野黒町"],"4413106":[23,"豊橋市","中原町"],"4413434":[23,"田原市","ほると台"],"4418073":[23,"豊橋市","大崎町"],"4411231":[23,"豊川市","一宮町"],"4411318":[23,"新城市","八束穂"],"4411104":[23,"豊橋市","石巻中山町"],"4413155":[23,"豊橋市","二川町"],"4411604":[23,"新城市","名越"],"4418037":[23,"豊橋市","中橋良町"],"4411943":[23,"新城市","海老"],"4412313":[23,"北設楽郡設楽町","和市"],"4418069":[23,"豊橋市","潮崎町"],"4413125":[23,"豊橋市","豊栄町"],"4413426":[23,"田原市","大久保町"],"4418092":[23,"豊橋市","牟呂外神町"],"4413625":[23,"田原市","亀山町"],"4411414":[23,"新城市","作手清岳"],"4418057":[23,"豊橋市","柱七番町"],"4418112":[23,"豊橋市","牧野町"],"4411329":[23,"新城市","笠岩"],"4410000":[23,"豊橋市",""],"4413622":[23,"田原市","和地町"],"4410316":[23,"豊川市","御津町赤根"],"4411344":[23,"新城市","野田"],"4411334":[23,"新城市","中宇利"],"4410214":[23,"豊川市","御油町"],"4412223":[23,"北設楽郡設楽町","三都橋"],"4411365":[23,"新城市","石名号"],"4411221":[23,"豊川市","松原町"],"4411327":[23,"新城市","鰹淵"],"4418156":[23,"豊橋市","高師町"],"4411331":[23,"新城市","庭野"],"4413412":[23,"田原市","谷熊町"],"4411103":[23,"豊橋市","石巻萩平町"],"4418045":[23,"豊橋市","北丘町"],"4418519":[23,"豊橋市","若松町","字若松１４６"],"4413605":[23,"田原市","江比間町"],"4418512":[23,"豊橋市","問屋町","１－８"],"4418148":[23,"豊橋市","一色町"],"4413214":[23,"豊橋市","城下町"],"4418083":[23,"豊橋市","東脇"],"4411354":[23,"新城市","片山"],"4411404":[23,"新城市","作手菅沼"],"4411601":[23,"新城市","川合"],"4413146":[23,"豊橋市","大岩町"],"4411374":[23,"新城市","町並"],"4413431":[23,"田原市","白谷町"],"4418555":[23,"豊橋市","南大清水町","字富士見４５６番地"],"4411383":[23,"新城市","東入船"],"4410204":[23,"豊川市","赤坂台"],"4418143":[23,"豊橋市","松井町"],"4418558":[23,"豊橋市","問屋町","２３－１"],"4411314":[23,"新城市","横川"],"4412515":[23,"豊田市","夏焼町"],"4418063":[23,"豊橋市","橋良町"],"4413411":[23,"田原市","やぐま台"],"4410102":[23,"豊川市","篠束町"],"4418013":[23,"豊橋市","花田一番町"],"4413419":[23,"田原市","御殿山"],"4411292":[23,"豊川市","一宮町","豊１"],"4410321":[23,"豊川市","御津町広石"],"4418006":[23,"豊橋市","高洲町"],"4418153":[23,"豊橋市","高師本郷町"],"4413503":[23,"田原市","若見町"],"4411611":[23,"新城市","七郷一色"],"4411201":[23,"豊川市","東上町"],"4413407":[23,"田原市","光崎"],"4418570":[23,"豊橋市","青竹町","字八間西５０"],"4418031":[23,"豊橋市","中郷町"],"4410322":[23,"豊川市","御津町豊沢"],"4418041":[23,"豊橋市","柳生町"],"4418093":[23,"豊橋市","牟呂中村町"],"4413154":[23,"豊橋市","二川町"],"4411956":[23,"新城市","塩瀬"],"4411324":[23,"新城市",""],"4413603":[23,"田原市","村松町"],"4418027":[23,"豊橋市","錦町"],"4418117":[23,"豊橋市","浜道町"],"4418032":[23,"豊橋市","花中町"],"4418116":[23,"豊橋市","高田町"],"4413202":[23,"豊橋市","西七根町"],"4418152":[23,"豊橋市","三本木町"],"4411300":[23,"新城市",""],"4410215":[23,"豊川市","御油町"],"4411602":[23,"新城市","池場"],"4410106":[23,"豊川市","美園"],"4418047":[23,"豊橋市","鴨田町"],"4411343":[23,"新城市","野田"],"4411338":[23,"新城市","一鍬田"],"4418025":[23,"豊橋市","羽根井町"],"4411631":[23,"新城市","豊岡"],"4412433":[23,"北設楽郡設楽町","川向"],"4411492":[23,"新城市","作手高里","字縄手上３２番地"],"4418108":[23,"豊橋市","町畑町"],"4412222":[23,"北設楽郡設楽町","田内"],"4412317":[23,"北設楽郡設楽町","小松"],"4418145":[23,"豊橋市","駒形町"],"4410152":[23,"豊橋市","前芝町"],"4411423":[23,"新城市","作手高里"],"4411204":[23,"豊川市","西原町"],"4418038":[23,"豊橋市","堂坂町"],"4410195":[23,"豊川市","小坂井町","門並５－１"],"4412312":[23,"北設楽郡設楽町","長江"],"4412512":[23,"豊田市","野入町"],"4413132":[23,"豊橋市","大岩町"],"4413402":[23,"田原市","吉胡町"],"4412526":[23,"豊田市","富永町"],"4410311":[23,"豊川市","御津町御馬"],"4411114":[23,"豊橋市","森岡町"],"4411636":[23,"新城市","富保"],"4411295":[23,"豊川市","大木町","新道１００"],"4413144":[23,"豊橋市","大岩町"],"4413416":[23,"田原市","東赤石"],"4418090":[23,"豊橋市","牟呂公文町"],"4413102":[23,"豊橋市","大脇町"],"4411421":[23,"新城市","作手黒瀬"],"4411946":[23,"新城市","副川"],"4412523":[23,"豊田市","御所貝津町"],"4418077":[23,"豊橋市","神野新田町"],"4411693":[23,"新城市","門谷"],"4413613":[23,"田原市","古田町"],"4411616":[23,"新城市","井代"],"4413122":[23,"豊橋市","小島町"],"4411952":[23,"新城市","中島"],"4410302":[23,"豊川市","御津町下佐脇"],"4411304":[23,"新城市","大宮"],"4418105":[23,"豊橋市","北山町"],"4413114":[23,"豊橋市","三弥町"],"4413433":[23,"田原市","芦町"],"4411403":[23,"新城市","作手善夫"],"4418133":[23,"豊橋市","大清水町"],"4411622":[23,"新城市","上吉田"],"4411401":[23,"新城市","作手守義"],"4418686":[23,"豊橋市","藤並町","字藤並７３"],"4411945":[23,"新城市","玖老勢"],"4418091":[23,"豊橋市","牟呂水神町"],"4412303":[23,"北設楽郡設楽町","松戸"],"4411348":[23,"新城市","市場台"],"4418005":[23,"豊橋市","富久縞町"],"4418155":[23,"豊橋市","芦原町"],"4418014":[23,"豊橋市","花田二番町"],"4418058":[23,"豊橋市","柱六番町"],"4413403":[23,"田原市","浦町"],"4411612":[23,"新城市","巣山"],"4411366":[23,"新城市","向野"],"4413602":[23,"田原市","八王子町"],"4418113":[23,"豊橋市","西幸町"],"4418545":[23,"豊橋市","曙町","字松並１０１"],"4410295":[23,"豊川市","赤坂町","平山１番地"],"4411955":[23,"新城市","布里"],"4418003":[23,"豊橋市","小向町"],"4418068":[23,"豊橋市","神ノ輪町"],"4413124":[23,"豊橋市","寺沢町"],"4411202":[23,"豊川市","上長山町"],"4411347":[23,"新城市","川田"],"4413192":[23,"豊橋市","原町","字蔵社８８"],"4418123":[23,"豊橋市","若松町"],"4413212":[23,"豊橋市","東赤沢町"],"4413145":[23,"豊橋市","大岩町"],"4418021":[23,"豊橋市","白河町"],"4410151":[23,"豊橋市","日色野町"],"4411111":[23,"豊橋市","嵩山町"],"4418072":[23,"豊橋市","船渡町"],"4418520":[23,"豊橋市","中野町","字平北８０"],"4418008":[23,"豊橋市","三ツ相町"],"4418051":[23,"豊橋市","柱四番町"],"4411382":[23,"新城市","滝ノ上"],"4411105":[23,"豊橋市","石巻平野町"],"4410155":[23,"豊橋市","梅薮町"],"4413421":[23,"田原市","田原町"],"4410213":[23,"豊川市","御油町"],"4413301":[23,"豊橋市","老津町"],"4413427":[23,"田原市","加治町"],"4413409":[23,"田原市","片西"],"4413413":[23,"田原市","六連町"],"4411302":[23,"新城市","富永"],"4412516":[23,"豊田市","押山町"],"4418157":[23,"豊橋市","上野町"],"4411364":[23,"新城市","沖野"],"4413612":[23,"田原市","高木町"],"4411531":[23,"新城市","作手大和田"],"4413422":[23,"田原市","赤石"],"4411313":[23,"新城市","出沢"],"4413435":[23,"田原市","仁崎町"],"4413606":[23,"田原市","馬伏町"],"4418104":[23,"豊橋市","山田二番町"],"4418525":[23,"豊橋市","西幸町","字笠松１１１"],"4411375":[23,"新城市","的場"],"4418501":[23,"豊橋市","花田町","字荒木４１－１"],"4413623":[23,"田原市","日出町"],"4411623":[23,"新城市","黄柳野"],"4418588":[23,"豊橋市","神野新田町","字トノ割２８"],"4413616":[23,"田原市","向山町"],"4418540":[23,"豊橋市","野依町","字細田"],"4411342":[23,"新城市","石田"],"4411336":[23,"新城市","富岡"],"4412524":[23,"豊田市","黒田町"],"4411411":[23,"新城市","作手岩波"],"4411951":[23,"新城市","愛郷"],"4418124":[23,"豊橋市","野依町"],"4413424":[23,"田原市","南神戸町"],"4412221":[23,"北設楽郡設楽町","田峯"],"4410101":[23,"豊川市","宿町"],"4411944":[23,"新城市","門谷"],"4412513":[23,"豊田市","稲武町"],"4411321":[23,"新城市","市川"],"4410194":[23,"豊川市","篠束町","若宮５３"],"4411113":[23,"豊橋市","東森岡"],"4418007":[23,"豊橋市","馬見塚町"],"4418004":[23,"豊橋市","吉前町"],"4418026":[23,"豊橋市","羽根井西町"],"4412316":[23,"北設楽郡設楽町","荒尾"],"4413423":[23,"田原市","西神戸町"],"4418039":[23,"豊橋市","西橋良町"],"4413609":[23,"田原市","長沢町"],"4412521":[23,"豊田市","桑原町"],"4418046":[23,"豊橋市","福岡町"],"4418533":[23,"豊橋市","問屋町","２４－１"],"4418018":[23,"豊橋市","花田三番町"],"4411632":[23,"新城市","富栄"],"4411385":[23,"新城市","八幡"],"4418082":[23,"豊橋市","往完町"],"4418149":[23,"豊橋市","中野町"],"4411333":[23,"新城市","小畑"],"4418132":[23,"豊橋市","南大清水町"],"4411351":[23,"新城市","稲木"],"4412432":[23,"北設楽郡設楽町","東納庫"],"4418052":[23,"豊橋市","柱三番町"],"4411325":[23,"新城市","二本松"],"4413492":[23,"田原市","田原町","南番場３０番地１"],"4418087":[23,"豊橋市","牟呂町"],"4413201":[23,"豊橋市","東七根町"],"4410201":[23,"豊川市","萩町"],"4411371":[23,"新城市","城北"],"4413195":[23,"豊橋市","三弥町","字元屋敷１５０"],"4411536":[23,"新城市","作手保永"],"4418076":[23,"豊橋市","神野西町"],"4411305":[23,"新城市","竹広"],"4410156":[23,"豊橋市","西浜町"],"4418029":[23,"豊橋市","羽根井本町"],"4411422":[23,"新城市","作手田原"],"4411378":[23,"新城市","宮ノ後"],"4418034":[23,"豊橋市","松村町"],"4411355":[23,"新城市","上平井"],"4413432":[23,"田原市","野田町"],"4411301":[23,"新城市","矢部"],"4410393":[23,"豊川市","御津町佐脇浜","二号地１－１９"],"4418075":[23,"豊橋市","神野ふ頭町"],"4413105":[23,"豊橋市","中原町"],"4411294":[23,"豊川市","一宮町","上新切４５０"],"4410312":[23,"豊川市","御津町西方"],"4411205":[23,"豊川市","大木町"],"4418146":[23,"豊橋市","城山町"],"4411603":[23,"新城市","名号"]}
