{"2480031":[14,"鎌倉市","鎌倉山"],"2488555":[14,"鎌倉市","手広","六丁目１０番１号"],"2480024":[14,"鎌倉市","稲村ガ崎"],"2480032":[14,"鎌倉市","津"],"2480027":[14,"鎌倉市","笛田"],"2480013":[14,"鎌倉市","材木座"],"2480001":[14,"鎌倉市","十二所"],"2480012":[14,"鎌倉市","御成町"],"2480025":[14,"鎌倉市","七里ガ浜東"],"2488558":[14,"鎌倉市","御成町","１２番１８号"],"2480022":[14,"鎌倉市","常盤"],"2480014":[14,"鎌倉市","由比ガ浜"],"2480035":[14,"鎌倉市","西鎌倉"],"2480033":[14,"鎌倉市","腰越"],"2480021":[14,"鎌倉市","坂ノ下"],"2480003":[14,"鎌倉市","浄明寺"],"2480006":[14,"鎌倉市","小町"],"2480007":[14,"鎌倉市","大町"],"2480017":[14,"鎌倉市","佐助"],"2480011":[14,"鎌倉市","扇ガ谷"],"2480016":[14,"鎌倉市","長谷"],"2480005":[14,"鎌倉市","雪ノ下"],"2480026":[14,"鎌倉市","七里ガ浜"],"2480004":[14,"鎌倉市","西御門"],"2480000":[14,"鎌倉市",""],"2480023":[14,"鎌倉市","極楽寺"],"2480034":[14,"鎌倉市","津西"],"2488686":[14,"鎌倉市","御成町","１８－１０"],"2480002":[14,"鎌倉市","二階堂"],"2480015":[14,"鎌倉市","笹目町"],"2480036":[14,"鎌倉市","手広"]}
