{"1038250":[13,"中央区","日本橋","３－５－１９"],"1038443":[13,"中央区","日本橋本町","３丁目３－６"],"1038501":[13,"中央区","日本橋箱崎町","２４－１"],"1038011":[13,"中央区","日本橋","１丁目９－１"],"1038247":[13,"中央区","日本橋","１丁目４－１日本橋一丁目ビルディング"],"1038554":[13,"中央区","日本橋堀留町","１丁目９－６"],"1038566":[13,"中央区","日本橋堀留町","２丁目８－５"],"1038355":[13,"中央区","日本橋小舟町","５－１"],"1038651":[13,"中央区","日本橋本石町","３丁目３－５"],"1030026":[13,"中央区","日本橋兜町"],"1038384":[13,"中央区","日本橋馬喰町","２丁目７－６"],"1038536":[13,"中央区","日本橋小網町","１４番１号"],"1038542":[13,"中央区","日本橋小網町","６－１山万ビル"],"1038435":[13,"中央区","日本橋本町","３丁目６－２"],"1038320":[13,"中央区","日本橋室町","３丁目３－８"],"1030000":[13,"中央区",""],"1038433":[13,"中央区","日本橋本町","３丁目４－１４"],"1030007":[13,"中央区","日本橋浜町"],"1038231":[13,"中央区","日本橋","３丁目３－９"],"1038451":[13,"中央区","日本橋横山町","７－１８"],"1038308":[13,"中央区","日本橋","２丁目３－４日本橋プラザビル"],"1038589":[13,"中央区","日本橋蛎殻町","１－３９－５水天宮北辰ビル"],"1038272":[13,"中央区","日本橋","１丁目１３－１"],"1038448":[13,"中央区","日本橋本町","２丁目８－２"],"1038287":[13,"中央区","八重洲","１丁目４番１８号"],"1038511":[13,"中央区","日本橋小舟町","６－６"],"1030006":[13,"中央区","日本橋富沢町"],"1038345":[13,"中央区","日本橋本石町","１丁目２－１"],"1038402":[13,"中央区","日本橋本町","４丁目３－５"],"1038330":[13,"中央区","日本橋本町","２丁目１番６号"],"1038214":[13,"中央区","日本橋久松町","１１－６日本橋ＴＳビル８Ｆ"],"1038401":[13,"中央区","日本橋本町","４丁目９－１１第９中央ビル２階"],"1038337":[13,"中央区","日本橋室町","２丁目３－１６"],"1038328":[13,"中央区","日本橋室町","２丁目１－１"],"1038261":[13,"中央区","日本橋","１丁目２－５"],"1038229":[13,"中央区","日本橋兜町","２－１"],"1038585":[13,"中央区","日本橋人形町","１丁目１８－１２"],"1038470":[13,"中央区","日本橋富沢町","１１－１２"],"1038535":[13,"中央区","日本橋小網町","１１－１０"],"1038438":[13,"中央区","日本橋本町","３丁目１１－５"],"1038425":[13,"中央区","日本橋本町","２丁目７－１"],"1038233":[13,"中央区","日本橋","３丁目７－２０"],"1038347":[13,"中央区","日本橋本石町","３丁目２－１２"],"1038503":[13,"中央区","日本橋箱崎町","３６－２リバーゲート１３階"],"1038416":[13,"中央区","日本橋本町","２丁目２－３"],"1038520":[13,"中央区","日本橋蛎殻町","２丁目１－１"],"1038225":[13,"中央区","日本橋兜町","６－５"],"1038512":[13,"中央区","日本橋箱崎町","３６－２リバーサイド読売ビル"],"1038202":[13,"中央区","日本橋茅場町","１丁目２－４"],"1038670":[13,"中央区","八重洲","１丁目２－１"],"1038471":[13,"中央区","日本橋富沢町","８－６小川源ビル２Ｆ"],"1038652":[13,"中央区","日本橋堀留町","２丁目４－３"],"1038363":[13,"中央区","日本橋小伝馬町","９－９"],"1038481":[13,"中央区","日本橋浜町","２丁目１２－４"],"1038366":[13,"中央区","日本橋堀留町","２－２－１"],"1038413":[13,"中央区","日本橋本町","１－４－１２"],"1038521":[13,"中央区","日本橋","３丁目１０－５"],"1038255":[13,"中央区","日本橋","２丁目２－１０"],"1038430":[13,"中央区","日本橋浜町","３丁目２１－１浜町Ｆタワー"],"1038507":[13,"中央区","日本橋箱崎町","３０番１号"],"1038417":[13,"中央区","日本橋本町","２丁目８－７"],"1038352":[13,"中央区","日本橋小舟町","３－８"],"1038486":[13,"中央区","日本橋浜町","３丁目２１－１日本橋浜町Ｆタワー"],"1038484":[13,"中央区","日本橋浜町","２丁目１６－５東味ビル６Ｆ"],"1038212":[13,"中央区","日本橋茅場町","２丁目８－４"],"1038487":[13,"中央区","日本橋久松町","１１－６"],"1038238":[13,"中央区","日本橋","３丁目１１－２"],"1038586":[13,"中央区","日本橋人形町","３丁目１０－１かしきち人形町ビル５Ｆ"],"1038251":[13,"中央区","日本橋","３丁目６－２"],"1038341":[13,"中央区","日本橋本石町","４丁目４－２０"],"1038472":[13,"中央区","日本橋富沢町","９－１０"],"1038333":[13,"中央区","日本橋室町","１丁目６－２"],"1030012":[13,"中央区","日本橋堀留町"],"1038270":[13,"中央区","日本橋","１丁目７－９第百生命日本橋ビル"],"1038660":[13,"中央区","日本橋本石町","２丁目１－１"],"1038560":[13,"中央区","日本橋堀留町","１丁目３－１９"],"1038656":[13,"中央区","日本橋","１丁目１３－１"],"1038282":[13,"中央区","八重洲","１丁目４番１６号"],"1038632":[13,"中央区","日本橋","３丁目８－２"],"1038203":[13,"中央区","日本橋茅場町","１丁目８番１号"],"1038423":[13,"中央区","日本橋箱崎町","３６－２リバーサイド読売ビル１２階"],"1038383":[13,"中央区","日本橋馬喰町","１丁目７－６"],"1038245":[13,"中央区","日本橋","２丁目３－１０"],"1038456":[13,"中央区","日本橋横山町","３－１０"],"1038650":[13,"中央区","日本橋人形町","２丁目１３－１１"],"1038631":[13,"墨田区","両国","２－１０－１４"],"1038234":[13,"中央区","日本橋","３－１４－１０"],"1030028":[13,"中央区","八重洲"],"1038240":[13,"中央区","日本橋","２丁目１－１０"],"1038680":[13,"中央区","八重洲","１丁目４－２２"],"1038640":[13,"中央区","日本橋蛎殻町","１丁目７－９"],"1038221":[13,"中央区","日本橋兜町","７－１２"],"1038415":[13,"中央区","日本橋本町","２丁目７－１"],"1030023":[13,"中央区","日本橋本町"],"1038218":[13,"中央区","日本橋茅場町","２丁目１２－７"],"1030025":[13,"中央区","日本橋茅場町"],"1038243":[13,"中央区","日本橋","１丁目５－３"],"1038311":[13,"中央区","日本橋室町","２丁目３－１４"],"1038570":[13,"中央区","日本橋大伝馬町","１３－１０"],"1038461":[13,"中央区","日本橋浜町","３丁目２１－１日本橋浜町Ｆタワー"],"1038205":[13,"中央区","日本橋茅場町","２丁目１５－４"],"1038373":[13,"中央区","日本橋馬喰町","２丁目１－３"],"1038464":[13,"中央区","東日本橋","２－２－６Ｒｅｉ東日本橋ビル５Ｆ"],"1038533":[13,"中央区","日本橋小網町","７－２"],"1030022":[13,"中央区","日本橋室町"],"1038404":[13,"中央区","日本橋本町","１丁目６－５"],"1038427":[13,"中央区","日本橋本町","４丁目１５－９"],"1038331":[13,"中央区","日本橋室町","２丁目１－１日本橋三井タワー６階"],"1038410":[13,"中央区","日本橋本町","４丁目１１－２"],"1030003":[13,"中央区","日本橋横山町"],"1038370":[13,"中央区","日本橋馬喰町","１丁目７－１６"],"1038260":[13,"中央区","日本橋","１丁目１２－１"],"1038317":[13,"中央区","日本橋室町","２丁目１－１"],"1038301":[13,"中央区","日本橋室町","１－２－６日本橋大栄ビル５階"],"1038567":[13,"中央区","日本橋堀留町","１丁目１０－１２"],"1038307":[13,"中央区","日本橋室町","３丁目４－４ＪＰビル"],"1038439":[13,"中央区","日本橋本町","３丁目４－１"],"1038338":[13,"中央区","日本橋室町","２丁目１－１"],"1038405":[13,"中央区","日本橋小網町","１７－１０"],"1038510":[13,"中央区","日本橋箱崎町","１９－２１"],"1038303":[13,"中央区","日本橋室町","２丁目４番３号"],"1038350":[13,"中央区","日本橋小舟町","６－１"],"1038537":[13,"中央区","日本橋小網町","６－１"],"1038284":[13,"中央区","八重洲","１丁目１番６号"],"1038230":[13,"中央区","日本橋","１丁目４－１日本橋一丁目ビルディング"],"1038466":[13,"中央区","日本橋浜町","１－９－１２日本橋プラヤビル６Ｆ"],"1038686":[13,"多摩市","落合","１丁目３４"],"1038636":[13,"江戸川区","春江町","２－３１－１５"],"1038525":[13,"中央区","日本橋蛎殻町","１丁目４－１ＦＫビル"],"1038411":[13,"中央区","日本橋本町","２－５－１"],"1030014":[13,"中央区","日本橋蛎殻町"],"1038380":[13,"中央区","日本橋馬喰町","１丁目７－３"],"1038460":[13,"中央区","東日本橋","２丁目２６－３"],"1038321":[13,"中央区","日本橋室町","３丁目４－４"],"1038407":[13,"中央区","日本橋本町","４丁目５－１６"],"1038346":[13,"中央区","日本橋本石町","３丁目２－１２"],"1038432":[13,"中央区","日本橋本町","２丁目１－６"],"1038534":[13,"中央区","日本橋小網町","１９－５"],"1038462":[13,"中央区","東日本橋","２丁目２０－７"],"1030001":[13,"中央区","日本橋小伝馬町"],"1038201":[13,"中央区","日本橋茅場町","１丁目１０－８グリーンヒルビル３階"],"1038354":[13,"中央区","日本橋小舟町","５－７"],"1038422":[13,"中央区","日本橋本町","３丁目３－６"],"1038543":[13,"中央区","日本橋小網町","６－１"],"1038450":[13,"中央区","日本橋横山町","８－９"],"1038236":[13,"中央区","日本橋","１丁目２－５"],"1030005":[13,"中央区","日本橋久松町"],"1038263":[13,"中央区","日本橋","１丁目３－１６"],"1038224":[13,"中央区","日本橋兜町","２－１"],"1038437":[13,"中央区","日本橋本町","１丁目６－１"],"1038210":[13,"中央区","日本橋茅場町","１丁目１４－１０"],"1038677":[13,"中央区","八重洲","１丁目２－１６"],"1038248":[13,"中央区","日本橋","１－１５－１パーカービル"],"1038252":[13,"中央区","日本橋","２丁目１３－１２"],"1038339":[13,"中央区","日本橋室町","４丁目３－１８東京建物室町ビル"],"1030015":[13,"中央区","日本橋箱崎町"],"1030008":[13,"中央区","日本橋中洲"],"1038419":[13,"中央区","日本橋本町","２丁目７－１"],"1038424":[13,"中央区","日本橋本町","４丁目８－１６"],"1038555":[13,"中央区","日本橋堀留町","１丁目８－１２"],"1038556":[13,"中央区","日本橋堀留町","１丁目１１－１２ＴＫ堀留ビル５Ｆ"],"1038684":[13,"中央区","日本橋本石町","１－３－２"],"1038403":[13,"中央区","日本橋本町","４丁目８－２"],"1038666":[13,"中央区","日本橋室町","２丁目１－１"],"1038313":[13,"中央区","日本橋富沢町","２－６"],"1038522":[13,"中央区","日本橋蛎殻町","２丁目１６－２"],"1038273":[13,"中央区","日本橋","１丁目４－１"],"1038588":[13,"中央区","日本橋人形町","２丁目２２－１"],"1030021":[13,"中央区","日本橋本石町"],"1038388":[13,"中央区","日本橋馬喰町","２丁目４－１２"],"1038414":[13,"中央区","日本橋本町","４丁目６－８"],"1038324":[13,"中央区","日本橋室町","２丁目１－１日本橋三井タワー１５Ｆ"],"1038577":[13,"中央区","日本橋大伝馬町","８－１"],"1030013":[13,"中央区","日本橋人形町"],"1038228":[13,"中央区","日本橋兜町","２１－７ＫＡＴＯ．ＩＨＩビル"],"1038275":[13,"中央区","日本橋","３丁目６－２"],"1038465":[13,"中央区","東日本橋","３丁目１０－４"],"1030016":[13,"中央区","日本橋小網町"],"1038552":[13,"中央区","日本橋浜町","３丁目３－２"],"1038217":[13,"中央区","日本橋茅場町","１丁目８－１"],"1038211":[13,"中央区","日本橋茅場町","１丁目１３－１６"],"1038001":[13,"中央区","日本橋室町","１丁目４－１"],"1038676":[13,"中央区","日本橋","２丁目３－２１"],"1038502":[13,"中央区","日本橋箱崎町","６－６"],"1030002":[13,"中央区","日本橋馬喰町"],"1030004":[13,"中央区","東日本橋"],"1038668":[13,"中央区","日本橋","２丁目１２－１０"],"1038241":[13,"中央区","日本橋","１丁目１－１"],"1038278":[13,"中央区","日本橋","１丁目１７－６"],"1038204":[13,"中央区","日本橋茅場町","１丁目１３－１２さくら日本橋ビルディング"],"1038653":[13,"中央区","日本橋室町","２丁目２番１号"],"1030027":[13,"中央区","日本橋"],"1038434":[13,"中央区","日本橋小網町","１９－８ＩＷ日本橋ビル"],"1038306":[13,"中央区","日本橋","３丁目６－２日本橋フロント３階"],"1038571":[13,"中央区","日本橋大伝馬町","９－１０"],"1038335":[13,"中央区","日本橋室町","４丁目１－２２"],"1038265":[13,"中央区","日本橋","２丁目４－１"],"1030011":[13,"中央区","日本橋大伝馬町"],"1038237":[13,"中央区","日本橋","１丁目２－５栄太楼ビル"],"1038689":[13,"中央区","日本橋室町","１丁目７－１"],"1038323":[13,"中央区","日本橋室町","２丁目１－１"],"1038480":[13,"中央区","日本橋久松町","４番ー４"],"1038242":[13,"中央区","日本橋","１丁目４－１日本橋一丁目ビルディング"],"1038235":[13,"中央区","日本橋茅場町","２－１２－７高栄茅場町ビル"],"1038531":[13,"中央区","日本橋小網町","８－４"],"1038206":[13,"中央区","日本橋茅場町","２丁目６－６"],"1038360":[13,"中央区","日本橋蛎殻町","１丁目３１－１"],"1038473":[13,"中央区","日本橋小舟町","１０－６"],"1038351":[13,"中央区","日本橋小舟町","１０－１１"],"1038222":[13,"中央区","日本橋兜町","１－１０"],"1038232":[13,"中央区","日本橋","２丁目１５－１０"],"1038506":[13,"中央区","日本橋箱崎町","１２－４"],"1038548":[13,"中央区","日本橋小網町","１４－１"],"1038426":[13,"中央区","日本橋本町","３丁目５－１"],"1030024":[13,"中央区","日本橋小舟町"],"1038412":[13,"中央区","日本橋本町","３丁目２－８"],"1038558":[13,"中央区","日本橋浜町","１丁目１２－９"],"1038538":[13,"中央区","日本橋小網町","７－２"],"1038285":[13,"中央区","八重洲","１丁目９－９"],"1038358":[13,"中央区","日本橋小舟町","６番－６"],"1038639":[13,"中央区","日本橋本町","４丁目１２－２０"],"1038584":[13,"中央区","日本橋人形町","１丁目１－１０"],"1038310":[13,"中央区","日本橋室町","３丁目１－３"],"1038259":[13,"中央区","日本橋","３丁目１２－２朝日ビルディング"]}
