{"1210824":[13,"足立区","西伊興"],"1218510":[13,"足立区","入谷","６丁目３－１"],"1210835":[13,"足立区","舎人町"],"1210061":[13,"足立区","花畑"],"1210822":[13,"足立区","西竹の塚"],"1210807":[13,"足立区","伊興本町"],"1210056":[13,"足立区","北加平町"],"1210075":[13,"足立区","一ツ家"],"1210816":[13,"足立区","梅島"],"1210812":[13,"足立区","西保木間"],"1210834":[13,"足立区","入谷町"],"1210057":[13,"足立区","神明南"],"1218505":[13,"足立区","六木","１丁目１９－１３"],"1210062":[13,"足立区","南花畑"],"1210051":[13,"足立区","神明"],"1218682":[13,"足立区","辰沼","２丁目１８－４"],"1210064":[13,"足立区","保木間"],"1210823":[13,"足立区","伊興"],"1218633":[13,"足立区","加平","３丁目２－１７"],"1210832":[13,"足立区","古千谷本町"],"1218520":[13,"足立区","梅島","２丁目１４－７"],"1210836":[13,"足立区","入谷"],"1210053":[13,"足立区","佐野"],"1210825":[13,"足立区","西伊興町"],"1210837":[13,"足立区","舎人公園"],"1218729":[11,"川口市","東本郷","１丁目１－７"],"1218610":[13,"足立区","保塚町","１０－８"],"1218550":[13,"足立区","中央本町","３丁目８－２"],"1210071":[13,"足立区","東六月町"],"1218504":[13,"足立区","島根","１丁目９－６"],"1210055":[13,"足立区","加平"],"1210813":[13,"足立区","竹の塚"],"1210063":[13,"足立区","東保木間"],"1218711":[13,"足立区","島根","２丁目２５－１７"],"1218585":[13,"足立区","入谷","６丁目２－６"],"1210054":[13,"足立区","辰沼"],"1218588":[13,"足立区","入谷","６丁目３－１"],"1210012":[13,"足立区","青井"],"1210815":[13,"足立区","島根"],"1218555":[13,"足立区","竹の塚","２丁目２５－１７"],"1218611":[13,"足立区","南花畑","４丁目１７－１５"],"1210833":[13,"足立区","古千谷"],"1210074":[13,"足立区","西加平"],"1210801":[13,"足立区","東伊興"],"1218639":[13,"足立区","一ツ家","１丁目１１－１３"],"1210076":[13,"足立区","平野"],"1210073":[13,"足立区","六町"],"1218515":[13,"足立区","島根","３－２－１"],"1218080":[13,"足立区","西竹の塚","１丁目７－５"],"1210072":[13,"足立区","保塚町"],"1210831":[13,"足立区","舎人"],"1210011":[13,"足立区","中央本町"],"1210052":[13,"足立区","六木"],"1210814":[13,"足立区","六月"]}
