{"1076003":[13,"港区","赤坂赤坂アークヒルズ・アーク森ビル"],"1076312":[13,"港区","赤坂赤坂Ｂｉｚタワー"],"1076243":[13,"港区","赤坂ミッドタウン・タワー"],"1078370":[13,"港区","赤坂","１丁目９－１５"],"1078522":[13,"港区","南青山","３丁目１－３０エイベックスビル"],"1076211":[13,"港区","赤坂ミッドタウン・タワー"],"1076129":[13,"港区","赤坂赤坂パークビル"],"1076290":[13,"港区","赤坂ミッドタウン・タワー"],"1076117":[13,"港区","赤坂赤坂パークビル"],"1076244":[13,"港区","赤坂ミッドタウン・タワー"],"1076113":[13,"港区","赤坂赤坂パークビル"],"1076320":[13,"港区","赤坂赤坂Ｂｉｚタワー"],"1076130":[13,"港区","赤坂赤坂パークビル"],"1078373":[13,"港区","赤坂","１丁目９－１５"],"1076029":[13,"港区","赤坂赤坂アークヒルズ・アーク森ビル"],"1076126":[13,"港区","赤坂赤坂パークビル"],"1078636":[13,"港区","北青山","１丁目２－３青山ビル"],"1076123":[13,"港区","赤坂赤坂パークビル"],"1076306":[13,"港区","赤坂赤坂Ｂｉｚタワー"],"1076330":[13,"港区","赤坂赤坂Ｂｉｚタワー"],"1078583":[13,"港区","赤坂","８丁目５－３０"],"1078650":[13,"港区","北青山","１丁目５－４"],"1076222":[13,"港区","赤坂ミッドタウン・タワー"],"1078380":[13,"港区","赤坂","４丁目２番６号住友不動産新赤坂ビル"],"1078360":[13,"港区","北青山","１丁目２番３号青山ビル９階"],"1076218":[13,"港区","赤坂ミッドタウン・タワー"],"1078581":[13,"港区","北青山","３丁目３－１１ルネ青山９Ｆ"],"1076231":[13,"港区","赤坂ミッドタウン・タワー"],"1078412":[13,"港区","赤坂","４丁目１５番１号赤坂ガーデンシティ６階"],"1078420":[13,"港区","赤坂","１丁目１０－５"],"1078550":[13,"港区","南青山","５丁目２－１ＮＢＦアライアンスビル２Ｆ"],"1078468":[13,"港区","元赤坂","１丁目３番１３号赤坂センタービルディング"],"1076301":[13,"港区","赤坂赤坂Ｂｉｚタワー"],"1076213":[13,"港区","赤坂ミッドタウン・タワー"],"1076229":[13,"港区","赤坂ミッドタウン・タワー"],"1070062":[13,"港区","南青山"],"1076090":[13,"港区","赤坂赤坂アークヒルズ・アーク森ビル"],"1076303":[13,"港区","赤坂赤坂Ｂｉｚタワー"],"1078417":[13,"港区","赤坂","４丁目８－１８"],"1078615":[13,"港区","赤坂","２丁目７－７"],"1078616":[13,"港区","南青山","５丁目４－３１"],"1078570":[13,"港区","南青山","３丁目１－３０エイベックスビル"],"1078686":[13,"港区","南青山","５丁目１番２２号青山ライズスクエア"],"1076033":[13,"港区","赤坂赤坂アークヒルズ・アーク森ビル"],"1078460":[13,"港区","赤坂","４丁目８－１０"],"1078546":[13,"港区","赤坂","２丁目９－１１"],"1078456":[13,"港区","赤坂","４丁目８－１９"],"1076210":[13,"港区","赤坂ミッドタウン・タワー"],"1078528":[13,"港区","赤坂","４丁目８－１０"],"1076007":[13,"港区","赤坂赤坂アークヒルズ・アーク森ビル"],"1076220":[13,"港区","赤坂ミッドタウン・タワー"],"1076323":[13,"港区","赤坂赤坂Ｂｉｚタワー"],"1070061":[13,"港区","北青山"],"1076304":[13,"港区","赤坂赤坂Ｂｉｚタワー"],"1076013":[13,"港区","赤坂赤坂アークヒルズ・アーク森ビル"],"1076115":[13,"港区","赤坂赤坂パークビル"],"1076224":[13,"港区","赤坂ミッドタウン・タワー"],"1078631":[13,"港区","元赤坂","１丁目２－３"],"1076011":[13,"港区","赤坂赤坂アークヒルズ・アーク森ビル"],"1078638":[13,"港区","元赤坂","１丁目５番８号"],"1078320":[13,"港区","赤坂","７丁目６－３８"],"1078466":[13,"港区","赤坂","４丁目９－９"],"1076237":[13,"港区","赤坂ミッドタウン・タワー"],"1076021":[13,"港区","赤坂赤坂アークヒルズ・アーク森ビル"],"1078563":[13,"港区","赤坂","４丁目９－１７赤坂第一ビル４Ｆ"],"1076206":[13,"港区","赤坂ミッドタウン・タワー"],"1076240":[13,"港区","赤坂ミッドタウン・タワー"],"1078388":[13,"港区","元赤坂","１－３－１"],"1078411":[13,"港区","南青山","３－１３－１６"],"1076031":[13,"港区","赤坂赤坂アークヒルズ・アーク森ビル"],"1076314":[13,"港区","赤坂赤坂Ｂｉｚタワー"],"1076110":[13,"港区","赤坂赤坂パークビル"],"1078552":[13,"港区","南青山","３丁目１－３０エイベックスビル"],"1076219":[13,"港区","赤坂ミッドタウン・タワー"],"1078448":[13,"港区","元赤坂","１丁目５－１７"],"1076235":[13,"港区","赤坂ミッドタウン・タワー"],"1078332":[13,"港区","赤坂","８丁目５番３５号"],"1076125":[13,"港区","赤坂赤坂パークビル"],"1076128":[13,"港区","赤坂赤坂パークビル"],"1078532":[13,"港区","赤坂","１丁目９－１３"],"1076339":[13,"港区","赤坂赤坂Ｂｉｚタワー"],"1070051":[13,"港区","元赤坂"],"1076228":[13,"港区","赤坂ミッドタウン・タワー"],"1076309":[13,"港区","赤坂赤坂Ｂｉｚタワー"],"1076103":[13,"港区","赤坂赤坂パークビル"],"1076004":[13,"港区","赤坂赤坂アークヒルズ・アーク森ビル"],"1076230":[13,"港区","赤坂ミッドタウン・タワー"],"1076022":[13,"港区","赤坂赤坂アークヒルズ・アーク森ビル"],"1076337":[13,"港区","赤坂赤坂Ｂｉｚタワー"],"1076005":[13,"港区","赤坂赤坂アークヒルズ・アーク森ビル"],"1076201":[13,"港区","赤坂ミッドタウン・タワー"],"1076215":[13,"港区","赤坂ミッドタウン・タワー"],"1078674":[13,"港区","赤坂","９丁目６－４４"],"1076008":[13,"港区","赤坂赤坂アークヒルズ・アーク森ビル"],"1076207":[13,"港区","赤坂ミッドタウン・タワー"],"1076236":[13,"港区","赤坂ミッドタウン・タワー"],"1076233":[13,"港区","赤坂ミッドタウン・タワー"],"1078676":[13,"江戸川区","春江町","２丁目３１－１５"],"1076108":[13,"港区","赤坂赤坂パークビル"],"1076106":[13,"港区","赤坂赤坂パークビル"],"1076333":[13,"港区","赤坂赤坂Ｂｉｚタワー"],"1076101":[13,"港区","赤坂赤坂パークビル"],"1078628":[13,"港区","南青山","２丁目２７番２７号丸八青山ビル８階"],"1076328":[13,"港区","赤坂赤坂Ｂｉｚタワー"],"1078558":[13,"港区","南青山","１丁目２４－４"],"1076035":[13,"港区","赤坂赤坂アークヒルズ・アーク森ビル"],"1076204":[13,"港区","赤坂ミッドタウン・タワー"],"1078355":[13,"港区","南青山","４－１０－１４"],"1076390":[13,"港区","赤坂赤坂Ｂｉｚタワー"],"1076226":[13,"港区","赤坂ミッドタウン・タワー"],"1078567":[13,"港区","南青山","２丁目２－１５－１０３０"],"1076326":[13,"港区","赤坂赤坂Ｂｉｚタワー"],"1076190":[13,"港区","赤坂赤坂パークビル"],"1076017":[13,"港区","赤坂赤坂アークヒルズ・アーク森ビル"],"1076202":[13,"港区","赤坂ミッドタウン・タワー"],"1078556":[13,"港区","南青山","２丁目１－１"],"1076002":[13,"港区","赤坂赤坂アークヒルズ・アーク森ビル"],"1076023":[13,"港区","赤坂赤坂アークヒルズ・アーク森ビル"],"1076310":[13,"港区","赤坂赤坂Ｂｉｚタワー"],"1076209":[13,"港区","赤坂ミッドタウン・タワー"],"1078330":[13,"港区","赤坂","２丁目１４番５号"],"1076112":[13,"港区","赤坂赤坂パークビル"],"1078625":[13,"港区","赤坂","２丁目２１－７"],"1078371":[13,"港区","赤坂","４丁目１０－３６"],"1076121":[13,"港区","赤坂赤坂パークビル"],"1078434":[13,"港区","赤坂","１丁目１２－３３"],"1076331":[13,"港区","赤坂赤坂Ｂｉｚタワー"],"1078520":[13,"港区","赤坂","８丁目５－６翻訳会館"],"1076316":[13,"港区","赤坂赤坂Ｂｉｚタワー"],"1076335":[13,"港区","赤坂赤坂Ｂｉｚタワー"],"1076014":[13,"港区","赤坂赤坂アークヒルズ・アーク森ビル"],"1076028":[13,"港区","赤坂赤坂アークヒルズ・アーク森ビル"],"1076026":[13,"港区","赤坂赤坂アークヒルズ・アーク森ビル"],"1078601":[13,"港区","南青山","１丁目１－１新青山ビル"],"1076114":[13,"港区","赤坂赤坂パークビル"],"1076025":[13,"港区","赤坂赤坂アークヒルズ・アーク森ビル"],"1076037":[13,"港区","赤坂赤坂アークヒルズ・アーク森ビル"],"1076332":[13,"港区","赤坂赤坂Ｂｉｚタワー"],"1078604":[13,"港区","南青山","１丁目１－１新青山ビル"],"1076118":[13,"港区","赤坂赤坂パークビル"],"1076020":[13,"港区","赤坂赤坂アークヒルズ・アーク森ビル"],"1078617":[13,"港区","北青山","１丁目３－６"],"1076223":[13,"港区","赤坂ミッドタウン・タワー"],"1078585":[13,"港区","南青山","１丁目１－１新青山ビル"],"1078505":[13,"港区","赤坂","７丁目２－２１"],"1078484":[13,"港区","赤坂","３丁目９－１"],"1078633":[13,"港区","北青山","２丁目１１－１２"],"1076307":[13,"港区","赤坂赤坂Ｂｉｚタワー"],"1078560":[13,"港区","南青山","２丁目１１－１７"],"1076318":[13,"港区","赤坂赤坂Ｂｉｚタワー"],"1076221":[13,"港区","赤坂ミッドタウン・タワー"],"1078623":[13,"港区","北青山","２丁目７－１１"],"1076205":[13,"港区","赤坂ミッドタウン・タワー"],"1078384":[13,"港区","南青山","２－２－３Ｍ－ＳＱＵＡＲＥ"],"1076313":[13,"港区","赤坂赤坂Ｂｉｚタワー"],"1078404":[13,"港区","赤坂","１丁目２－２"],"1076302":[13,"港区","赤坂赤坂Ｂｉｚタワー"],"1078477":[13,"港区","元赤坂","１丁目３－８"],"1076324":[13,"港区","赤坂赤坂Ｂｉｚタワー"],"1078639":[13,"港区","北青山","１丁目２－３"],"1078403":[13,"港区","赤坂","１丁目１３－１"],"1076001":[13,"港区","赤坂赤坂アークヒルズ・アーク森ビル"],"1078515":[13,"港区","赤坂","３丁目８－８"],"1078369":[13,"港区","赤坂","２丁目１７－２２赤坂ツインタワー東館２Ｆ"],"1076124":[13,"港区","赤坂赤坂パークビル"],"1078620":[13,"港区","南青山","２－６－２１"],"1078401":[13,"港区","赤坂","４丁目９－２２"],"1078414":[13,"港区","赤坂","２丁目３－６"],"1076338":[13,"港区","赤坂赤坂Ｂｉｚタワー"],"1076305":[13,"港区","赤坂赤坂Ｂｉｚタワー"],"1078467":[13,"港区","赤坂","４丁目９－９"],"1078668":[13,"港区","赤坂","７丁目６－１"],"1078324":[13,"港区","赤坂","９丁目７－２"],"1076030":[13,"港区","赤坂赤坂アークヒルズ・アーク森ビル"],"1078525":[13,"港区","南青山","３丁目１－３０エイベックスビル"],"1076238":[13,"港区","赤坂ミッドタウン・タワー"],"1078527":[13,"港区","赤坂","８丁目５－２７"],"1076120":[13,"港区","赤坂赤坂パークビル"],"1078326":[13,"港区","赤坂","９丁目７－２"],"1076321":[13,"港区","赤坂赤坂Ｂｉｚタワー"],"1076311":[13,"港区","赤坂赤坂Ｂｉｚタワー"],"1076217":[13,"港区","赤坂ミッドタウン・タワー"],"1076012":[13,"港区","赤坂赤坂アークヒルズ・アーク森ビル"],"1076242":[13,"港区","赤坂ミッドタウン・タワー"],"1076006":[13,"港区","赤坂赤坂アークヒルズ・アーク森ビル"],"1078630":[13,"港区","北青山","３丁目８－１５"],"1076245":[13,"港区","赤坂ミッドタウン・タワー"],"1078336":[13,"港区","赤坂","６丁目１０－４"],"1076109":[13,"港区","赤坂赤坂パークビル"],"1078502":[13,"港区","赤坂","６丁目５－３０"],"1076122":[13,"港区","赤坂赤坂パークビル"],"1078545":[13,"港区","南青山","２－２－３"],"1076018":[13,"港区","赤坂赤坂アークヒルズ・アーク森ビル"],"1076212":[13,"港区","赤坂ミッドタウン・タワー"],"1078521":[13,"港区","赤坂","２丁目１７－１１"],"1076336":[13,"港区","赤坂赤坂Ｂｉｚタワー"],"1078508":[13,"港区","赤坂","２丁目１２－３１"],"1076322":[13,"港区","赤坂赤坂Ｂｉｚタワー"],"1076319":[13,"港区","赤坂赤坂Ｂｉｚタワー"],"1076116":[13,"港区","赤坂赤坂パークビル"],"1076203":[13,"港区","赤坂ミッドタウン・タワー"],"1078323":[13,"港区","赤坂","９丁目７－２"],"1076104":[13,"港区","赤坂赤坂パークビル"],"1078006":[13,"港区","赤坂","５丁目３－６"],"1076010":[13,"港区","赤坂赤坂アークヒルズ・アーク森ビル"],"1076016":[13,"港区","赤坂赤坂アークヒルズ・アーク森ビル"],"1076127":[13,"港区","赤坂赤坂パークビル"],"1078060":[13,"港区","赤坂","８丁目１０番１６号"],"1078419":[13,"港区","赤坂","５丁目１－３１第６セイコービル４階"],"1076329":[13,"港区","赤坂赤坂Ｂｉｚタワー"],"1076009":[13,"港区","赤坂赤坂アークヒルズ・アーク森ビル"],"1076216":[13,"港区","赤坂ミッドタウン・タワー"],"1076015":[13,"港区","赤坂赤坂アークヒルズ・アーク森ビル"],"1076239":[13,"港区","赤坂ミッドタウン・タワー"],"1078348":[13,"港区","赤坂","６－５－１１"],"1076325":[13,"港区","赤坂赤坂Ｂｉｚタワー"],"1076234":[13,"港区","赤坂ミッドタウン・タワー"],"1076208":[13,"港区","赤坂ミッドタウン・タワー"],"1076227":[13,"港区","赤坂ミッドタウン・タワー"],"1076019":[13,"港区","赤坂赤坂アークヒルズ・アーク森ビル"],"1078410":[13,"港区","赤坂","１丁目９－１３三会堂ビル"],"1078340":[13,"港区","赤坂","４丁目８－１０"],"1076334":[13,"港区","赤坂赤坂Ｂｉｚタワー"],"1078666":[13,"港区","北青山","１丁目２番３号"],"1076105":[13,"港区","赤坂赤坂パークビル"],"1076024":[13,"港区","赤坂赤坂アークヒルズ・アーク森ビル"],"1076032":[13,"港区","赤坂赤坂アークヒルズ・アーク森ビル"],"1076241":[13,"港区","赤坂ミッドタウン・タワー"],"1078619":[13,"港区","南青山","１丁目１－１新青山ビル西館"],"1078632":[13,"港区","元赤坂","１丁目２－３"],"1078511":[13,"港区","元赤坂","１丁目６－６"],"1076107":[13,"港区","赤坂赤坂パークビル"],"1076214":[13,"港区","赤坂ミッドタウン・タワー"],"1078577":[13,"港区","南青山","３丁目１－３０エイベックスビル"],"1076027":[13,"港区","赤坂赤坂アークヒルズ・アーク森ビル"],"1076232":[13,"港区","赤坂ミッドタウン・タワー"],"1078077":[13,"港区","北青山","２丁目５－１"],"1078440":[13,"港区","赤坂","４丁目１－２４"],"1076034":[13,"港区","赤坂赤坂アークヒルズ・アーク森ビル"],"1076225":[13,"港区","赤坂ミッドタウン・タワー"],"1076308":[13,"港区","赤坂赤坂Ｂｉｚタワー"],"1076102":[13,"港区","赤坂赤坂パークビル"],"1076111":[13,"港区","赤坂赤坂パークビル"],"1078482":[13,"港区","赤坂","５丁目３－６ＴＢＳ放送センター１８階"],"1076315":[13,"港区","赤坂赤坂Ｂｉｚタワー"],"1078557":[13,"港区","南青山","３丁目１－３０エイベックスビル２階"],"1076036":[13,"港区","赤坂赤坂アークヒルズ・アーク森ビル"],"1070052":[13,"港区","赤坂"],"1078342":[13,"港区","赤坂","９丁目７－２"],"1078627":[13,"港区","赤坂","４丁目８－１４赤坂坂東ビル"],"1076317":[13,"港区","赤坂赤坂Ｂｉｚタワー"],"1076119":[13,"港区","赤坂赤坂パークビル"],"1078680":[13,"港区","南青山","２丁目５－２０"],"1076327":[13,"港区","赤坂赤坂Ｂｉｚタワー"],"1078416":[13,"港区","赤坂","７丁目１０番２０号アカサカセブンスアヴェニュービル"]}
