{"1468515":[13,"大田区","久が原","５丁目１６－６"],"1468551":[13,"大田区","下丸子","２丁目２７－１"],"1460081":[13,"大田区","仲池上"],"1468544":[13,"大田区","池上","１丁目３２－１５"],"1468567":[13,"大田区","池上","５丁目６－１６"],"1468623":[13,"大田区","千鳥","２丁目３９－２８"],"1460083":[13,"大田区","千鳥"],"1468543":[13,"大田区","矢口","２丁目５－２５"],"1468501":[13,"大田区","下丸子","３丁目３０－２"],"1460095":[13,"大田区","多摩川"],"1468576":[13,"大田区","池上","１丁目１－１"],"1468650":[13,"大田区","鵜の木","１丁目５－１２"],"1468631":[13,"大田区","池上","７丁目１７－２３"],"1468666":[13,"大田区","池上","５丁目２３－１３"],"1468620":[13,"大田区","下丸子","２丁目１１－１"],"1460084":[13,"大田区","南久が原"],"1460092":[13,"大田区","下丸子"],"1468588":[13,"大田区","池上","８丁目２６－１"],"1468656":[13,"大田区","多摩川","２丁目８－５"],"1460091":[13,"大田区","鵜の木"],"1468580":[13,"大田区","久が原","５丁目１３－１２"],"1468668":[13,"大田区","矢口","３丁目７－３"],"1460093":[13,"大田区","矢口"],"1460085":[13,"大田区","久が原"],"1468512":[13,"大田区","下丸子","２丁目９－４"],"1468540":[13,"大田区","千鳥","２丁目９ー１８"],"1468601":[13,"大田区","多摩川","２丁目１９－３"],"1468555":[13,"大田区","仲池上","２丁目９－４"],"1460082":[13,"大田区","池上"],"1460094":[13,"大田区","東矢口"],"1468677":[13,"大田区","下丸子","３丁目２８－４"],"1468531":[13,"大田区","池上","６丁目１－１９"],"1468577":[13,"大田区","鵜の木","２丁目８－４"],"1468655":[13,"大田区","矢口","２丁目１－２１"],"1468585":[13,"大田区","下丸子","４丁目２１－１"],"1468505":[13,"大田区","矢口","２丁目３３－６"],"1468558":[13,"大田区","下丸子","２丁目１３－１"],"1468510":[13,"大田区","千鳥","２丁目３４－１６"],"1468522":[13,"大田区","矢口","３丁目２４－１"],"1468610":[13,"大田区","池上","５丁目１２－１７"],"1468511":[13,"大田区","矢口","１丁目２７－４"]}
