{"2750002":[12,"習志野市","実籾"],"2750005":[12,"習志野市","新栄"],"2758666":[12,"習志野市","藤崎","１丁目１－１３"],"2758585":[12,"習志野市","茜浜","２丁目３－１"],"2750012":[12,"習志野市","本大久保"],"2758577":[12,"習志野市","東習志野","７丁目５－１"],"2750013":[12,"習志野市","花咲"],"2758560":[12,"習志野市","茜浜","１丁目１－１"],"2750022":[12,"習志野市","香澄"],"2750023":[12,"習志野市","芝園"],"2758580":[12,"習志野市","泉町","１－１－１"],"2750015":[12,"習志野市","鷺沼台"],"2758588":[12,"習志野市","津田沼","２丁目１７－１"],"2750003":[12,"習志野市","実籾本郷"],"2758576":[12,"習志野市","新栄","２丁目１１－１"],"2750025":[12,"習志野市","秋津"],"2750006":[12,"習志野市","泉町"],"2758511":[12,"習志野市","泉町","２丁目１－３７"],"2758528":[12,"習志野市","東習志野","７丁目５－２"],"2750028":[12,"習志野市","奏の杜"],"2750017":[12,"習志野市","藤崎"],"2758572":[12,"習志野市","茜浜","１丁目４－２"],"2750001":[12,"習志野市","東習志野"],"2750014":[12,"習志野市","鷺沼"],"2750000":[12,"習志野市",""],"2758575":[12,"習志野市","泉町","１丁目２－１"],"2750024":[12,"習志野市","茜浜"],"2758533":[12,"習志野市","芝園","２丁目１－１６"],"2750004":[12,"習志野市","屋敷"],"2750016":[12,"習志野市","津田沼"],"2750026":[12,"習志野市","谷津"],"2750021":[12,"習志野市","袖ケ浦"],"2750027":[12,"習志野市","谷津町"],"2758611":[12,"習志野市","東習志野","７丁目１－１"],"2750011":[12,"習志野市","大久保"],"2758601":[12,"習志野市","鷺沼","１丁目１－１"]}
