{"4618532":[23,"名古屋市東区","泉","１丁目６番５号"],"4618672":[23,"名古屋市東区","砂田橋","５丁目７－１２"],"4618581":[23,"名古屋市東区","東桜","１丁目１番１０号"],"4610032":[23,"名古屋市東区","出来町"],"4610009":[23,"名古屋市東区","久屋町"],"4618580":[23,"名古屋市東区","白壁","３丁目１２－１３"],"4618636":[23,"名古屋市東区","東桜","一丁目３番１０号東桜第一ビル１０階"],"4618708":[23,"名古屋市東区","芳野","１丁目１３－１９"],"4618654":[23,"名古屋市東区","出来町","３丁目６－２３"],"4618651":[23,"名古屋市東区","徳川","１丁目９０１"],"4618550":[23,"名古屋市東区","泉","１丁目１－３９"],"4618541":[23,"名古屋市東区","東桜","１丁目１４番１１号"],"4618614":[23,"名古屋市東区","東桜","１丁目１３－３１１Ｆ"],"4610027":[23,"名古屋市東区","芳野"],"4618603":[23,"名古屋市東区","葵","３丁目１－２４"],"4618795":[23,"名古屋市東区","白壁","１丁目１５－１"],"4618673":[23,"名古屋市東区","大幸南","１丁目１－２０"],"4610026":[23,"名古屋市東区","赤塚町"],"4618555":[23,"名古屋市東区","泉","３丁目４－３"],"4618706":[23,"名古屋市東区","葵","３丁目１４－１２"],"4618631":[23,"名古屋市東区","東外堀町","３５"],"4610000":[23,"名古屋市東区",""],"4618707":[23,"名古屋市東区","徳川町","２３０８"],"4618703":[23,"名古屋市東区","徳川","１丁目５０１"],"4618658":[23,"名古屋市東区","徳川","１丁目１５－３０"],"4618676":[23,"名古屋市東区","砂田橋","２丁目１－５８"],"4618650":[23,"名古屋市東区","徳川","１丁目５０１"],"4618608":[23,"名古屋市東区","葵","３丁目１５－３１"],"4610021":[23,"名古屋市東区","大曽根"],"4618798":[23,"名古屋市東区","泉","２丁目２－５"],"4618641":[23,"名古屋市東区","筒井","２丁目１０－３１"],"4610043":[23,"名古屋市東区","大幸"],"4618717":[23,"名古屋市東区","橦木町","三丁目２２番地"],"4618507":[23,"名古屋市東区","東桜","１丁目１－６"],"4610006":[23,"名古屋市東区","東新町"],"4618520":[23,"名古屋市東区","東桜","２丁目３－３"],"4610003":[23,"名古屋市東区","筒井"],"4618678":[23,"名古屋市東区","矢田","３丁目１６－８５"],"4610017":[23,"名古屋市東区","東外堀町"],"4610048":[23,"名古屋市東区","矢田南"],"4618506":[23,"名古屋市東区","東桜","１丁目１０－１９"],"4610031":[23,"名古屋市東区","明倫町"],"4618575":[23,"名古屋市東区","白壁","１丁目１５－１"],"4618670":[23,"名古屋市東区","矢田南","５丁目１－１４"],"4618512":[23,"名古屋市東区","泉","１丁目２－３ソアービル"],"4610001":[23,"名古屋市東区","泉"],"4618539":[23,"名古屋市東区","東桜","２丁目１７－１４"],"4618620":[23,"名古屋市東区","主税町","４丁目８５"],"4610012":[23,"名古屋市東区","相生町"],"4618501":[23,"名古屋市東区","東桜","１丁目１４－２７"],"4610015":[23,"名古屋市東区","東片端町"],"4618530":[23,"名古屋市東区","泉","１丁目２３－３０"],"4610033":[23,"名古屋市東区","大松町"],"4610008":[23,"名古屋市東区","武平町"],"4610044":[23,"名古屋市東区","矢田東"],"4618626":[23,"名古屋市東区","東桜","１丁目１３番３号ＮＨＫ名古屋放送センタービル８階"],"4610045":[23,"名古屋市東区","砂田橋"],"4610013":[23,"名古屋市東区","飯田町"],"4618715":[23,"名古屋市東区","徳川","２丁目４－３"],"4610040":[23,"名古屋市東区","矢田"],"4610007":[23,"名古屋市東区","西新町"],"4610004":[23,"名古屋市東区","葵"],"4618540":[23,"名古屋市東区","東桜","２丁目２－１高岳パークビル１０Ｆ総務広報Ｇ"],"4618729":[23,"名古屋市東区","東桜","１丁目１－６"],"4610022":[23,"名古屋市東区","東大曽根町"],"4610016":[23,"名古屋市東区","上竪杉町"],"4618671":[23,"名古屋市東区","砂田橋","４丁目１－４７"],"4618525":[23,"名古屋市東区","東桜","１丁目１３－２"],"4610034":[23,"名古屋市東区","豊前町"],"4618610":[23,"名古屋市東区","葵","１丁目１７－８"],"4610023":[23,"名古屋市東区","徳川町"],"4618588":[23,"名古屋市東区","白壁","２丁目３０－８"],"4618721":[23,"名古屋市東区","白壁","５丁目３"],"4618585":[23,"名古屋市東区","白壁","１丁目４５番地白壁ビル"],"4618630":[23,"名古屋市東区","相生町","５５"],"4618582":[23,"名古屋市東区","泉","２丁目２１－２８"],"4618714":[23,"名古屋市東区","東桜","１丁目３番１０号"],"4610037":[23,"名古屋市東区","百人町"],"4618612":[23,"名古屋市東区","葵","１丁目２－１３"],"4618586":[23,"名古屋市東区","白壁","１丁目１"],"4610024":[23,"名古屋市東区","山口町"],"4618645":[23,"名古屋市東区","代官町","３７－１３"],"4610047":[23,"名古屋市東区","大幸南"],"4610025":[23,"名古屋市東区","徳川"],"4618522":[23,"名古屋市東区","東桜","２丁目１２－８"],"4610049":[23,"名古屋市東区","古出来"],"4610014":[23,"名古屋市東区","橦木町"],"4618605":[23,"名古屋市東区","葵","１丁目２０－６"],"4618640":[23,"名古屋市東区","筒井","一丁目７－７４"],"4618516":[23,"名古屋市東区","葵","１丁目１９番３０号マザックアートプラザ２０階"],"4618602":[23,"名古屋市東区","葵","３丁目１５－３１"],"4610036":[23,"名古屋市東区","車道町"],"4610005":[23,"名古屋市東区","東桜"],"4618505":[23,"名古屋市東区","東桜","２丁目１５－４"],"4618666":[23,"名古屋市東区","東桜","２丁目１３－３２"],"4610035":[23,"名古屋市東区","黒門町"],"4618655":[23,"名古屋市東区","徳川","１丁目８－４８"],"4618577":[23,"名古屋市東区","白壁","５丁目３番地"],"4618560":[23,"名古屋市東区","白壁","３丁目１８－１１"],"4618503":[23,"名古屋市東区","東桜","１丁目１４－２７"],"4618621":[23,"名古屋市東区","主税町","３丁目１８番地"],"4618725":[23,"名古屋市東区","東桜","１丁目１３－３"],"4610011":[23,"名古屋市東区","白壁"],"4618675":[23,"名古屋市東区","矢田南","５丁目１－１４"],"4618680":[23,"名古屋市東区","東新町","１"],"4618531":[23,"名古屋市東区","泉","２丁目２８－８"],"4618515":[23,"名古屋市東区","葵","１丁目１３－８アーバンネット布池ビル"],"4610038":[23,"名古屋市東区","新出来"],"4618558":[23,"名古屋市東区","泉","二丁目２７番１４号東海関電ビルディング４階"],"4618639":[23,"名古屋市東区","東桜","１丁目１０－３７"],"4610046":[23,"名古屋市東区","前浪町"],"4618504":[23,"名古屋市東区","東桜","１丁目１４－２７"],"4618710":[23,"名古屋市東区","東桜","１丁目１３－３"],"4618508":[23,"名古屋市東区","東桜","２丁目３－７"],"4610018":[23,"名古屋市東区","主税町"],"4618511":[23,"名古屋市東区","東桜","２丁目２－１"],"4610002":[23,"名古屋市東区","代官町"],"4610019":[23,"名古屋市東区","三の丸"]}
