{"1850034":[13,"国分寺市","光町"],"1850012":[13,"国分寺市","本町"],"1850023":[13,"国分寺市","西元町"],"1850031":[13,"国分寺市","富士本"],"1858502":[13,"国分寺市","南町","１丁目７"],"1850003":[13,"国分寺市","戸倉"],"1850002":[13,"国分寺市","東戸倉"],"1858510":[13,"国分寺市","光町","１丁目４７－４"],"1850014":[13,"国分寺市","東恋ケ窪"],"1858562":[13,"国分寺市","南町","３丁目２０－３"],"1850000":[13,"国分寺市",""],"1850036":[13,"国分寺市","高木町"],"1858795":[13,"国分寺市","泉町","２丁目１１－１６"],"1858511":[13,"国分寺市","戸倉","１丁目１５－１"],"1858601":[13,"国分寺市","東恋ケ窪","１丁目２８０"],"1850004":[13,"国分寺市","新町"],"1850035":[13,"国分寺市","西町"],"1858533":[13,"国分寺市","東元町","３丁目２０－４１"],"1858540":[13,"国分寺市","光町","２丁目８番地３８"],"1850013":[13,"国分寺市","西恋ケ窪"],"1850021":[13,"国分寺市","南町"],"1850033":[13,"国分寺市","内藤"],"1850032":[13,"国分寺市","日吉町"],"1850024":[13,"国分寺市","泉町"],"1858567":[13,"国分寺市","本多","１丁目１０－１４"],"1850001":[13,"国分寺市","北町"],"1858506":[13,"国分寺市","本町","１丁目２－１"],"1850005":[13,"国分寺市","並木町"],"1850022":[13,"国分寺市","東元町"],"1858501":[13,"国分寺市","戸倉","１丁目６－１"],"1850011":[13,"国分寺市","本多"]}
