{"3630025":[11,"桶川市","下日出谷"],"3630001":[11,"桶川市","加納"],"3638601":[11,"桶川市","大字加納","１８０"],"3630022":[11,"桶川市","若宮"],"3630027":[11,"桶川市","川田谷"],"3630009":[11,"桶川市","坂田東"],"3630017":[11,"桶川市","西"],"3630008":[11,"桶川市","坂田"],"3630028":[11,"桶川市","下日出谷西"],"3630013":[11,"桶川市","東"],"3630024":[11,"桶川市","鴨川"],"3630004":[11,"桶川市","五丁台"],"3630016":[11,"桶川市","寿"],"3630007":[11,"桶川市","小針領家"],"3638501":[11,"桶川市","泉","１丁目３－２８"],"3630015":[11,"桶川市","南"],"3630023":[11,"桶川市","朝日"],"3630011":[11,"桶川市","北"],"3630005":[11,"桶川市","舎人新田"],"3630026":[11,"桶川市","上日出谷"],"3630014":[11,"桶川市","神明"],"3638510":[11,"桶川市","大字上日出谷","１２３０番地"],"3630006":[11,"桶川市","倉田"],"3630021":[11,"桶川市","泉"],"3630003":[11,"桶川市","篠津"],"3630000":[11,"桶川市",""],"3638509":[11,"桶川市","赤堀","２丁目４"],"3630012":[11,"桶川市","末広"],"3630002":[11,"桶川市","赤堀"]}
