{"2570012":[14,"秦野市","西大竹"],"2570035":[14,"秦野市","本町"],"2570046":[14,"秦野市","ひばりケ丘"],"2578566":[14,"秦野市","曽屋","３０"],"2578533":[14,"秦野市","曽屋","１０４２"],"2570052":[14,"秦野市","上今川町"],"2570011":[14,"秦野市","尾尻"],"2570034":[14,"秦野市","大秦町"],"2570003":[14,"秦野市","南矢名"],"2578555":[14,"秦野市","曽屋","４００"],"2570054":[14,"秦野市","緑町"],"2578502":[14,"秦野市","曽屋","５００"],"2570043":[14,"秦野市","栄町"],"2570024":[14,"秦野市","名古木"],"2578523":[14,"秦野市","落合","７２９－５"],"2578585":[14,"秦野市","落合","６６６－１"],"2570055":[14,"秦野市","鈴張町"],"2570007":[14,"秦野市","鶴巻"],"2578588":[14,"秦野市","落合","３４０"],"2570026":[14,"秦野市","下落合"],"2570013":[14,"秦野市","南が丘"],"2570032":[14,"秦野市","河原町"],"2570004":[14,"秦野市","下大槻"],"2570045":[14,"秦野市","桜町"],"2578584":[14,"秦野市","名古木","１４６９"],"2570061":[14,"愛甲郡清川村","煤ケ谷"],"2570037":[14,"秦野市","末広町"],"2570016":[14,"秦野市","栃窪"],"2570036":[14,"秦野市","元町"],"2570000":[14,"秦野市",""],"2570022":[14,"秦野市","小蓑毛"],"2570018":[14,"秦野市","今泉台"],"2570056":[14,"秦野市","新町"],"2570053":[14,"秦野市","清水町"],"2570017":[14,"秦野市","立野台"],"2570051":[14,"秦野市","今川町"],"2570033":[14,"秦野市","室町"],"2570047":[14,"秦野市","水神町"],"2570015":[14,"秦野市","平沢"],"2570041":[14,"秦野市","入船町"],"2570021":[14,"秦野市","蓑毛"],"2578501":[14,"秦野市","桜町","１丁目３－２"],"2570027":[14,"秦野市","西田原"],"2578511":[14,"秦野市","曽屋","１２０４"],"2570001":[14,"秦野市","鶴巻北"],"2570002":[14,"秦野市","鶴巻南"],"2570042":[14,"秦野市","寿町"],"2570025":[14,"秦野市","落合"],"2570023":[14,"秦野市","寺山"],"2570005":[14,"秦野市","上大槻"],"2570014":[14,"秦野市","今泉"],"2570006":[14,"秦野市","北矢名"],"2570048":[14,"秦野市","幸町"],"2570044":[14,"秦野市","文京町"],"2570057":[14,"秦野市","富士見町"],"2570031":[14,"秦野市","曽屋"],"2570028":[14,"秦野市","東田原"]}
