{"0680009":[1,"岩見沢市","九条東"],"0682145":[1,"三笠市","幌内町"],"0680022":[1,"岩見沢市","二条西"],"0681112":[1,"石狩郡新篠津村","あけぼの"],"0682163":[1,"三笠市","達布"],"0680808":[1,"岩見沢市","南町八条"],"0680407":[1,"夕張市","福住"],"0682157":[1,"三笠市","若松町"],"0681134":[1,"石狩郡新篠津村","宍粟"],"0680425":[1,"夕張市","若菜"],"0683176":[1,"岩見沢市","栗沢町美流渡東栄町"],"0680132":[1,"岩見沢市","栗沢町南幸穂"],"0680672":[1,"夕張市","鹿島富士見町"],"0683164":[1,"岩見沢市","栗沢町万字錦町"],"0680114":[1,"岩見沢市","栗沢町茂世丑"],"0682127":[1,"三笠市","弥生柳町"],"0682133":[1,"三笠市","唐松常盤町"],"0680054":[1,"岩見沢市","元町一条東"],"0683159":[1,"岩見沢市","栗沢町万字二見町"],"0683163":[1,"岩見沢市","栗沢町万字西原町"],"0681205":[1,"岩見沢市","北村豊里"],"0680532":[1,"夕張市","清水沢清栄町"],"0682137":[1,"三笠市","唐松青山町"],"0680852":[1,"岩見沢市","大和二条"],"0680126":[1,"岩見沢市","栗沢町西本町"],"0680542":[1,"夕張市","南部夕南町"],"0681213":[1,"岩見沢市","北村赤川"],"0688668":[1,"岩見沢市","東町","２３４番地"],"0682153":[1,"三笠市","幸町"],"0682181":[1,"美唄市","光珠内町南"],"0680135":[1,"岩見沢市","栗沢町岐阜"],"0682194":[1,"三笠市","宮本町","４８９番地１"],"0681201":[1,"岩見沢市","北村豊正"],"0680358":[1,"夕張郡栗山町","桜山"],"0682121":[1,"三笠市","弥生桜木町"],"0680413":[1,"夕張市","鹿の谷"],"0680103":[1,"岩見沢市","栗沢町砺波"],"0680833":[1,"岩見沢市","志文町"],"0682128":[1,"三笠市","弥生藤枝町"],"0680830":[1,"岩見沢市","若駒"],"0682111":[1,"三笠市","幾春別錦町"],"0680111":[1,"岩見沢市","栗沢町由良"],"0681142":[1,"石狩郡新篠津村","新樺"],"0680826":[1,"岩見沢市","東山町"],"0680354":[1,"夕張郡栗山町","日出"],"0681194":[1,"石狩郡新篠津村","第４５線","北１３番地"],"0680663":[1,"夕張市","鹿島千年町"],"0688550":[1,"岩見沢市","八条西","５丁目"],"0682124":[1,"三笠市","弥生花園町"],"0683151":[1,"岩見沢市","栗沢町万字大平"],"0682100":[1,"三笠市",""],"0680814":[1,"岩見沢市","美園四条"],"0680026":[1,"岩見沢市","六条西"],"0680045":[1,"岩見沢市","北五条西"],"0682102":[1,"三笠市","西桂沢"],"0680404":[1,"夕張市","昭和"],"0683172":[1,"岩見沢市","栗沢町美流渡栄町"],"0680414":[1,"夕張市","鹿の谷山手町"],"0688688":[1,"岩見沢市","二条西","１６丁目１番地"],"0680005":[1,"岩見沢市","五条東"],"0681125":[1,"石狩郡新篠津村","上篠津"],"0680003":[1,"岩見沢市","三条東"],"0680021":[1,"岩見沢市","一条西"],"0680803":[1,"岩見沢市","南町三条"],"0680662":[1,"夕張市","鹿島明石町"],"0680535":[1,"夕張市","清水沢清陵町"],"0681104":[1,"石狩郡新篠津村","かつら"],"0680363":[1,"夕張郡栗山町","円山東山"],"0682166":[1,"三笠市","萱野"],"0680756":[1,"夕張市","滝ノ上"],"0680355":[1,"夕張郡栗山町","御園"],"0680124":[1,"岩見沢市","栗沢町幸穂町"],"0680842":[1,"岩見沢市","志文本町二条"],"0680812":[1,"岩見沢市","美園二条"],"0680052":[1,"岩見沢市","元町二条西"],"0680351":[1,"夕張郡栗山町","阿野呂"],"0688650":[1,"岩見沢市","五条東","１丁目７番地"],"0680133":[1,"岩見沢市","栗沢町加茂川"],"0680548":[1,"夕張市","南部幌南町"],"0680056":[1,"岩見沢市","元町三条東"],"0680031":[1,"岩見沢市","十一条西"],"0681131":[1,"石狩郡新篠津村","基線"],"0682142":[1,"三笠市","幌内住吉町"],"0681136":[1,"石狩郡新篠津村","下達布"],"0682105":[1,"三笠市","清住町"],"0680033":[1,"岩見沢市","十三条西"],"0680846":[1,"岩見沢市","下志文町"],"0682118":[1,"三笠市","幾春別千住町"],"0681127":[1,"石狩郡新篠津村","沼之端"],"0688609":[1,"岩見沢市","五条東","１５丁目"],"0680825":[1,"岩見沢市","日の出町"],"0683165":[1,"岩見沢市","栗沢町西万字"],"0681135":[1,"石狩郡新篠津村","袋達布"],"0682123":[1,"三笠市","弥生桃山町"],"0681153":[1,"石狩郡新篠津村","中原"],"0680102":[1,"岩見沢市","栗沢町栗部"],"0681202":[1,"岩見沢市","北村中小屋"],"0688555":[1,"岩見沢市","九条西","７丁目２番地"],"0680011":[1,"岩見沢市","十一条東"],"0680008":[1,"岩見沢市","八条東"],"0683155":[1,"岩見沢市","栗沢町万字寿町"],"0680023":[1,"岩見沢市","三条西"],"0680817":[1,"岩見沢市","美園七条"],"0682106":[1,"三笠市","美園町"],"0682158":[1,"三笠市","堤町"],"0681111":[1,"石狩郡新篠津村","東明"],"0680423":[1,"夕張市","平和"],"0680353":[1,"夕張郡栗山町","継立"],"0682164":[1,"三笠市","いちきしり"],"0681122":[1,"石狩郡新篠津村","北新"],"0680665":[1,"夕張市","鹿島宝町"],"0680041":[1,"岩見沢市","北一条西"],"0680851":[1,"岩見沢市","大和一条"],"0681101":[1,"石狩郡新篠津村","萌出"],"0680809":[1,"岩見沢市","南町九条"],"0683153":[1,"岩見沢市","栗沢町万字仲町"],"0683175":[1,"岩見沢市","栗沢町美流渡西町"],"0681145":[1,"石狩郡新篠津村","西高倉"],"0680016":[1,"岩見沢市","稔町"],"0683183":[1,"岩見沢市","栗沢町美流渡楓町"],"0680837":[1,"岩見沢市","宝水町"],"0680823":[1,"岩見沢市","日の出南"],"0680541":[1,"夕張市","南部遠幌町"],"0682114":[1,"三笠市","幾春別栗丘町"],"0680829":[1,"岩見沢市","かえで町"],"0682126":[1,"三笠市","弥生町"],"0680406":[1,"夕張市","住初"],"0680853":[1,"岩見沢市","大和三条"],"0680028":[1,"岩見沢市","八条西"],"0683152":[1,"岩見沢市","栗沢町万字幸町"],"0680810":[1,"岩見沢市","南町"],"0681161":[1,"岩見沢市","北村北都"],"0680426":[1,"夕張市","富野"],"0680012":[1,"岩見沢市","十二条東"],"0680027":[1,"岩見沢市","七条西"],"0682167":[1,"三笠市","大里"],"0680357":[1,"夕張郡栗山町","南学田"],"0682104":[1,"三笠市","東清住町"],"0680125":[1,"岩見沢市","栗沢町南本町"],"0682101":[1,"三笠市","桂沢"],"0680754":[1,"夕張市","楓"],"0680422":[1,"夕張市","日吉"],"0680134":[1,"岩見沢市","栗沢町栗丘"],"0680053":[1,"岩見沢市","北本町西"],"0682192":[1,"三笠市","幸町","２番地"],"0681195":[1,"石狩郡新篠津村","","８９４番２"],"0681212":[1,"岩見沢市","北村中央"],"0680004":[1,"岩見沢市","四条東"],"0680112":[1,"岩見沢市","栗沢町上幌"],"0688642":[1,"岩見沢市","緑が丘","２丁目３４番地"],"0680533":[1,"夕張市","清水沢清湖町"],"0681115":[1,"石狩郡新篠津村","みずほ"],"0680805":[1,"岩見沢市","南町五条"],"0683156":[1,"岩見沢市","栗沢町万字英町"],"0680057":[1,"岩見沢市","北本町東"],"0680136":[1,"岩見沢市","栗沢町必成"],"0680751":[1,"夕張市","沼ノ沢"],"0682132":[1,"三笠市","唐松緑町"],"0680804":[1,"岩見沢市","南町四条"],"0682144":[1,"三笠市","幌内金谷町"],"0680046":[1,"岩見沢市","緑町"],"0682147":[1,"三笠市","幌内新栄町"],"0683171":[1,"岩見沢市","栗沢町美流渡本町"],"0680845":[1,"岩見沢市","志文本町五条"],"0682152":[1,"三笠市","多賀町"],"0683186":[1,"岩見沢市","清水町"],"0680673":[1,"夕張市","鹿島栄町"],"0682141":[1,"三笠市","本町"],"0680547":[1,"夕張市","南部新光町"],"0680411":[1,"夕張市","末広"],"0681215":[1,"岩見沢市","北村幌達布"],"0680403":[1,"夕張市","本町"],"0680755":[1,"夕張市","紅葉山"],"0680115":[1,"岩見沢市","栗沢町最上"],"0680106":[1,"岩見沢市","栗沢町越前"],"0680801":[1,"岩見沢市","南町一条"],"0681152":[1,"石狩郡新篠津村","川下"],"0681144":[1,"石狩郡新篠津村","拓新"],"0681132":[1,"石狩郡新篠津村","豊野"],"0680402":[1,"夕張市","社光"],"0680828":[1,"岩見沢市","鳩が丘"],"0680058":[1,"岩見沢市","桜木一条"],"0680030":[1,"岩見沢市","十条西"],"0683178":[1,"岩見沢市","栗沢町美流渡錦町"],"0688639":[1,"岩見沢市","有明町南","１番地２０"],"0681123":[1,"石狩郡新篠津村","川上"],"0680405":[1,"夕張市","旭町"],"0683181":[1,"岩見沢市","栗沢町美流渡南町"],"0680832":[1,"岩見沢市","ふじ町二条"],"0680540":[1,"夕張市","南部住の江町"],"0680818":[1,"岩見沢市","並木町"],"0680051":[1,"岩見沢市","元町一条西"],"0680854":[1,"岩見沢市","大和四条"],"0681192":[1,"石狩郡新篠津村","第４７線","北１３番地"],"0682136":[1,"三笠市","唐松栄町"],"0680813":[1,"岩見沢市","美園三条"],"0680534":[1,"夕張市","清水沢宮前町"],"0683182":[1,"岩見沢市","栗沢町美流渡緑町"],"0682116":[1,"三笠市","幾春別町"],"0680753":[1,"夕張市","登川"],"0688666":[1,"岩見沢市","八条東","１丁目３"],"0681151":[1,"石狩郡新篠津村","西原"],"0680546":[1,"夕張市","南部青葉町"],"0680007":[1,"岩見沢市","七条東"],"0680024":[1,"岩見沢市","四条西"],"0688660":[1,"岩見沢市","三条西","６丁目２番地１"],"0680002":[1,"岩見沢市","二条東"],"0680424":[1,"夕張市","千代田"],"0680029":[1,"岩見沢市","九条西"],"0680123":[1,"岩見沢市","栗沢町東本町"],"0680815":[1,"岩見沢市","美園五条"],"0682115":[1,"三笠市","幾春別滝見町"],"0680664":[1,"夕張市","鹿島錦町"],"0680544":[1,"夕張市","南部大宮町"],"0680101":[1,"岩見沢市","栗沢町北斗"],"0681105":[1,"石狩郡新篠津村","みのり"],"0682103":[1,"三笠市","奔別新町"],"0680822":[1,"岩見沢市","日の出台"],"0680409":[1,"夕張市","丁未"],"0680014":[1,"岩見沢市","東町二条"],"0680131":[1,"岩見沢市","栗沢町小西"],"0683161":[1,"岩見沢市","栗沢町宮村"],"0682155":[1,"三笠市","榊町"],"0681141":[1,"石狩郡新篠津村","西篠津"],"0680806":[1,"岩見沢市","南町六条"],"0680034":[1,"岩見沢市","有明町南"],"0680042":[1,"岩見沢市","北二条西"],"0681214":[1,"岩見沢市","北村美唄達布"],"0680122":[1,"岩見沢市","栗沢町北幸穂"],"0681114":[1,"石狩郡新篠津村","南ケ丘"],"0680361":[1,"夕張郡栗山町","滝下"],"0683177":[1,"岩見沢市","栗沢町美流渡末広町"],"0680836":[1,"岩見沢市","上志文町"],"0682122":[1,"三笠市","弥生並木町"],"0682131":[1,"三笠市","唐松春光町"],"0680492":[1,"夕張市","本町","４丁目２番地"],"0680421":[1,"夕張市","常盤"],"0680047":[1,"岩見沢市","若松町"],"0680001":[1,"岩見沢市","一条東"],"0681146":[1,"石狩郡新篠津村","新高倉"],"0681116":[1,"石狩郡新篠津村","上達布"],"0680752":[1,"夕張市","真谷地"],"0681102":[1,"石狩郡新篠津村","いなほ"],"0682112":[1,"三笠市","幾春別川向町"],"0681231":[1,"樺戸郡月形町","雁里"],"0680048":[1,"岩見沢市","西川町"],"0688588":[1,"岩見沢市","大和三条","９丁目１４番地"],"0680113":[1,"岩見沢市","栗沢町宮村"],"0681211":[1,"岩見沢市","北村北都"],"0682151":[1,"三笠市","有明町"],"0680661":[1,"夕張市","鹿島白金"],"0683157":[1,"岩見沢市","栗沢町万字睦町"],"0682108":[1,"三笠市","柏町"],"0680671":[1,"夕張市","鹿島緑町"],"0682143":[1,"三笠市","幌内北星町"],"0680408":[1,"夕張市","富岡"],"0688686":[1,"岩見沢市","鳩が丘","１丁目１－１"],"0680674":[1,"夕張市","鹿島代々木町"],"0683180":[1,"岩見沢市","栗沢町美流渡東町"],"0680675":[1,"夕張市","鹿島北栄町"],"0680104":[1,"岩見沢市","栗沢町耕成"],"0681133":[1,"石狩郡新篠津村","平安"],"0680105":[1,"岩見沢市","栗沢町自協"],"0683179":[1,"岩見沢市","栗沢町美流渡桜町"],"0683187":[1,"岩見沢市","奈良町"],"0682135":[1,"三笠市","唐松町"],"0682162":[1,"三笠市","川内"],"0681204":[1,"岩見沢市","北村栄町"],"0683162":[1,"岩見沢市","栗沢町万字旭町"],"0680831":[1,"岩見沢市","ふじ町一条"],"0680400":[1,"夕張市",""],"0683174":[1,"岩見沢市","栗沢町美流渡吉野町"],"0680827":[1,"岩見沢市","春日町"],"0680807":[1,"岩見沢市","南町七条"],"0680412":[1,"夕張市","鹿の谷東丘町"],"0681113":[1,"石狩郡新篠津村","ふらわ"],"0680802":[1,"岩見沢市","南町二条"],"0680061":[1,"岩見沢市","北六条西"],"0683158":[1,"岩見沢市","栗沢町万字巴町"],"0680855":[1,"岩見沢市","大和町"],"0680006":[1,"岩見沢市","六条東"],"0681124":[1,"石狩郡新篠津村","高倉"],"0682161":[1,"三笠市","本郷町"],"0680531":[1,"夕張市","清水沢"],"0682117":[1,"三笠市","幾春別中島町"],"0682134":[1,"三笠市","唐松千代田町"],"0682193":[1,"三笠市","若草町","４０４番地"],"0682168":[1,"三笠市","美和"],"0681138":[1,"石狩郡新篠津村","新西篠津"],"0680844":[1,"岩見沢市","志文本町四条"],"0680194":[1,"岩見沢市","栗沢町東本町","２１番地"],"0680025":[1,"岩見沢市","五条西"],"0681103":[1,"石狩郡新篠津村","西の里"],"0680821":[1,"岩見沢市","栄町"],"0680834":[1,"岩見沢市","駒園"],"0680543":[1,"夕張市","南部若美町"],"0681193":[1,"石狩郡新篠津村","第４７線","北１３番地"],"0680820":[1,"岩見沢市","東山"],"0680352":[1,"夕張郡栗山町","大井分"],"0680055":[1,"岩見沢市","元町二条東"],"0683185":[1,"岩見沢市","朝日町"],"0680811":[1,"岩見沢市","美園一条"],"0683173":[1,"岩見沢市","栗沢町美流渡若葉町"],"0681126":[1,"石狩郡新篠津村","豊ケ丘"],"0680824":[1,"岩見沢市","日の出北"],"0680549":[1,"夕張市","南部岳見町"],"0681203":[1,"岩見沢市","北村大願"],"0681100":[1,"石狩郡新篠津村",""],"0680545":[1,"夕張市","南部東町"],"0680843":[1,"岩見沢市","志文本町三条"],"0680816":[1,"岩見沢市","美園六条"],"0680841":[1,"岩見沢市","志文本町一条"],"0680043":[1,"岩見沢市","北三条西"],"0680536":[1,"夕張市","南清水沢"],"0680013":[1,"岩見沢市","東町一条"],"0680000":[1,"岩見沢市",""],"0681292":[1,"岩見沢市","北村赤川","５９３番地１号"],"0682148":[1,"三笠市","幌内初音町"],"0682154":[1,"三笠市","高美町"],"0680044":[1,"岩見沢市","北四条西"],"0681143":[1,"石狩郡新篠津村","武田"],"0680835":[1,"岩見沢市","緑が丘"],"0688558":[1,"岩見沢市","八条西","５丁目"],"0681137":[1,"石狩郡新篠津村","中篠津"],"0680401":[1,"夕張市","高松"],"0680127":[1,"岩見沢市","栗沢町本町"],"0682165":[1,"三笠市","岡山"],"0680032":[1,"岩見沢市","十二条西"],"0680847":[1,"岩見沢市","金子町"],"0680035":[1,"岩見沢市","有明町中央"],"0682125":[1,"三笠市","弥生橘町"],"0683188":[1,"岩見沢市","毛陽町"],"0680010":[1,"岩見沢市","十条東"],"0683154":[1,"岩見沢市","栗沢町万字曙町"],"0682107":[1,"三笠市","若草町"],"0680356":[1,"夕張郡栗山町","南角田"],"0680015":[1,"岩見沢市","東町"],"0681121":[1,"石狩郡新篠津村","新湧"],"0680362":[1,"夕張郡栗山町","円山"],"0680121":[1,"岩見沢市","栗沢町北本町"],"0682146":[1,"三笠市","幌内春日町"],"0682156":[1,"三笠市","宮本町"],"0682113":[1,"三笠市","幾春別山手町"]}
