{"1350012":[13,"江東区","海辺"],"1358415":[13,"江東区","清澄","１丁目３－２"],"1358555":[13,"江東区","新大橋","２丁目１３－４"],"1350048":[13,"江東区","門前仲町"],"1358554":[13,"江東区","福住","２丁目５－４ＩＸＩＮＡＬ門前仲町"],"1356004":[13,"江東区","豊洲豊洲センタービル"],"1358622":[13,"港区","台場","２丁目３－４"],"1350007":[13,"江東区","新大橋"],"1358531":[13,"江東区","富岡","２丁目１－９ＮＶＴＯＭＩＯＫＡＢＩＬＧ８Ｆ"],"1358222":[13,"江東区","青海","１丁目１番２０号ダイバーシティ東京オフィスタワー"],"1356028":[13,"江東区","豊洲豊洲センタービル"],"1358717":[13,"江東区","豊洲","５丁目６－５２ＩＳＴビル"],"1358504":[13,"江東区","永代","１丁目７－１２"],"1350002":[13,"江東区","住吉"],"1358548":[13,"江東区","豊洲","３丁目７－５"],"1358387":[13,"江東区","東陽","７丁目２－１４東陽ＭＫビル"],"1358481":[13,"江東区","永代","１丁目１３－３"],"1358311":[13,"江東区","猿江","２丁目１６－１２"],"1358473":[13,"江東区","深川","２丁目６－１１富岡橋ビル"],"1350053":[13,"江東区","辰巳"],"1356012":[13,"江東区","豊洲豊洲センタービル"],"1358659":[13,"江東区","新大橋","１丁目８－１１三井生命新大橋ビル"],"1358113":[13,"江東区","豊洲","５－６－３６ＳＩＡ豊洲プライムスクエア９階"],"1358619":[13,"江東区","豊洲","５丁目６－１５ＮＢＦ豊洲ガーデンフロント"],"1358513":[13,"江東区","永代","２丁目３７－２５"],"1358363":[13,"江東区","東陽","２丁目４－２"],"1358510":[13,"江東区","木場","２丁目１８－１１"],"1350014":[13,"江東区","石島"],"1358443":[13,"江東区","永代","１丁目１３－３"],"1356008":[13,"江東区","豊洲豊洲センタービル"],"1358559":[13,"江東区","東陽","６丁目３番１号東京イースト２１ビジネスセンター２階"],"1356036":[13,"江東区","豊洲豊洲センタービル"],"1358677":[13,"江東区","豊洲","３丁目３－９豊洲センタービルアネックス"],"1356006":[13,"江東区","豊洲豊洲センタービル"],"1358111":[13,"江東区","豊洲","５丁目６番３６号－１２階"],"1358671":[13,"江東区","豊洲","３丁目３－９"],"1358522":[13,"江東区","木場","３丁目１４－４"],"1358668":[13,"江東区","青海","２－４－２４青海フロンティアビル１１Ｆ"],"1356019":[13,"江東区","豊洲豊洲センタービル"],"1358448":[13,"江東区","冬木","１１－７イシマビル１０Ｆ"],"1356023":[13,"江東区","豊洲豊洲センタービル"],"1358210":[13,"江東区","有明","３丁目６番１１号ＴＦＴビル東館６階"],"1356017":[13,"江東区","豊洲豊洲センタービル"],"1350022":[13,"江東区","三好"],"1358557":[13,"江東区","福住","２丁目４－３"],"1356007":[13,"江東区","豊洲豊洲センタービル"],"1358511":[13,"江東区","豊洲","５丁目６－５２"],"1356024":[13,"江東区","豊洲豊洲センタービル"],"1356034":[13,"江東区","豊洲豊洲センタービル"],"1358566":[13,"江東区","木場","２丁目１４－８"],"1350051":[13,"江東区","枝川"],"1358550":[13,"江東区","有明","３丁目１０－６"],"1358385":[13,"江東区","東陽","２丁目２－２０"],"1356001":[13,"江東区","豊洲豊洲センタービル"],"1358384":[13,"江東区","東陽","２丁目４－３４"],"1350000":[13,"江東区",""],"1358670":[13,"江東区","潮見","２丁目１０－２４"],"1358620":[13,"江東区","豊洲","５丁目６－１５ＮＢＦ豊洲ガーデンフロント"],"1358618":[13,"江東区","豊洲","５丁目６－１５ＮＢＦ豊洲ガーデンフロント５Ｆ"],"1358501":[13,"江東区","越中島","１丁目２－２１"],"1358574":[13,"江東区","枝川","１丁目９－６"],"1350034":[13,"江東区","永代"],"1356011":[13,"江東区","豊洲豊洲センタービル"],"1358723":[13,"江東区","佐賀","１丁目１７－７"],"1350045":[13,"江東区","古石場"],"1358631":[13,"港区","台場","２丁目３－３"],"1358573":[13,"江東区","枝川","１丁目９－６"],"1356032":[13,"江東区","豊洲豊洲センタービル"],"1358565":[13,"江東区","潮見","２丁目１０－２４"],"1358350":[13,"江東区","新大橋","２丁目１３－４"],"1350013":[13,"江東区","千田"],"1358731":[13,"江東区","豊洲","２丁目１－１"],"1350042":[13,"江東区","木場"],"1358528":[13,"江東区","東雲","１丁目７－１２ＫＤＸ豊洲グランスクエア４階"],"1358360":[13,"江東区","新大橋","２丁目１７－１２"],"1358611":[13,"江東区","有明","３丁目１－２５"],"1358458":[13,"江東区","東陽","２丁目４－４３"],"1358523":[13,"江東区","辰巳","２丁目１－６７"],"1350044":[13,"江東区","越中島"],"1358630":[13,"江東区","青海","２丁目７９番"],"1358582":[13,"江東区","木場","１丁目５番６５号"],"1358330":[13,"江東区","森下","３丁目６－５"],"1358440":[13,"江東区","清澄","１丁目２－１読売江東ビル"],"1358320":[13,"江東区","猿江","１丁目１－１５"],"1358721":[13,"江東区","越中島","２丁目１－３０"],"1358570":[13,"江東区","豊洲","４丁目９－１１"],"1350023":[13,"江東区","平野"],"1356009":[13,"江東区","豊洲豊洲センタービル"],"1356035":[13,"江東区","豊洲豊洲センタービル"],"1358710":[13,"江東区","豊洲","３丁目１－１"],"1350016":[13,"江東区","東陽"],"1350065":[13,"江東区","中央防波堤"],"1350063":[13,"江東区","有明"],"1350011":[13,"江東区","扇橋"],"1358538":[13,"江東区","辰巳","１丁目１番２０号日本空手道会館"],"1358362":[13,"江東区","東陽","７丁目２－１８"],"1358514":[13,"江東区","豊洲","２丁目１－１４"],"1356030":[13,"江東区","豊洲豊洲センタービル"],"1358451":[13,"江東区","深川","２丁目２－１８"],"1356027":[13,"江東区","豊洲豊洲センタービル"],"1350004":[13,"江東区","森下"],"1350021":[13,"江東区","白河"],"1358110":[13,"江東区","豊洲","３丁目２番２０号"],"1358552":[13,"江東区","辰巳","２丁目１－５８"],"1358578":[13,"港区","台場","２丁目３－５台場ガーデンシティビル"],"1358707":[13,"港区","台場","１丁目７番１号"],"1356015":[13,"江東区","豊洲豊洲センタービル"],"1358587":[13,"品川区","東八潮","３－１"],"1356021":[13,"江東区","豊洲豊洲センタービル"],"1358532":[13,"江東区","木場","１丁目５－５５"],"1358482":[13,"江東区","牡丹","３丁目１４－１５"],"1358738":[13,"江東区","新砂","１丁目８－１０"],"1356037":[13,"江東区","豊洲豊洲センタービル"],"1350091":[13,"港区","台場"],"1350047":[13,"江東区","富岡"],"1350032":[13,"江東区","福住"],"1358530":[13,"江東区","越中島","３丁目４－１７"],"1356005":[13,"江東区","豊洲豊洲センタービル"],"1358517":[13,"江東区","越中島","２丁目１－３０"],"1358375":[13,"江東区","東陽","６丁目１－４２"],"1358616":[13,"江東区","豊洲","５丁目６－１５ＮＢＦ豊洲ガーデンフロント５Ｆ"],"1358301":[13,"江東区","森下","１丁目２－９"],"1356014":[13,"江東区","豊洲豊洲センタービル"],"1358370":[13,"江東区","東陽","７丁目５－８"],"1358678":[13,"江東区","豊洲","３－３－９豊洲センタービルアネックス"],"1358464":[13,"江東区","永代","１丁目１４－５永代ダイヤビル１３Ｆ"],"1358718":[13,"港区","台場","１丁目７番１号"],"1356013":[13,"江東区","豊洲豊洲センタービル"],"1358563":[13,"江東区","潮見","２丁目４－１８"],"1358445":[13,"江東区","永代","２丁目３１－１"],"1350052":[13,"江東区","潮見"],"1358614":[13,"江東区","豊洲","２丁目４－９"],"1358411":[13,"江東区","佐賀","１丁目１５－７"],"1356029":[13,"江東区","豊洲豊洲センタービル"],"1358733":[13,"江東区","豊洲","３丁目２－１６"],"1358518":[13,"江東区","東雲","１丁目７－１２ＫＤＸ豊洲グランスクエア７階"],"1350062":[13,"江東区","東雲"],"1358383":[13,"江東区","東陽","４丁目１１－２８"],"1350006":[13,"江東区","常盤"],"1358558":[13,"江東区","東雲","１丁目１０－６"],"1358661":[13,"港区","台場","２丁目３－１"],"1358632":[13,"港区","台場","２丁目３－３"],"1358115":[13,"江東区","豊洲","３丁目１番１号豊洲ＩＨＩビル"],"1358625":[13,"港区","台場","１丁目９－１"],"1356090":[13,"江東区","豊洲豊洲センタービル"],"1358567":[13,"江東区","潮見","２丁目１－２２"],"1356018":[13,"江東区","豊洲豊洲センタービル"],"1350003":[13,"江東区","猿江"],"1358556":[13,"江東区","辰巳","１丁目７－１７"],"1358655":[13,"港区","台場","２丁目３番地１号"],"1358312":[13,"江東区","毛利","２丁目１０－１８"],"1358621":[13,"江東区","豊洲","５丁目６－１５ＮＢＦ豊洲ガーデンフロント９Ｆ"],"1358641":[13,"江東区","木場","５丁目８番４０号東京パークサイドビル１４階"],"1356025":[13,"江東区","豊洲豊洲センタービル"],"1356002":[13,"江東区","豊洲豊洲センタービル"],"1350001":[13,"江東区","毛利"],"1358551":[13,"江東区","東雲","２丁目１２－４３"],"1358422":[13,"江東区","福住","１丁目１３－１２"],"1358372":[13,"江東区","東陽","７丁目２－１８"],"1358512":[13,"江東区","木場","１丁目５－１"],"1358366":[13,"江東区","東陽","５丁目２９－１７住友不動産東陽ビル"],"1358722":[13,"江東区","佐賀","１丁目１７－７"],"1358535":[13,"江東区","富岡","２丁目１１－６長谷萬ビル"],"1358480":[13,"江東区","永代","１丁目２－１"],"1358581":[13,"江東区","木場","１丁目５番６５号"],"1350061":[13,"江東区","豊洲"],"1358388":[13,"江東区","東陽","２丁目４－２４"],"1358701":[13,"港区","台場","２丁目６－１"],"1358310":[13,"江東区","森下","１丁目２－２"],"1358080":[13,"江東区","辰巳","２丁目１番５８号"],"1358505":[13,"江東区","豊洲","５丁目６－１５ＮＢＦ豊洲ガーデンフロント"],"1358720":[13,"江東区","東陽","２丁目２－１５"],"1358602":[13,"江東区","福住","２丁目３－１０"],"1356016":[13,"江東区","豊洲豊洲センタービル"],"1358577":[13,"江東区","豊洲","４丁目１－１８"],"1358686":[13,"江東区","青海","２丁目４番３２号タイム２４ビル"],"1350041":[13,"江東区","冬木"],"1358575":[13,"江東区","有明","３丁目５－７ＴＯＣ有明イーストタワー１１階"],"1358553":[13,"江東区","豊洲","５丁目６－４１"],"1358585":[13,"江東区","潮見","２丁目１０－１０日本カトリック会館"],"1358650":[13,"江東区","有明","３丁目４番２号"],"1356020":[13,"江東区","豊洲豊洲センタービル"],"1358432":[13,"江東区","佐賀","１丁目９－１４"],"1350005":[13,"江東区","高橋"],"1356026":[13,"江東区","豊洲豊洲センタービル"],"1358560":[13,"江東区","豊洲","１丁目１－１"],"1356031":[13,"江東区","豊洲豊洲センタービル"],"1358711":[13,"江東区","東雲","２丁目１６－１"],"1358430":[13,"江東区","福住","２丁目４－３"],"1358402":[13,"江東区","佐賀","１丁目１－１４"],"1358730":[13,"江東区","深川","１－１１－１２"],"1358318":[13,"江東区","毛利","２丁目６－５"],"1350092":[13,"品川区","東八潮"],"1350043":[13,"江東区","塩浜"],"1358540":[13,"江東区","深川","１丁目１１－１２"],"1350046":[13,"江東区","牡丹"],"1358461":[13,"江東区","永代","１丁目１４－６大和永代ビル"],"1350031":[13,"江東区","佐賀"],"1358525":[13,"江東区","木場","２丁目１７－１３亀井ビル３Ｆ・４Ｆ"],"1356022":[13,"江東区","豊洲豊洲センタービル"],"1350015":[13,"江東区","千石"],"1358477":[13,"江東区","永代","１丁目１４－５永代ダイヤビル内"],"1358521":[13,"江東区","辰巳","２丁目１－６７"],"1356033":[13,"江東区","豊洲豊洲センタービル"],"1358460":[13,"江東区","冬木","１５－６"],"1358533":[13,"江東区","越中島","２丁目１－６"],"1358732":[13,"江東区","豊洲","３丁目１－１５"],"1358617":[13,"江東区","豊洲","５丁目６－１５ＮＢＦ豊洲ガーデンフロント５Ｆ"],"1358639":[13,"江東区","辰巳","２丁目１－６７"],"1350064":[13,"江東区","青海"],"1358470":[13,"江東区","永代","２丁目３７－２５"],"1358427":[13,"江東区","潮見","２－１－７"],"1358303":[13,"江東区","森下","３丁目８－１１"],"1358181":[13,"江東区","有明","３丁目３番３号"],"1358579":[13,"江東区","東雲","１丁目５－１７"],"1350024":[13,"江東区","清澄"],"1356010":[13,"江東区","豊洲豊洲センタービル"],"1356003":[13,"江東区","豊洲豊洲センタービル"],"1358112":[13,"江東区","豊洲","５丁目６番３６号－７階"],"1350033":[13,"江東区","深川"],"1358331":[13,"江東区","千田","２３－１３"],"1358568":[13,"江東区","潮見","２－１０－２４"],"1358508":[13,"江東区","木場","６丁目３－２"],"1358404":[13,"江東区","清澄","２丁目３－１５"],"1358436":[13,"江東区","福住","２丁目３－１０"],"1358666":[13,"江東区","有明","１丁目５－３５"]}
