{"1980002":[13,"青梅市","富岡"],"1980087":[13,"青梅市","天ケ瀬町"],"1988531":[13,"青梅市","根ケ布","２丁目７２２"],"1980088":[13,"青梅市","裏宿町"],"1988722":[13,"青梅市","勝沼","３丁目６５"],"1980041":[13,"青梅市","勝沼"],"1980021":[13,"青梅市","今寺"],"1980042":[13,"青梅市","東青梅"],"1980044":[13,"青梅市","西分町"],"1988611":[13,"青梅市","新町","６丁目１６－２"],"1980051":[13,"青梅市","友田町"],"1980103":[13,"西多摩郡奥多摩町","梅沢"],"1980046":[13,"青梅市","日向和田"],"1980106":[13,"西多摩郡奥多摩町","棚沢"],"1980061":[13,"青梅市","畑中"],"1988666":[13,"青梅市","新町","９丁目２１５７"],"1980052":[13,"青梅市","長淵"],"1980032":[13,"青梅市","野上町"],"1988522":[13,"青梅市","長淵","５丁目２５１"],"1980005":[13,"青梅市","黒沢"],"1980086":[13,"青梅市","大柳町"],"1980062":[13,"青梅市","和田町"],"1980211":[13,"西多摩郡奥多摩町","日原"],"1980105":[13,"西多摩郡奥多摩町","小丹波"],"1980043":[13,"青梅市","千ケ瀬町"],"1980102":[13,"西多摩郡奥多摩町","川井"],"1988512":[13,"青梅市","新町","６丁目１６－３"],"1980085":[13,"青梅市","滝ノ上町"],"1988588":[13,"青梅市","友田町","５丁目３５０"],"1980225":[13,"西多摩郡奥多摩町","川野"],"1980089":[13,"青梅市","森下町"],"1980224":[13,"西多摩郡奥多摩町","河内"],"1980104":[13,"西多摩郡奥多摩町","丹三郎"],"1980053":[13,"青梅市","駒木町"],"1980223":[13,"西多摩郡奥多摩町","原"],"1980212":[13,"西多摩郡奥多摩町","氷川"],"1988711":[13,"青梅市","末広町","１丁目７－２"],"1988577":[13,"青梅市","今井","３丁目７－１９"],"1980004":[13,"青梅市","根ケ布"],"1980175":[13,"青梅市","御岳山"],"1980011":[13,"青梅市","塩船"],"1988555":[13,"青梅市","今井","３丁目１０番６号"],"1980173":[13,"青梅市","御岳本町"],"1980064":[13,"青梅市","柚木町"],"1988510":[13,"青梅市","今井","３丁目７－２０"],"1980174":[13,"青梅市","御岳"],"1980001":[13,"青梅市","成木"],"1988681":[13,"青梅市","住江町","５１"],"1980013":[13,"青梅市","木野下"],"1980171":[13,"青梅市","二俣尾"],"1988710":[13,"青梅市","末広町","２丁目９番"],"1988655":[13,"青梅市","長淵","２丁目５９０"],"1980014":[13,"青梅市","大門"],"1988701":[13,"青梅市","東青梅","１丁目１１－１"],"1980024":[13,"青梅市","新町"],"1980063":[13,"青梅市","梅郷"],"1980083":[13,"青梅市","本町"],"1988601":[13,"青梅市","末広町","１丁目６－１"],"1980023":[13,"青梅市","今井"],"1980082":[13,"青梅市","仲町"],"1980025":[13,"青梅市","末広町"],"1980081":[13,"青梅市","上町"],"1980213":[13,"西多摩郡奥多摩町","海沢"],"1980222":[13,"西多摩郡奥多摩町","境"],"1980101":[13,"西多摩郡奥多摩町","大丹波"],"1980084":[13,"青梅市","住江町"],"1988525":[13,"青梅市","新町","３－３－１宇源ビル３・４階"],"1980221":[13,"西多摩郡奥多摩町","留浦"],"1980012":[13,"青梅市","谷野"],"1980172":[13,"青梅市","沢井"],"1980107":[13,"西多摩郡奥多摩町","白丸"],"1980000":[13,"青梅市",""],"1988585":[13,"青梅市","上町","３７３"],"1980031":[13,"青梅市","師岡町"],"1980015":[13,"青梅市","吹上"],"1980036":[13,"青梅市","河辺町"],"1980022":[13,"青梅市","藤橋"],"1988700":[13,"青梅市","東青梅","１丁目１１－１"],"1988760":[13,"青梅市","末広町","１丁目７－２"],"1980003":[13,"青梅市","小曾木"]}
