{"2580025":[14,"足柄上郡開成町","円通寺"],"2580203":[14,"足柄上郡山北町","神尾田"],"2580112":[14,"足柄上郡山北町","岸"],"2580125":[14,"足柄上郡山北町","山市場"],"2580201":[14,"足柄上郡山北町","中川"],"2580022":[14,"足柄上郡開成町","牛島"],"2580123":[14,"足柄上郡山北町","湯触"],"2580011":[14,"足柄上郡大井町","篠窪"],"2580001":[14,"足柄上郡松田町","寄"],"2580014":[14,"足柄上郡大井町","赤田"],"2588511":[14,"足柄上郡大井町","上大井","１３１－１"],"2580124":[14,"足柄上郡山北町","川西"],"2580002":[14,"足柄上郡松田町","神山"],"2580024":[14,"足柄上郡開成町","中之名"],"2580114":[14,"足柄上郡山北町","平山"],"2588585":[14,"足柄上郡松田町","松田惣領","２０３７"],"2580004":[14,"足柄上郡松田町","松田庶子"],"2580204":[14,"足柄上郡山北町","世附"],"2580115":[14,"足柄上郡山北町","谷ケ"],"2580202":[14,"足柄上郡山北町","玄倉"],"2588533":[14,"足柄上郡大井町","西大井","６８６－１"],"2580026":[14,"足柄上郡開成町","延沢"],"2580100":[14,"足柄上郡山北町",""],"2580027":[14,"足柄上郡開成町","岡野"],"2580028":[14,"足柄上郡開成町","金井島"],"2588506":[14,"足柄上郡開成町","延沢","１"],"2580021":[14,"足柄上郡開成町","吉田島"],"2580023":[14,"足柄上郡開成町","宮台"],"2580122":[14,"足柄上郡山北町","都夫良野"],"2580111":[14,"足柄上郡山北町","向原"],"2588538":[14,"足柄上郡開成町","宮台","７９８－１"],"2580019":[14,"足柄上郡大井町","金子"],"2580195":[14,"足柄上郡山北町","山北","１３０１－４"],"2580012":[14,"足柄上郡大井町","柳"],"2580003":[14,"足柄上郡松田町","松田惣領"],"2580016":[14,"足柄上郡大井町","上大井"],"2588501":[14,"足柄上郡大井町","金子","１９９５"],"2580121":[14,"足柄上郡山北町","皆瀬川"],"2580018":[14,"足柄上郡大井町","金手"],"2580015":[14,"足柄上郡大井町","山田"],"2580113":[14,"足柄上郡山北町","山北"],"2580013":[14,"足柄上郡大井町","高尾"],"2580126":[14,"足柄上郡山北町","神縄"],"2580017":[14,"足柄上郡大井町","西大井"],"2580000":[14,"足柄上郡大井町",""]}
