{"4640835":[23,"名古屋市千種区","御棚町"],"4640056":[23,"名古屋市千種区","月見坂町"],"4640846":[23,"名古屋市千種区","城木町"],"4640097":[23,"名古屋市千種区","鍋屋上野町"],"4648536":[23,"名古屋市千種区","萱場","２丁目４－７"],"4648546":[23,"名古屋市千種区","若水","３丁目２０－２３"],"4640051":[23,"名古屋市千種区","田代町"],"4648602":[23,"名古屋市千種区","不老町",""],"4640046":[23,"名古屋市千種区","城山新町"],"4640847":[23,"名古屋市千種区","春岡通"],"4640803":[23,"名古屋市千種区","田代町"],"4648662":[23,"名古屋市千種区","星が丘元町","１７－３"],"4640066":[23,"名古屋市千種区","池下町"],"4640071":[23,"名古屋市千種区","若水"],"4640833":[23,"名古屋市千種区","大島町"],"4648561":[23,"名古屋市千種区","内山","２丁目１３－８"],"4640013":[23,"名古屋市千種区","汁谷町"],"4640831":[23,"名古屋市千種区","観月町"],"4648616":[23,"名古屋市千種区","今池","４丁目１０－７"],"4640025":[23,"名古屋市千種区","桜が丘"],"4640087":[23,"名古屋市千種区","清明山"],"4640000":[23,"名古屋市千種区",""],"4640063":[23,"名古屋市千種区","西山元町"],"4640083":[23,"名古屋市千種区","北千種"],"4640091":[23,"名古屋市千種区","宮の腰町"],"4640018":[23,"名古屋市千種区","鍋屋上野町"],"4640015":[23,"名古屋市千種区","富士見台"],"4640007":[23,"名古屋市千種区","竹越"],"4648522":[23,"名古屋市千種区","千代が丘","５－５０"],"4640005":[23,"名古屋市千種区","千代が丘"],"4648520":[23,"名古屋市千種区","光が丘","２丁目１１－４１"],"4640076":[23,"名古屋市千種区","豊年町"],"4648570":[23,"名古屋市千種区","内山","３丁目３０－９"],"4640854":[23,"名古屋市千種区","大久手町"],"4640842":[23,"名古屋市千種区","桐林町"],"4648653":[23,"名古屋市千種区","東山通","５丁目６５番地東山ビル３Ｆ"],"4640062":[23,"名古屋市千種区","向陽町"],"4648632":[23,"名古屋市千種区","千種","２丁目１７－１８"],"4640016":[23,"名古屋市千種区","希望ケ丘"],"4640805":[23,"名古屋市千種区","萩岡町"],"4640085":[23,"名古屋市千種区","古出来"],"4648641":[23,"名古屋市千種区","青柳町","５丁目６"],"4640001":[23,"名古屋市千種区","東千種台"],"4640822":[23,"名古屋市千種区","穂波町"],"4640824":[23,"名古屋市千種区","稲舟通"],"4640023":[23,"名古屋市千種区","田代町"],"4640852":[23,"名古屋市千種区","青柳町"],"4648511":[23,"名古屋市千種区","千代田橋","２丁目１－１"],"4648611":[23,"名古屋市千種区","今池","１丁目５－３１"],"4640836":[23,"名古屋市千種区","菊坂町"],"4640053":[23,"名古屋市千種区","田代町"],"4640035":[23,"名古屋市千種区","橋本町"],"4640021":[23,"名古屋市千種区","鹿子殿"],"4640815":[23,"名古屋市千種区","幸川町"],"4640871":[23,"名古屋市千種区","天白町植田"],"4640038":[23,"名古屋市千種区","春里町"],"4640037":[23,"名古屋市千種区","楠元町"],"4648530":[23,"名古屋市千種区","萱場","１丁目６－１９"],"4640003":[23,"名古屋市千種区","新西"],"4648651":[23,"名古屋市千種区","末盛通","２丁目１１"],"4640067":[23,"名古屋市千種区","池下"],"4640856":[23,"名古屋市千種区","吹上"],"4640843":[23,"名古屋市千種区","丸山町"],"4648566":[23,"名古屋市千種区","内山","３丁目８－１０"],"4640028":[23,"名古屋市千種区","東明町"],"4640813":[23,"名古屋市千種区","仁座町"],"4640073":[23,"名古屋市千種区","高見"],"4640033":[23,"名古屋市千種区","鹿子町"],"4648631":[23,"名古屋市千種区","千種","１丁目１２－１９"],"4640811":[23,"名古屋市千種区","朝岡町"],"4640082":[23,"名古屋市千種区","上野"],"4640096":[23,"名古屋市千種区","下方町"],"4640817":[23,"名古屋市千種区","見附町"],"4640093":[23,"名古屋市千種区","茶屋坂通"],"4640858":[23,"名古屋市千種区","千種"],"4648601":[23,"名古屋市千種区","不老町",""],"4640026":[23,"名古屋市千種区","井上町"],"4640819":[23,"名古屋市千種区","四谷通"],"4640802":[23,"名古屋市千種区","星が丘元町"],"4648560":[23,"名古屋市千種区","内山","１丁目９－２０"],"4640042":[23,"名古屋市千種区","南ケ丘"],"4648555":[23,"名古屋市千種区","振甫町","３丁目３２"],"4648558":[23,"名古屋市千種区","高見","１丁目６－１"],"4640850":[23,"名古屋市千種区","今池"],"4640804":[23,"名古屋市千種区","東山元町"],"4640065":[23,"名古屋市千種区","堀割町"],"4640801":[23,"名古屋市千種区","星ケ丘"],"4648521":[23,"名古屋市千種区","京命","１丁目１－３２"],"4640857":[23,"名古屋市千種区","花田町"],"4648547":[23,"名古屋市千種区","若水","一丁目２番２３号"],"4648617":[23,"名古屋市千種区","今池","４丁目３－２３"],"4640012":[23,"名古屋市千種区","猪高町猪子石猪々道"],"4640052":[23,"名古屋市千種区","田代町"],"4640075":[23,"名古屋市千種区","内山"],"4640043":[23,"名古屋市千種区","月ケ丘"],"4640845":[23,"名古屋市千種区","南明町"],"4640848":[23,"名古屋市千種区","春岡"],"4640818":[23,"名古屋市千種区","池園町"],"4640014":[23,"名古屋市千種区","御影町"],"4640806":[23,"名古屋市千種区","唐山町"],"4640008":[23,"名古屋市千種区","宮根台"],"4640055":[23,"名古屋市千種区","姫池通"],"4640808":[23,"名古屋市千種区","星が丘山手"],"4648533":[23,"名古屋市千種区","北千種","３丁目１－３７"],"4640855":[23,"名古屋市千種区","千種通"],"4648671":[23,"名古屋市千種区","桜が丘","２３"],"4640006":[23,"名古屋市千種区","光が丘"],"4648577":[23,"名古屋市千種区","内山","３丁目３－２"],"4640045":[23,"名古屋市千種区","城山町"],"4640017":[23,"名古屋市千種区","鍋屋上野町"],"4640853":[23,"名古屋市千種区","小松町"],"4640084":[23,"名古屋市千種区","松軒"],"4640064":[23,"名古屋市千種区","山門町"],"4648603":[23,"名古屋市千種区","不老町",""],"4640077":[23,"名古屋市千種区","神田町"],"4648531":[23,"名古屋市千種区","谷口町","５－３０"],"4640004":[23,"名古屋市千種区","京命"],"4640841":[23,"名古屋市千種区","覚王山通"],"4640834":[23,"名古屋市千種区","日岡町"],"4648643":[23,"名古屋市千種区","大久手町","７丁目２６－１"],"4640086":[23,"名古屋市千種区","萱場"],"4648654":[23,"名古屋市千種区","末盛通","５丁目１２番地"],"4640061":[23,"名古屋市千種区","向陽"],"4640092":[23,"名古屋市千種区","茶屋が坂"],"4648710":[23,"名古屋市千種区","南明町","１丁目１０"],"4640826":[23,"名古屋市千種区","川崎町"],"4640019":[23,"名古屋市千種区","揚羽町"],"4640011":[23,"名古屋市千種区","千代田橋"],"4648585":[23,"名古屋市千種区","北千種","１丁目６番６号"],"4640832":[23,"名古屋市千種区","山添町"],"4648633":[23,"名古屋市千種区","千種","３丁目３８－６"],"4640039":[23,"名古屋市千種区","日和町"],"4640034":[23,"名古屋市千種区","清住町"],"4640057":[23,"名古屋市千種区","法王町"],"4640002":[23,"名古屋市千種区","香流橋"],"4640031":[23,"名古屋市千種区","徳川山町"],"4640022":[23,"名古屋市千種区","平和公園"],"4640024":[23,"名古屋市千種区","平和が丘"],"4640821":[23,"名古屋市千種区","末盛通"],"4648571":[23,"名古屋市千種区","内山","３丁目１２－１４"],"4648512":[23,"名古屋市千種区","千代田橋","１丁目１－１"],"4648621":[23,"名古屋市千種区","新栄","３丁目２０－１６"],"4640825":[23,"名古屋市千種区","西崎町"],"4648661":[23,"名古屋市千種区","星が丘元町","１４－１４"],"4648644":[23,"名古屋市千種区","覚王山通","８丁目３７"],"4640812":[23,"名古屋市千種区","園山町"],"4640859":[23,"名古屋市千種区","新栄"],"4648650":[23,"名古屋市千種区","楠元町","１丁目１００"],"4648540":[23,"名古屋市千種区","若水","３丁目２－１２"],"4640827":[23,"名古屋市千種区","田代本通"],"4648550":[23,"名古屋市千種区","高見","１丁目３－１"],"4648637":[23,"名古屋市千種区","小松町","７丁目３９"],"4640095":[23,"名古屋市千種区","天満通"],"4640054":[23,"名古屋市千種区","田代町"],"4640094":[23,"名古屋市千種区","赤坂町"],"4648615":[23,"名古屋市千種区","今池","４丁目１５－１１"],"4640837":[23,"名古屋市千種区","丘上町"],"4648681":[23,"名古屋市千種区","鹿子殿","１－１"],"4640044":[23,"名古屋市千種区","自由ケ丘"],"4648652":[23,"名古屋市千種区","田代本通","２丁目１"],"4648610":[23,"名古屋市千種区","今池","２丁目１－１０"],"4640032":[23,"名古屋市千種区","猫洞通"],"4640844":[23,"名古屋市千種区","日進通"],"4640081":[23,"名古屋市千種区","谷口町"],"4640823":[23,"名古屋市千種区","松竹町"],"4640816":[23,"名古屋市千種区","鏡池通"],"4648545":[23,"名古屋市千種区","仲田","２丁目２－２３"],"4640807":[23,"名古屋市千種区","東山通"],"4640814":[23,"名古屋市千種区","不老町"],"4640072":[23,"名古屋市千種区","振甫町"],"4648539":[23,"名古屋市千種区","萱場","２丁目１４－３１"],"4640074":[23,"名古屋市千種区","仲田"],"4648613":[23,"名古屋市千種区","今池","４丁目１－４"],"4640041":[23,"名古屋市千種区","霞ケ丘"],"4640029":[23,"名古屋市千種区","池上町"],"4640851":[23,"名古屋市千種区","今池南"],"4648567":[23,"名古屋市千種区","内山","２丁目６－２２"],"4640036":[23,"名古屋市千種区","本山町"],"4640027":[23,"名古屋市千種区","新池町"],"4648635":[23,"名古屋市千種区","吹上","１丁目４－１"]}
