{"4228058":[22,"静岡市駿河区","中原"],"4228053":[22,"静岡市駿河区","西中原"],"4228076":[22,"静岡市駿河区","八幡"],"4228620":[22,"静岡市駿河区","曲金","３丁目８－１"],"4228056":[22,"静岡市駿河区","津島町"],"4228666":[22,"静岡市駿河区","国吉田","３丁目１－１"],"4228023":[22,"静岡市駿河区","片山"],"4228680":[22,"静岡市駿河区","登呂","３丁目１－１"],"4228008":[22,"静岡市駿河区","栗原"],"4228505":[22,"静岡市駿河区","豊原町","５－７"],"4228668":[22,"静岡市駿河区","中田","２丁目７－５"],"4228523":[22,"静岡市駿河区","高松","２丁目２３－４５"],"4228012":[22,"静岡市駿河区","安居"],"4228528":[22,"静岡市駿河区","小鹿","３丁目１８－１"],"4228650":[22,"静岡市駿河区","豊田","１丁目９－１"],"4228004":[22,"静岡市駿河区","国吉田"],"4228055":[22,"静岡市駿河区","寿町"],"4228517":[22,"静岡市駿河区","曲金","６丁目４－８"],"4228511":[22,"静岡市駿河区","国吉田","１丁目２－２０"],"4228045":[22,"静岡市駿河区","西島"],"4228072":[22,"静岡市駿河区","小黒"],"4228063":[22,"静岡市駿河区","馬渕"],"4228519":[22,"静岡市駿河区","小鹿","２丁目２４－１"],"4228531":[22,"静岡市駿河区","大谷","８３６"],"4228633":[22,"静岡市駿河区","国吉田","１丁目７－３７"],"4228066":[22,"静岡市駿河区","泉町"],"4228034":[22,"静岡市駿河区","高松"],"4228580":[22,"静岡市駿河区","南町","１８－１サウスポット静岡６階"],"4228577":[22,"静岡市駿河区","八幡","２丁目１６番１号"],"4228686":[22,"静岡市駿河区","中田本町","６１－１"],"4228064":[22,"静岡市駿河区","新川"],"4228568":[22,"静岡市駿河区","大坪町","１２－３２"],"4228037":[22,"静岡市駿河区","下島"],"4228027":[22,"静岡市駿河区","豊田"],"4228622":[22,"静岡市駿河区","曲金","３丁目８－１"],"4228688":[22,"静岡市駿河区","八幡","１丁目５－３８"],"4228046":[22,"静岡市駿河区","中島"],"4228525":[22,"静岡市駿河区","栗原","１８－６５"],"4228520":[22,"静岡市駿河区","登呂","６丁目１２－２０"],"4228615":[22,"静岡市駿河区","国吉田","２丁目５－１０"],"4228065":[22,"静岡市駿河区","宮本町"],"4228502":[22,"静岡市駿河区","豊田","２丁目７－３３"],"4228545":[22,"静岡市駿河区","池田","１７６９"],"4228571":[22,"静岡市駿河区","南町","１８－１サウスポット静岡７Ｆ"],"4228516":[22,"静岡市駿河区","国吉田","２丁目２－２５"],"4228002":[22,"静岡市駿河区","谷田"],"4228510":[22,"静岡市駿河区","池田","１２６－４"],"4228515":[22,"静岡市駿河区","国吉田","２丁目３－１"],"4228567":[22,"静岡市駿河区","西脇","１２９４"],"4228015":[22,"静岡市駿河区","中平松"],"4228042":[22,"静岡市駿河区","石田"],"4228576":[22,"静岡市駿河区","西島","７３７－１"],"4228610":[22,"静岡市駿河区","恩田原","３－７"],"4228628":[22,"静岡市駿河区","曲金","３丁目１－５０"],"4228563":[22,"静岡市駿河区","南町","１０番５号"],"4228022":[22,"静岡市駿河区","恩田原"],"4228017":[22,"静岡市駿河区","大谷"],"4228504":[22,"静岡市駿河区","石田","１丁目３番２９号"],"4228561":[22,"静岡市駿河区","津島町","１６番２０号"],"4228574":[22,"静岡市駿河区","南町","１８－１サウスポット静岡１６Ｆ"],"4228013":[22,"静岡市駿河区","古宿"],"4228024":[22,"静岡市駿河区","宮川"],"4228052":[22,"静岡市駿河区","緑が丘町"],"4228061":[22,"静岡市駿河区","森下町"],"4228565":[22,"静岡市駿河区","中原","１５５"],"4228578":[22,"静岡市駿河区","富士見台","１丁目５番１０号"],"4228550":[22,"静岡市駿河区","南八幡町","１０番４０号"],"4228077":[22,"静岡市駿河区","大和"],"4228526":[22,"静岡市駿河区","谷田","５２－１"],"4228619":[22,"静岡市駿河区","曲金","３丁目８－１"],"4228021":[22,"静岡市駿河区","小鹿"],"4228018":[22,"静岡市駿河区","西大谷"],"4228562":[22,"静岡市駿河区","中田","２丁目１番６号村上石田街道ビル６階"],"4228031":[22,"静岡市駿河区","有明町"],"4228677":[22,"静岡市駿河区","豊原町","９－５２"],"4228009":[22,"静岡市駿河区","弥生町"],"4228529":[22,"静岡市駿河区","大谷","８３６"],"4228057":[22,"静岡市駿河区","見瀬"],"4228514":[22,"静岡市駿河区","国吉田","２丁目１－１１"],"4228506":[22,"静岡市駿河区","曲金","５丁目４－７０"],"4228560":[22,"静岡市駿河区","中原","５６３"],"4228007":[22,"静岡市駿河区","聖一色"],"4228570":[22,"静岡市駿河区","南町","１８－１サウスポット静岡６Ｆ"],"4228032":[22,"静岡市駿河区","有東"],"4228054":[22,"静岡市駿河区","南安倍"],"4228670":[22,"静岡市駿河区","登呂","３丁目１－１"],"4228003":[22,"静岡市駿河区","平沢"],"4228044":[22,"静岡市駿河区","西脇"],"4228509":[22,"静岡市駿河区","池田","６５"],"4228521":[22,"静岡市駿河区","敷地","１丁目４－１８"],"4228067":[22,"静岡市駿河区","南町"],"4228518":[22,"静岡市駿河区","中吉田","１４－２９"],"4228078":[22,"静岡市駿河区","さつき町"],"4228074":[22,"静岡市駿河区","南八幡町"],"4228507":[22,"静岡市駿河区","曲金","６丁目１－４６"],"4228062":[22,"静岡市駿河区","稲川"],"4228573":[22,"静岡市駿河区","南町","１８－１サウスポット静岡１４Ｆ"],"4228075":[22,"静岡市駿河区","大坪町"],"4228524":[22,"静岡市駿河区","栗原","１８－１５"],"4228005":[22,"静岡市駿河区","池田"],"4228621":[22,"静岡市駿河区","曲金","３丁目８－１"],"4228530":[22,"静岡市駿河区","曲金","３丁目２－１"],"4228026":[22,"静岡市駿河区","富士見台"],"4228047":[22,"静岡市駿河区","中村町"],"4228071":[22,"静岡市駿河区","豊原町"],"4228016":[22,"静岡市駿河区","西平松"],"4228564":[22,"静岡市駿河区","南町","１９－３"],"4228527":[22,"静岡市駿河区","小鹿","１丁目１－１"],"4228011":[22,"静岡市駿河区","根古屋"],"4228025":[22,"静岡市駿河区","水上"],"4228001":[22,"静岡市駿河区","中吉田"],"4228630":[22,"静岡市駿河区","有明町","２－２０"],"4228006":[22,"静岡市駿河区","曲金"],"4228575":[22,"静岡市駿河区","南町","１８－１"],"4228566":[22,"静岡市駿河区","中野新田","１２３"],"4228035":[22,"静岡市駿河区","宮竹"],"4220000":[22,"静岡市葵区",""],"4228522":[22,"静岡市駿河区","高松","１丁目３－２０"],"4228051":[22,"静岡市駿河区","中野新田"],"4228073":[22,"静岡市駿河区","八幡山"],"4228036":[22,"静岡市駿河区","敷地"],"4228569":[22,"静岡市駿河区","宮本町","１２－２５"],"4228033":[22,"静岡市駿河区","登呂"],"4228041":[22,"静岡市駿河区","中田"],"4228014":[22,"静岡市駿河区","青沢"],"4228043":[22,"静岡市駿河区","中田本町"],"4228512":[22,"静岡市駿河区","国吉田","１丁目７－４８"],"4228766":[22,"静岡市駿河区","池田","２８番地"],"4228654":[22,"静岡市駿河区","中吉田","２０－１０"],"4228572":[22,"静岡市駿河区","南町","１８－１"]}
