{"2120013":[14,"川崎市幸区","堀川町"],"2128551":[14,"川崎市幸区","大宮町","１３１０"],"2128588":[14,"川崎市幸区","堀川町","６６番地２興和川崎西口ビル"],"2128554":[14,"川崎市幸区","大宮町","１３１０番地"],"2128508":[14,"川崎市幸区","神明町","２丁目３７－２"],"2128505":[14,"川崎市幸区","堀川町","５８０番地ソリッドスクエア西館２０階"],"2128513":[14,"川崎市幸区","塚越","３丁目４８４番地"],"2120032":[14,"川崎市幸区","新川崎"],"2120023":[14,"川崎市幸区","戸手本町"],"2128525":[14,"川崎市幸区","堀川町","５８０番地ソリッドスクエア東館６階"],"2120031":[14,"川崎市幸区","新小倉"],"2128582":[14,"川崎市幸区","小向東芝町","１番地"],"2128509":[14,"川崎市幸区","塚越","４丁目３２０番地１"],"2120055":[14,"川崎市幸区","南加瀬"],"2128567":[14,"川崎市幸区","鹿島田","８９０日立システムプラザ新川崎"],"2128602":[14,"川崎市幸区","柳町","７０－１"],"2128503":[14,"川崎市幸区","堀川町","５８０番地ソリッドスクエア西館９Ｆ"],"2120033":[14,"川崎市幸区","東小倉"],"2128585":[14,"川崎市幸区","堀川町","７２番地３４"],"2120027":[14,"川崎市幸区","新塚越"],"2128502":[14,"川崎市幸区","堀川町","５８０ソリッドスクエア東館３階"],"2120011":[14,"川崎市幸区","幸町"],"2128563":[14,"川崎市幸区","堀川町","５８０番地ソリッドスクエア東館"],"2128530":[14,"川崎市幸区","塚越","３丁目４５１番地"],"2128531":[14,"川崎市幸区","堀川町","７２"],"2120012":[14,"川崎市幸区","中幸町"],"2128581":[14,"川崎市幸区","小向東芝町","１番地"],"2120026":[14,"川崎市幸区","紺屋町"],"2120001":[14,"川崎市幸区","小向東芝町"],"2120006":[14,"川崎市幸区","遠藤町"],"2120021":[14,"川崎市幸区","都町"],"2120054":[14,"川崎市幸区","小倉"],"2120003":[14,"川崎市幸区","小向町"],"2128577":[14,"川崎市幸区","小向東芝町","１番地"],"2120007":[14,"川崎市幸区","河原町"],"2120004":[14,"川崎市幸区","小向西町"],"2120005":[14,"川崎市幸区","戸手"],"2120024":[14,"川崎市幸区","塚越"],"2120015":[14,"川崎市幸区","柳町"],"2128564":[14,"川崎市幸区","堀川町","６６－２興和川崎西口ビル１９階"],"2128560":[14,"川崎市幸区","堀川町","５８０番地１６"],"2128576":[14,"川崎市幸区","堀川町","７２－１"],"2120000":[14,"川崎市幸区",""],"2128520":[14,"川崎市幸区","堀川町","５８０－１川崎東芝ビル"],"2128544":[14,"川崎市幸区","塚越","３丁目４８４"],"2128511":[14,"川崎市幸区","堀川町","５８０番地ソリッドスクエア西館１０階"],"2120052":[14,"川崎市幸区","古市場"],"2128570":[14,"川崎市幸区","戸手本町","１丁目１１番１号"],"2128589":[14,"川崎市幸区","堀川町","５８０番地ソリッドスクエア東館２０Ｆ"],"2120053":[14,"川崎市幸区","下平間"],"2120014":[14,"川崎市幸区","大宮町"],"2120025":[14,"川崎市幸区","古川町"],"2120057":[14,"川崎市幸区","北加瀬"],"2128572":[14,"川崎市幸区","堀川町","７２番地"],"2120022":[14,"川崎市幸区","神明町"],"2120051":[14,"川崎市幸区","東古市場"],"2120058":[14,"川崎市幸区","鹿島田"],"2128583":[14,"川崎市幸区","小向東芝町","１番地"],"2128555":[14,"川崎市幸区","堀川町","５８０番地ソリッドスクエア東館"],"2120002":[14,"川崎市幸区","小向仲野町"],"2128584":[14,"川崎市幸区","堀川町","７２－１"],"2120056":[14,"川崎市幸区","矢上"],"2120016":[14,"川崎市幸区","南幸町"],"2128566":[14,"川崎市幸区","大宮町","１３１０番地ミューザ川崎セントラルタワー２５・２６Ｆ"],"2128590":[14,"川崎市幸区","塚越","３丁目４８４"],"2128557":[14,"川崎市幸区","大宮町","１３１０番地"],"2128501":[14,"川崎市幸区","柳町","７０番地"]}
