{"4390035":[22,"菊川市","平尾"],"4390004":[22,"菊川市","和田"],"4390037":[22,"菊川市","西方"],"4390001":[22,"菊川市","富田"],"4390019":[22,"菊川市","半済"],"4390012":[22,"菊川市","青葉台"],"4398650":[22,"菊川市","堀之内","６１"],"4390014":[22,"菊川市","小沢"],"4390036":[22,"菊川市","中内田"],"4390023":[22,"菊川市","三沢"],"4390033":[22,"菊川市","耳川"],"4390007":[22,"菊川市","柳"],"4390015":[22,"菊川市","牧之原"],"4390005":[22,"菊川市","潮海寺"],"4390018":[22,"菊川市","本所"],"4390003":[22,"菊川市","沢水加"],"4390006":[22,"菊川市","堀之内"],"4390013":[22,"菊川市","牛渕"],"4390032":[22,"菊川市","月岡"],"4390024":[22,"菊川市","奈良野"],"4390011":[22,"菊川市","仲島"],"4390026":[22,"菊川市","西横地"],"4390009":[22,"菊川市","吉沢"],"4398651":[22,"菊川市","堀之内","５４７－１"],"4390000":[22,"菊川市",""],"4390025":[22,"菊川市","土橋"],"4390017":[22,"菊川市","朝日"],"4390008":[22,"菊川市","友田"],"4390016":[22,"菊川市","神尾"],"4390021":[22,"菊川市","小出"],"4390002":[22,"菊川市","倉沢"],"4390022":[22,"菊川市","東横地"],"4390031":[22,"菊川市","加茂"],"4390034":[22,"菊川市","下内田"]}
