{"1670052":[13,"杉並区","南荻窪"],"1670031":[13,"杉並区","本天沼"],"1670021":[13,"杉並区","井草"],"1678628":[13,"杉並区","南荻窪","３丁目３１－１８"],"1678610":[13,"杉並区","松庵","１丁目１５－１８"],"1678001":[13,"杉並区","荻窪","４丁目３０－１６"],"1678501":[13,"杉並区","上荻","１丁目２３－１７"],"1678515":[13,"杉並区","今川","３丁目１－２４"],"1670042":[13,"杉並区","西荻北"],"1670053":[13,"杉並区","西荻南"],"1678560":[13,"杉並区","天沼","３丁目１０番２号"],"1678070":[13,"杉並区","本天沼","２丁目４６－６"],"1678602":[13,"杉並区","本天沼","２丁目４６－６"],"1670035":[13,"杉並区","今川"],"1670023":[13,"杉並区","上井草"],"1678585":[13,"杉並区","善福寺","２丁目６－１"],"1670043":[13,"杉並区","上荻"],"1670034":[13,"杉並区","桃井"],"1678507":[13,"杉並区","天沼","３丁目１７－３"],"1670032":[13,"杉並区","天沼"],"1678555":[13,"杉並区","荻窪","４丁目３２－５"],"1678551":[13,"杉並区","松庵","１丁目１８－１３"],"1670041":[13,"杉並区","善福寺"],"1670033":[13,"杉並区","清水"],"1678520":[13,"杉並区","松庵","１丁目１５－１８"],"1670051":[13,"杉並区","荻窪"],"1678510":[13,"杉並区","下井草","３丁目１８－１６"],"1678506":[13,"杉並区","天沼","３丁目１９－１４"],"1670054":[13,"杉並区","松庵"],"1678540":[13,"杉並区","荻窪","４丁目３０－１６藤澤ビル"],"1678601":[13,"杉並区","本天沼","２丁目４６－６"],"1678534":[13,"杉並区","南荻窪","４丁目４０－１１"],"1670022":[13,"杉並区","下井草"]}
