{"4348511":[22,"浜松市浜北区","於呂","４２０１－２"],"4340026":[22,"浜松市浜北区","東美薗"],"4340012":[22,"浜松市浜北区","中瀬"],"4340023":[22,"浜松市浜北区","高薗"],"4340000":[22,"浜松市浜北区",""],"4340006":[22,"浜松市浜北区","四大地"],"4340022":[22,"浜松市浜北区","新堀"],"4340028":[22,"浜松市浜北区","上善地"],"4340045":[22,"浜松市浜北区","内野台"],"4340035":[22,"浜松市浜北区","寺島"],"4340044":[22,"浜松市浜北区","内野"],"4340029":[22,"浜松市浜北区","新野"],"4340002":[22,"浜松市浜北区","尾野"],"4340014":[22,"浜松市浜北区","本沢合"],"4340032":[22,"浜松市浜北区","道本"],"4340021":[22,"浜松市浜北区","八幡"],"4340001":[22,"浜松市浜北区","堀谷"],"4340004":[22,"浜松市浜北区","宮口"],"4348505":[22,"浜松市浜北区","中瀬","１６２１"],"4340046":[22,"浜松市浜北区","染地台"],"4348533":[22,"浜松市浜北区","小林","１０８８－１"],"4348601":[22,"浜松市浜北区","平口","５０００"],"4340038":[22,"浜松市浜北区","貴布祢"],"4348550":[22,"浜松市浜北区","西美薗","６"],"4340025":[22,"浜松市浜北区","善地"],"4340042":[22,"浜松市浜北区","小松"],"4340036":[22,"浜松市浜北区","横須賀"],"4348502":[22,"浜松市浜北区","貴布祢","１２００"],"4340034":[22,"浜松市浜北区","高畑"],"4340017":[22,"浜松市浜北区","豊保"],"4340013":[22,"浜松市浜北区","永島"],"4340016":[22,"浜松市浜北区","根堅"],"4340015":[22,"浜松市浜北区","於呂"],"4340031":[22,"浜松市浜北区","小林"],"4340011":[22,"浜松市浜北区","上島"],"4340043":[22,"浜松市浜北区","中条"],"4340037":[22,"浜松市浜北区","沼"],"4340003":[22,"浜松市浜北区","新原"],"4340005":[22,"浜松市浜北区","大平"],"4340007":[22,"浜松市浜北区","灰木"],"4340033":[22,"浜松市浜北区","西美薗"],"4340027":[22,"浜松市浜北区","油一色"],"4340024":[22,"浜松市浜北区","竜南"],"4348501":[22,"浜松市浜北区","中条","１２８０"],"4340041":[22,"浜松市浜北区","平口"]}
