{"4570818":[23,"名古屋市南区","白水町"],"4570063":[23,"名古屋市南区","阿原町"],"4570044":[23,"名古屋市南区","柵下町"],"4570801":[23,"名古屋市南区","丹後通"],"4570808":[23,"名古屋市南区","松下町"],"4570078":[23,"名古屋市南区","塩屋町"],"4578577":[23,"名古屋市南区","滝春町","９"],"4570846":[23,"名古屋市南区","道徳通"],"4570054":[23,"名古屋市南区","砂口町"],"4570807":[23,"名古屋市南区","鶴見通"],"4570024":[23,"名古屋市南区","赤坪町"],"4578585":[23,"名古屋市南区","明治","１丁目６－５"],"4570842":[23,"名古屋市南区","戸部下"],"4570013":[23,"名古屋市南区","寺崎町"],"4570837":[23,"名古屋市南区","加福町"],"4570805":[23,"名古屋市南区","三吉町"],"4570073":[23,"名古屋市南区","西田町"],"4570041":[23,"名古屋市南区","薬師通"],"4570002":[23,"名古屋市南区","大堀町"],"4570803":[23,"名古屋市南区","天白町"],"4570016":[23,"名古屋市南区","汐田町"],"4570072":[23,"名古屋市南区","寺部通"],"4570811":[23,"名古屋市南区","大同町"],"4570854":[23,"名古屋市南区","七条町"],"4578531":[23,"名古屋市南区","大同町","２丁目２１"],"4570823":[23,"名古屋市南区","元塩町"],"4570825":[23,"名古屋市南区","堤起町"],"4570038":[23,"名古屋市南区","桜本町"],"4578512":[23,"名古屋市南区","白水町","２０番地"],"4578533":[23,"名古屋市南区","星崎","２丁目１０１"],"4570852":[23,"名古屋市南区","泉楽通"],"4570827":[23,"名古屋市南区","北頭町"],"4570863":[23,"名古屋市南区","豊"],"4570816":[23,"名古屋市南区","元柴田東町"],"4578535":[23,"名古屋市南区","浜田町","１丁目１０"],"4570007":[23,"名古屋市南区","駈上"],"4570844":[23,"名古屋市南区","堤町"],"4570853":[23,"名古屋市南区","六条町"],"4578511":[23,"名古屋市南区","白水町","９"],"4570077":[23,"名古屋市南区","立脇町"],"4570812":[23,"名古屋市南区","星崎町"],"4570865":[23,"名古屋市南区","氷室町"],"4570066":[23,"名古屋市南区","鳴尾"],"4570821":[23,"名古屋市南区","弥次ヱ町"],"4570034":[23,"名古屋市南区","春日野町"],"4570845":[23,"名古屋市南区","観音町"],"4570855":[23,"名古屋市南区","豊田町"],"4578567":[23,"名古屋市南区","明治","１丁目１８番９号"],"4570048":[23,"名古屋市南区","大磯通"],"4570075":[23,"名古屋市南区","石元町"],"4570068":[23,"名古屋市南区","南野"],"4578712":[23,"名古屋市南区","滝春町","９番地"],"4570043":[23,"名古屋市南区","戸部町"],"4570851":[23,"名古屋市南区","五条町"],"4570065":[23,"名古屋市南区","元鳴尾町"],"4570826":[23,"名古屋市南区","中割町"],"4570834":[23,"名古屋市南区","港東通"],"4570046":[23,"名古屋市南区","松池町"],"4570051":[23,"名古屋市南区","笠寺町"],"4570804":[23,"名古屋市南区","源兵衛町"],"4570028":[23,"名古屋市南区","楠町"],"4570027":[23,"名古屋市南区","弥生町"],"4570056":[23,"名古屋市南区","本星崎町"],"4570864":[23,"名古屋市南区","道徳北町"],"4570814":[23,"名古屋市南区","柴田本通"],"4570021":[23,"名古屋市南区","鶴里町"],"4570847":[23,"名古屋市南区","道徳新町"],"4570025":[23,"名古屋市南区","白雲町"],"4578555":[23,"名古屋市南区","豊","３丁目１９－２４"],"4570023":[23,"名古屋市南区","芝町"],"4570015":[23,"名古屋市南区","岩戸町"],"4570824":[23,"名古屋市南区","神松町"],"4570833":[23,"名古屋市南区","東又兵ヱ町"],"4570045":[23,"名古屋市南区","松城町"],"4570828":[23,"名古屋市南区","宝生町"],"4570000":[23,"名古屋市南区",""],"4570053":[23,"名古屋市南区","本城町"],"4570062":[23,"名古屋市南区","星崎町"],"4570037":[23,"名古屋市南区","扇田町"],"4570003":[23,"名古屋市南区","鶴田"],"4570819":[23,"名古屋市南区","滝春町"],"4570831":[23,"名古屋市南区","荒浜町"],"4570031":[23,"名古屋市南区","鯛取通"],"4578566":[23,"名古屋市南区","豊田","３丁目１９－２１"],"4570841":[23,"名古屋市南区","豊田"],"4570036":[23,"名古屋市南区","若草町"],"4578532":[23,"名古屋市南区","白水町","４０"],"4578522":[23,"名古屋市南区","丹後通","２丁目１"],"4570047":[23,"名古屋市南区","城下町"],"4578551":[23,"名古屋市南区","元塩町","３丁目１８"],"4578530":[23,"名古屋市南区","滝春町","１０－３"],"4570836":[23,"名古屋市南区","加福本通"],"4570069":[23,"名古屋市南区","星園町"],"4570012":[23,"名古屋市南区","菊住"],"4570071":[23,"名古屋市南区","千竈通"],"4578545":[23,"名古屋市南区","大同町","２丁目３０"],"4570074":[23,"名古屋市南区","本地通"],"4570843":[23,"名古屋市南区","忠次"],"4570861":[23,"名古屋市南区","明治"],"4570014":[23,"名古屋市南区","呼続"],"4570039":[23,"名古屋市南区","西桜町"],"4570005":[23,"名古屋市南区","桜台"],"4570033":[23,"名古屋市南区","霞町"],"4570058":[23,"名古屋市南区","前浜通"],"4570076":[23,"名古屋市南区","道全町"],"4570817":[23,"名古屋市南区","元柴田西町"],"4570006":[23,"名古屋市南区","鳥栖"],"4570806":[23,"名古屋市南区","鳴浜町"],"4570001":[23,"名古屋市南区","平子"],"4570011":[23,"名古屋市南区","呼続元町"],"4570813":[23,"名古屋市南区","鳴尾町"],"4570856":[23,"名古屋市南区","南陽通"],"4578515":[23,"名古屋市南区","曽池町","４丁目２８番地"],"4570802":[23,"名古屋市南区","要町"],"4570022":[23,"名古屋市南区","明円町"],"4570035":[23,"名古屋市南区","貝塚町"],"4578510":[23,"名古屋市南区","三条","１丁目"],"4578711":[23,"名古屋市南区","元塩町","４丁目１４－１"],"4570866":[23,"名古屋市南区","三条"],"4578558":[23,"名古屋市南区","星崎","２丁目９６番地"],"4570057":[23,"名古屋市南区","鳥山町"],"4570061":[23,"名古屋市南区","星崎町"],"4570815":[23,"名古屋市南区","柴田町"],"4570822":[23,"名古屋市南区","浜田町"],"4570064":[23,"名古屋市南区","星崎"],"4570832":[23,"名古屋市南区","浜中町"],"4570052":[23,"名古屋市南区","粕畠町"],"4570055":[23,"名古屋市南区","星宮町"],"4570042":[23,"名古屋市南区","曽池町"],"4578501":[23,"名古屋市南区","千竈通","１丁目３６－５"],"4570008":[23,"名古屋市南区","外山"],"4570067":[23,"名古屋市南区","上浜町"],"4570032":[23,"名古屋市南区","元桜田町"],"4578560":[23,"名古屋市南区","塩屋町","４丁目１４番地"],"4570835":[23,"名古屋市南区","西又兵ヱ町"],"4570049":[23,"名古屋市南区","北内町"],"4570862":[23,"名古屋市南区","内田橋"],"4570004":[23,"名古屋市南区","中江"],"4570026":[23,"名古屋市南区","見晴町"],"4578508":[23,"名古屋市南区","前浜通","３丁目１０番地"]}
