{"3840026":[20,"小諸市","本町"],"3841101":[20,"南佐久郡小海町","東馬流"],"3840411":[20,"佐久市","清川"],"3841103":[20,"南佐久郡小海町","豊里"],"3841100":[20,"南佐久郡小海町",""],"3841303":[20,"南佐久郡南牧村","広瀬"],"3840035":[20,"小諸市","両神"],"3840062":[20,"小諸市","荒堀"],"3841304":[20,"南佐久郡南牧村","板橋"],"3841404":[20,"南佐久郡川上村","居倉"],"3842103":[20,"佐久市","御馬寄"],"3840014":[20,"小諸市","荒町"],"3840031":[20,"小諸市","大手"],"3840076":[20,"小諸市","久保"],"3840805":[20,"小諸市","己"],"3840692":[20,"南佐久郡佐久穂町","大字高野町","５１５－１"],"3842308":[20,"北佐久郡立科町","牛鹿"],"3840697":[20,"南佐久郡佐久穂町","大字高野町","５６９"],"3842305":[20,"北佐久郡立科町","芦田"],"3848558":[20,"小諸市","","古城乙１２１０"],"3842303":[20,"北佐久郡立科町","塩沢"],"3840046":[20,"小諸市","芝生田"],"3840303":[20,"佐久市","下小田切"],"3840501":[20,"南佐久郡佐久穂町","余地"],"3840695":[20,"南佐久郡佐久穂町","大字高野町","５３３"],"3841403":[20,"南佐久郡川上村","秋山"],"3840047":[20,"小諸市","井子"],"3840072":[20,"小諸市","鴇久保"],"3842306":[20,"北佐久郡立科町","宇山"],"3842106":[20,"佐久市","八幡"],"3840074":[20,"小諸市","西浦"],"3840702":[20,"南佐久郡佐久穂町","穂積"],"3840503":[20,"南佐久郡佐久穂町","海瀬"],"3840077":[20,"小諸市","大杭"],"3840048":[20,"小諸市","糠地"],"3840053":[20,"小諸市","藤塚"],"3840012":[20,"小諸市","南町"],"3840003":[20,"小諸市","東山"],"3841408":[20,"南佐久郡川上村","樋沢"],"3840021":[20,"小諸市","天池"],"3840008":[20,"小諸市","東小諸"],"3848585":[20,"小諸市","","天池４５８６ー３"],"3840023":[20,"小諸市","東雲"],"3840093":[20,"小諸市","和田"],"3848588":[20,"小諸市","与良町","３丁目２－３１"],"3840802":[20,"小諸市","乙"],"3840302":[20,"佐久市","勝間"],"3840097":[10,"吾妻郡嬬恋村","鎌原"],"3840016":[20,"小諸市","八幡町"],"3842304":[20,"北佐久郡立科町","茂田井"],"3840095":[20,"小諸市","谷地原"],"3840028":[20,"小諸市","田町"],"3840007":[20,"小諸市","鶴巻"],"3841301":[20,"南佐久郡南牧村","海尻"],"3840005":[20,"小諸市","御幸町"],"3842292":[20,"佐久市","望月","３１８"],"3840056":[20,"小諸市","四ツ谷"],"3840091":[20,"小諸市","御影"],"3840304":[20,"佐久市","北川"],"3840809":[20,"小諸市","滋野甲"],"3842300":[20,"北佐久郡立科町",""],"3841406":[20,"南佐久郡川上村","原"],"3840307":[20,"佐久市","湯原"],"3840611":[20,"南佐久郡佐久穂町","平林"],"3840701":[20,"南佐久郡佐久穂町","畑"],"3840002":[20,"小諸市","唐松"],"3842211":[20,"北佐久郡立科町","茂田井"],"3840085":[20,"小諸市","森山"],"3840061":[20,"小諸市","加増"],"3840052":[20,"小諸市","東区"],"3842201":[20,"佐久市","印内"],"3841401":[20,"南佐久郡川上村","川端下"],"3842203":[20,"佐久市","布施"],"3840083":[20,"小諸市","市"],"3841105":[20,"南佐久郡小海町","千代里"],"3841405":[20,"南佐久郡川上村","大深山"],"3840621":[20,"佐久市","入澤"],"3842205":[20,"佐久市","春日"],"3840043":[20,"小諸市","諸"],"3842102":[20,"佐久市","塩名田"],"3840413":[20,"佐久市","三分"],"3840301":[20,"佐久市","臼田"],"3841102":[20,"南佐久郡小海町","小海"],"3840041":[20,"小諸市","菱平"],"3842107":[20,"佐久市","蓬田"],"3842302":[20,"北佐久郡立科町","藤沢"],"3840025":[20,"小諸市","相生町"],"3842104":[20,"佐久市","甲"],"3840065":[20,"小諸市","ひばりケ丘"],"3840305":[20,"佐久市","中小田切"],"3840798":[20,"南佐久郡佐久穂町","大字畑","１６４"],"3840011":[20,"小諸市","赤坂"],"3840804":[20,"小諸市","丁"],"3840038":[20,"小諸市","栃木"],"3840013":[20,"小諸市","緑ケ丘"],"3840006":[20,"小諸市","与良町"],"3840806":[20,"小諸市","塩野"],"3840024":[20,"小諸市","熊ノ堂"],"3840032":[20,"小諸市","古城"],"3840036":[20,"小諸市","富士見平"],"3841201":[20,"南佐久郡北相木村",""],"3840017":[20,"小諸市","三和"],"3841300":[20,"南佐久郡南牧村",""],"3840698":[20,"南佐久郡佐久穂町","大字高野町","３２８"],"3840033":[20,"小諸市","市町"],"3841211":[20,"南佐久郡南相木村",""],"3840054":[20,"小諸市","石峠"],"3840001":[20,"小諸市","小原"],"3841305":[20,"南佐久郡南牧村","野辺山"],"3840078":[20,"小諸市","宮沢"],"3840075":[20,"小諸市","上ノ平"],"3840063":[20,"小諸市","南ケ原"],"3840004":[20,"小諸市","乙女"],"3842309":[20,"北佐久郡立科町","芦田八ケ野"],"3840015":[20,"小諸市","紺屋町"],"3841104":[20,"南佐久郡小海町","稲子"],"3840502":[20,"南佐久郡佐久穂町","大日向"],"3840027":[20,"小諸市","六供"],"3841192":[20,"南佐久郡小海町","大字豊里","５７－１"],"3840703":[20,"南佐久郡佐久穂町","千代里"],"3840614":[20,"南佐久郡佐久穂町","上"],"3840044":[20,"小諸市","西原"],"3848501":[20,"小諸市","相生町","３丁目３ー３"],"3840803":[20,"小諸市","丙"],"3840096":[20,"小諸市","池ノ前"],"3842307":[20,"北佐久郡立科町","山部"],"3840808":[20,"小諸市","御影新田"],"3840022":[20,"小諸市","松井"],"3840071":[20,"小諸市","大久保"],"3840306":[20,"佐久市","上小田切"],"3840600":[20,"南佐久郡佐久穂町",""],"3840704":[20,"南佐久郡佐久穂町","八郡"],"3841306":[20,"南佐久郡南牧村","平沢"],"3840018":[20,"小諸市","坂ノ上"],"3842301":[20,"北佐久郡立科町","桐原"],"3840082":[20,"小諸市","諏訪山"],"3840622":[20,"佐久市","平林"],"3840613":[20,"南佐久郡佐久穂町","高野町"],"3840094":[20,"小諸市","一ツ谷"],"3840055":[20,"小諸市","柏木"],"3840414":[20,"佐久市","下越"],"3841400":[20,"南佐久郡川上村",""],"3840084":[20,"小諸市","耳取"],"3848605":[20,"小諸市","乙","２９４－２３"],"3840092":[20,"小諸市","平原"],"3841402":[20,"南佐久郡川上村","梓山"],"3840042":[20,"小諸市","後平"],"3840801":[20,"小諸市","甲"],"3842105":[20,"佐久市","矢嶋"],"3840612":[20,"南佐久郡佐久穂町","宿岩"],"3840081":[20,"小諸市","御牧ケ原"],"3840412":[20,"佐久市","田口"],"3840034":[20,"小諸市","新町"],"3841302":[20,"南佐久郡南牧村","海ノ口"],"3842101":[20,"佐久市","桑山"],"3840807":[20,"小諸市","山浦"],"3842204":[20,"佐久市","協和"],"3840037":[20,"小諸市","押出"],"3840064":[20,"小諸市","乗瀬"],"3842206":[20,"佐久市","茂田井"],"3840000":[20,"小諸市",""],"3840045":[20,"小諸市","滝原"],"3841407":[20,"南佐久郡川上村","御所平"],"3840051":[20,"小諸市","八満"],"3842202":[20,"佐久市","望月"]}
