{"4638548":[23,"名古屋市守山区","瀬古","１丁目８０３番地"],"4630074":[23,"名古屋市守山区","町北"],"4630804":[23,"名古屋市守山区","泉が丘"],"4630815":[23,"名古屋市守山区","青葉台"],"4630090":[23,"名古屋市守山区","瀬古東"],"4630010":[23,"名古屋市守山区","翠松園"],"4630048":[23,"名古屋市守山区","小幡南"],"4630813":[23,"名古屋市守山区","吉根南"],"4638501":[23,"名古屋市守山区","大字中志段味","字南原２６４６"],"4630072":[23,"名古屋市守山区","金屋"],"4630802":[23,"名古屋市守山区","大森北"],"4630046":[23,"名古屋市守山区","苗代"],"4630023":[23,"名古屋市守山区","今尻町"],"4630085":[23,"名古屋市守山区","大牧町"],"4638571":[23,"名古屋市守山区","新守町","１０"],"4630093":[23,"名古屋市守山区","城土町"],"4638560":[23,"名古屋市守山区","大字下志段味","字穴ケ洞２２６６－９８"],"4630042":[23,"名古屋市守山区","野萩町"],"4630088":[23,"名古屋市守山区","鳥神町"],"4638510":[23,"名古屋市守山区","小幡","１丁目３－１"],"4630017":[23,"名古屋市守山区","喜多山"],"4630043":[23,"名古屋市守山区","喜多山南"],"4630076":[23,"名古屋市守山区","鳥羽見"],"4630004":[23,"名古屋市守山区","吉根"],"4630051":[23,"名古屋市守山区","小幡太田"],"4638550":[23,"名古屋市守山区","瀬古","３丁目２０１番地"],"4630807":[23,"名古屋市守山区","鼓が丘"],"4630092":[23,"名古屋市守山区","白沢町"],"4630071":[23,"名古屋市守山区","新守町"],"4630080":[23,"名古屋市守山区","川西"],"4630062":[23,"名古屋市守山区","長栄"],"4638522":[23,"名古屋市守山区","大森","３丁目３０１"],"4638543":[23,"名古屋市守山区","瀬古","３丁目９０２番地"],"4630028":[23,"名古屋市守山区","大森八龍"],"4630031":[23,"名古屋市守山区","本地が丘"],"4638540":[23,"名古屋市守山区","瀬古東","３丁目２００６番地"],"4630002":[23,"名古屋市守山区","中志段味"],"4630022":[23,"名古屋市守山区","八剣"],"4630094":[23,"名古屋市守山区","牛牧"],"4630811":[23,"名古屋市守山区","深沢"],"4630098":[23,"名古屋市守山区","川北町"],"4630052":[23,"名古屋市守山区","小幡宮ノ腰"],"4630035":[23,"名古屋市守山区","森孝"],"4630806":[23,"名古屋市守山区","百合が丘"],"4630061":[23,"名古屋市守山区","東山町"],"4630053":[23,"名古屋市守山区","小幡千代田"],"4630067":[23,"名古屋市守山区","守山"],"4630011":[23,"名古屋市守山区","小幡"],"4630081":[23,"名古屋市守山区","川宮町"],"4630069":[23,"名古屋市守山区","新守西"],"4630083":[23,"名古屋市守山区","村合町"],"4638503":[23,"名古屋市守山区","大字中志段味","字元屋敷１２６７"],"4630045":[23,"名古屋市守山区","菱池町"],"4630006":[23,"名古屋市守山区","川東山"],"4630808":[23,"名古屋市守山区","花咲台"],"4630013":[23,"名古屋市守山区","小幡中"],"4630063":[23,"名古屋市守山区","八反"],"4630008":[23,"名古屋市守山区","小幡北"],"4630056":[23,"名古屋市守山区","新城"],"4630065":[23,"名古屋市守山区","廿軒家"],"4630037":[23,"名古屋市守山区","天子田"],"4630078":[23,"名古屋市守山区","瀬古"],"4630015":[23,"名古屋市守山区","西島町"],"4638561":[23,"名古屋市守山区","大字下志段味","字穴ケ洞２２６６－９９"],"4630047":[23,"名古屋市守山区","小幡常燈"],"4630087":[23,"名古屋市守山区","大永寺町"],"4630097":[23,"名古屋市守山区","川村町"],"4630084":[23,"名古屋市守山区","西城"],"4630082":[23,"名古屋市守山区","村前町"],"4630814":[23,"名古屋市守山区","桔梗平"],"4630057":[23,"名古屋市守山区","中新"],"4638547":[23,"名古屋市守山区","瀬古","３丁目１７２５番地"],"4638536":[23,"名古屋市守山区","向台","３丁目１８０７"],"4638580":[23,"名古屋市守山区","西川原町","３１８番地"],"4638577":[23,"名古屋市守山区","新守山","６０６番地"],"4630032":[23,"名古屋市守山区","白山"],"4630016":[23,"名古屋市守山区","大屋敷"],"4630041":[23,"名古屋市守山区","大谷町"],"4630033":[23,"名古屋市守山区","森孝東"],"4630025":[23,"名古屋市守山区","元郷"],"4638521":[23,"名古屋市守山区","大森","２丁目１７２３"],"4630054":[23,"名古屋市守山区","小六町"],"4630812":[23,"名古屋市守山区","笹ヶ根"],"4630036":[23,"名古屋市守山区","向台"],"4630044":[23,"名古屋市守山区","太田井"],"4630070":[23,"名古屋市守山区","新守山"],"4630091":[23,"名古屋市守山区","川上町"],"4638541":[23,"名古屋市守山区","瀬古東","２丁目９０７番地"],"4630000":[23,"名古屋市守山区",""],"4630096":[23,"名古屋市守山区","森宮町"],"4638565":[23,"名古屋市守山区","長栄","２４－２８"],"4630024":[23,"名古屋市守山区","脇田町"],"4630803":[23,"名古屋市守山区","日の後"],"4630003":[23,"名古屋市守山区","下志段味"],"4630014":[23,"名古屋市守山区","城南町"],"4630086":[23,"名古屋市守山区","永森町"],"4638505":[23,"名古屋市守山区","大字吉根","字長廻間３２４１"],"4638528":[23,"名古屋市守山区","元郷","２丁目１０７"],"4638538":[23,"名古屋市守山区","向台","２丁目１００２"],"4630001":[23,"名古屋市守山区","上志段味"],"4630068":[23,"名古屋市守山区","瀬古"],"4630066":[23,"名古屋市守山区","町南"],"4630027":[23,"名古屋市守山区","弁天が丘"],"4630005":[23,"名古屋市守山区","川"],"4630079":[23,"名古屋市守山区","幸心"],"4630801":[23,"名古屋市守山区","竜泉寺"],"4630055":[23,"名古屋市守山区","西新"],"4638530":[23,"名古屋市守山区","四軒家","１丁目７１０"],"4630089":[23,"名古屋市守山区","西川原町"],"4638575":[23,"名古屋市守山区","新守西","１５０１番地"],"4638567":[23,"名古屋市守山区","守山","２丁目１８－２２"],"4630095":[23,"名古屋市守山区","高島町"],"4638557":[23,"名古屋市守山区","小六町","１０－２"],"4630029":[23,"名古屋市守山区","御膳洞"],"4630064":[23,"名古屋市守山区","更屋敷"],"4630805":[23,"名古屋市守山区","青山台"],"4630021":[23,"名古屋市守山区","大森"],"4630012":[23,"名古屋市守山区","茶臼前"],"4638555":[23,"名古屋市守山区","小幡宮ノ腰","７－１４"],"4630009":[23,"名古屋市守山区","緑ケ丘"],"4630034":[23,"名古屋市守山区","四軒家"],"4638533":[23,"名古屋市守山区","森孝東","１丁目５０９"],"4638535":[23,"名古屋市守山区","森孝","１丁目１７０９"],"4630038":[23,"名古屋市守山区","原境町"],"4630809":[23,"名古屋市守山区","平池東"],"4638502":[23,"名古屋市守山区","大字上志段味","字東谷"],"4630077":[23,"名古屋市守山区","守山"],"4630026":[23,"名古屋市守山区","藪田町"],"4638545":[23,"名古屋市守山区","小幡南","１丁目１－５"],"4630075":[23,"名古屋市守山区","市場"],"4630007":[23,"名古屋市守山区","松坂町"],"4630073":[23,"名古屋市守山区","守牧町"]}
