{"0231132":[3,"奥州市","江刺区稲瀬"],"0230026":[3,"奥州市","水沢区里鎗"],"0230105":[3,"奥州市","水沢区羽田町宝生"],"0230132":[3,"奥州市","水沢区羽田町"],"0230885":[3,"奥州市","水沢区西田"],"0230093":[3,"奥州市","水沢区水神"],"0230024":[3,"奥州市","水沢区名残"],"0230814":[3,"奥州市","水沢区袋町"],"0230045":[3,"奥州市","水沢区大町"],"0230897":[3,"奥州市","水沢区桜川"],"0230075":[3,"奥州市","水沢区水ノ口"],"0231111":[3,"奥州市","江刺区大通り"],"0230493":[3,"奥州市","胆沢区小山","字下野中２－５"],"0230857":[3,"奥州市","水沢区中上野町"],"0230085":[3,"奥州市","水沢区踊子"],"0231125":[3,"奥州市","江刺区銭町"],"0230042":[3,"奥州市","水沢区柳町"],"0230828":[3,"奥州市","水沢区東大通り"],"0230047":[3,"奥州市","水沢区立町"],"0230872":[3,"奥州市","水沢区桜屋敷西"],"0230866":[3,"奥州市","水沢区堰合"],"0230403":[3,"奥州市","胆沢区若柳"],"0231118":[3,"奥州市","江刺区栄町"],"0230801":[3,"奥州市","水沢区横町"],"0230102":[3,"奥州市","水沢区羽田町駅東"],"0230034":[3,"奥州市","水沢区川口町"],"0230061":[3,"奥州市","水沢区長町"],"0231121":[3,"奥州市","江刺区男石"],"0230087":[3,"奥州市","水沢区高谷宿"],"0230855":[3,"奥州市","水沢区南大鐘"],"0230064":[3,"奥州市","水沢区土器田"],"0230867":[3,"奥州市","水沢区大橋"],"0231114":[3,"奥州市","江刺区川原町"],"0230083":[3,"奥州市","水沢区前郷"],"0230804":[3,"奥州市","水沢区谷地明円"],"0230886":[3,"奥州市","水沢区南矢中"],"0230032":[3,"奥州市","水沢区多賀"],"0230827":[3,"奥州市","水沢区太日通り"],"0231762":[3,"奥州市","江刺区藤里"],"0230816":[3,"奥州市","水沢区西町"],"0230822":[3,"奥州市","水沢区東中通り"],"0230891":[3,"奥州市","水沢区内匠田"],"0230825":[3,"奥州市","水沢区台町"],"0230013":[3,"奥州市","水沢区一本柳"],"0230811":[3,"奥州市","水沢区寺小路"],"0230072":[3,"奥州市","水沢区樋渡"],"0230016":[3,"奥州市","水沢区平沢"],"0230062":[3,"奥州市","水沢区小石田"],"0231102":[3,"奥州市","江刺区八日町"],"0230051":[3,"奥州市","水沢区勝手町"],"0230108":[3,"奥州市","水沢区羽田町向畑"],"0230832":[3,"奥州市","水沢区羽田町"],"0231105":[3,"奥州市","江刺区杉ノ町"],"0230067":[3,"奥州市","水沢区二反田"],"0230081":[3,"奥州市","水沢区橇町"],"0230095":[3,"奥州市","水沢区雀田"],"0230881":[3,"奥州市","水沢区北田"],"0230861":[3,"奥州市","水沢区星ガ丘町"],"0230854":[3,"奥州市","水沢区大鐘町"],"0230808":[3,"奥州市","水沢区日高小路"],"0230077":[3,"奥州市","水沢区桑畑"],"0230853":[3,"奥州市","水沢区東上野町"],"0230018":[3,"奥州市","水沢区小中"],"0231341":[3,"奥州市","江刺区梁川"],"0230055":[3,"奥州市","水沢区虚空蔵小路"],"0231123":[3,"奥州市","江刺区前田町"],"0230876":[3,"奥州市","水沢区鶴淵"],"0230896":[3,"奥州市","水沢区西光田"],"0230874":[3,"奥州市","水沢区見分森"],"0238501":[3,"奥州市","水沢区大手町","１丁目１"],"0230025":[3,"奥州市","水沢区高網"],"0230864":[3,"奥州市","水沢区龍ケ馬場"],"0230011":[3,"奥州市","水沢区稲荷田"],"0230894":[3,"奥州市","水沢区大明神"],"0230001":[3,"奥州市","水沢区卸町"],"0230831":[3,"奥州市","水沢区姉体町"],"0230884":[3,"奥州市","水沢区前谷地"],"0231101":[3,"奥州市","江刺区岩谷堂"],"0230851":[3,"奥州市","水沢区南町"],"0230057":[3,"奥州市","水沢区上町"],"0230171":[3,"奥州市","江刺区田原"],"0231134":[3,"奥州市","江刺区玉里"],"0230022":[3,"奥州市","水沢区中城"],"0230402":[3,"奥州市","胆沢区小山"],"0230086":[3,"奥州市","水沢区谷地中"],"0231131":[3,"奥州市","江刺区愛宕"],"0230887":[3,"奥州市","水沢区矢中"],"0230802":[3,"奥州市","水沢区大畑小路"],"0230058":[3,"奥州市","水沢区堀ノ内"],"0230821":[3,"奥州市","水沢区神明町"],"0230015":[3,"奥州市","水沢区五千刈"],"0230893":[3,"奥州市","水沢区蓬田"],"0230106":[3,"奥州市","水沢区羽田町久保"],"0231133":[3,"奥州市","江刺区広瀬"],"0231115":[3,"奥州市","江刺区本町"],"0230054":[3,"奥州市","水沢区吉小路"],"0230071":[3,"奥州市","水沢区黒子"],"0230875":[3,"奥州市","水沢区森下"],"0230852":[3,"奥州市","水沢区山崎町"],"0230003":[3,"奥州市","水沢区佐倉河"],"0230818":[3,"奥州市","水沢区東町"],"0230889":[3,"奥州市","水沢区高屋敷"],"0230882":[3,"奥州市","水沢区福原"],"0230084":[3,"奥州市","水沢区大上"],"0230806":[3,"奥州市","水沢区日高西"],"0230492":[3,"奥州市","胆沢区南都田","字加賀谷地２７０"],"0230037":[3,"奥州市","水沢区南丑沢"],"0230826":[3,"奥州市","水沢区中田町"],"0231124":[3,"奥州市","江刺区六日町"],"0230101":[3,"奥州市","水沢区黒石町"],"0230043":[3,"奥州市","水沢区道合"],"0231122":[3,"奥州市","江刺区舘山"],"0230027":[3,"奥州市","水沢区幅下"],"0230041":[3,"奥州市","水沢区秋葉町"],"0230035":[3,"奥州市","水沢区赤土田"],"0230065":[3,"奥州市","水沢区水山"],"0230092":[3,"奥州市","水沢区北半郷"],"0230046":[3,"奥州市","水沢区川原小路"],"0230865":[3,"奥州市","水沢区桜屋敷"],"0230815":[3,"奥州市","水沢区天文台通り"],"0230823":[3,"奥州市","水沢区朝日町"],"0230017":[3,"奥州市","水沢区渋田"],"0230824":[3,"奥州市","水沢区泉町"],"0230073":[3,"奥州市","水沢区寺領"],"0230805":[3,"奥州市","水沢区斉の神"],"0230842":[3,"奥州市","水沢区真城が丘"],"0230094":[3,"奥州市","水沢区五輪"],"0230021":[3,"奥州市","水沢区欠ノ下"],"0230053":[3,"奥州市","水沢区大手町"],"0230877":[3,"奥州市","水沢区袖谷地"],"0230829":[3,"奥州市","水沢区花園町"],"0231117":[3,"奥州市","江刺区南町"],"0230863":[3,"奥州市","水沢区川端"],"0231112":[3,"奥州市","江刺区南大通り"],"0231551":[3,"奥州市","江刺区米里"],"0230898":[3,"奥州市","水沢区後田"],"0230841":[3,"奥州市","水沢区真城"],"0230044":[3,"奥州市","水沢区三本木"],"0230104":[3,"奥州市","水沢区羽田町駅前"],"0230833":[3,"奥州市","水沢区上姉体"],"0231103":[3,"奥州市","江刺区西大通り"],"0230066":[3,"奥州市","水沢区前田袋"],"0230103":[3,"奥州市","水沢区羽田町駅南"],"0230012":[3,"奥州市","水沢区斉勝田"],"0230056":[3,"奥州市","水沢区久田"],"0230076":[3,"奥州市","水沢区造道"],"0230803":[3,"奥州市","水沢区田小路"],"0230063":[3,"奥州市","水沢区聖天"],"0230888":[3,"奥州市","水沢区八反田"],"0231113":[3,"奥州市","江刺区中町"],"0230895":[3,"奥州市","水沢区足袋針"],"0230862":[3,"奥州市","水沢区福吉町"],"0230817":[3,"奥州市","水沢区宮下町"],"0230856":[3,"奥州市","水沢区西上野町"],"0231192":[3,"奥州市","江刺区大通り","１－８"],"0230107":[3,"奥州市","水沢区羽田町宝柳木"],"0231116":[3,"奥州市","江刺区重染寺"],"0231761":[3,"奥州市","江刺区伊手"],"0230000":[3,"奥州市",""],"0231104":[3,"奥州市","江刺区豊田町"],"0230812":[3,"奥州市","水沢区寺脇"],"0230014":[3,"奥州市","水沢区地蔵田"],"0230892":[3,"奥州市","水沢区釜田"],"0230401":[3,"奥州市","胆沢区南都田"],"0230036":[3,"奥州市","水沢区北栗林"],"0230871":[3,"奥州市","水沢区外谷地"],"0230091":[3,"奥州市","水沢区高山"],"0230031":[3,"奥州市","水沢区北丑沢"],"0230096":[3,"奥州市","水沢区向田"],"0230023":[3,"奥州市","水沢区八反町"],"0230074":[3,"奥州市","水沢区極楽"],"0230813":[3,"奥州市","水沢区中町"],"0230052":[3,"奥州市","水沢区搦手丁"],"0230033":[3,"奥州市","水沢区不断町"],"0230019":[3,"奥州市","水沢区築舘"],"0230807":[3,"奥州市","水沢区新小路"],"0230002":[3,"奥州市","水沢区水沢工業団地"],"0230873":[3,"奥州市","水沢区笹森谷地"],"0230883":[3,"奥州市","水沢区町裏"],"0230082":[3,"奥州市","水沢区東半郷"]}
