{"1740041":[13,"板橋区","舟渡"],"1748612":[13,"板橋区","蓮根","３丁目１７－１"],"1740056":[13,"板橋区","志村"],"1748730":[13,"板橋区","大原町","１３－１"],"1740000":[13,"板橋区",""],"1740072":[13,"板橋区","南常盤台"],"1748567":[13,"板橋区","舟渡","１丁目１２－１１"],"1748739":[13,"板橋区","東坂下","１丁目３－１"],"1740062":[13,"板橋区","富士見町"],"1740046":[13,"板橋区","蓮根"],"1740063":[13,"板橋区","前野町"],"1748521":[13,"板橋区","坂下","１丁目３２－１７"],"1748505":[13,"板橋区","小豆沢","３丁目６－１０"],"1740045":[13,"板橋区","西台"],"1748743":[11,"さいたま市桜区","田島","８丁目３－２９"],"1740054":[13,"板橋区","宮本町"],"1740075":[13,"板橋区","桜川"],"1740042":[13,"板橋区","東坂下"],"1748530":[13,"板橋区","坂下","１丁目３５－３"],"1748711":[13,"板橋区","東新町","２丁目２８－１"],"1748680":[13,"板橋区","常盤台","２丁目３３－１５"],"1748560":[13,"板橋区","舟渡","４丁目１０－１"],"1740052":[13,"板橋区","蓮沼町"],"1748741":[11,"さいたま市桜区","田島","８丁目３－２９"],"1748558":[13,"板橋区","志村","１丁目１１－１"],"1748639":[13,"板橋区","前野町","２丁目３６－９"],"1740074":[13,"板橋区","東新町"],"1740061":[13,"板橋区","大原町"],"1740053":[13,"板橋区","清水町"],"1748636":[13,"板橋区","前野町","６丁目８－１０"],"1748555":[13,"板橋区","志村","３丁目３０－１"],"1748501":[13,"板橋区","小豆沢","２丁目２１－４"],"1740055":[13,"板橋区","泉町"],"1748601":[13,"板橋区","東坂下","２丁目８－１"],"1740044":[13,"板橋区","相生町"],"1748903":[13,"板橋区","蓮沼町","４－１"],"1740073":[13,"板橋区","東山町"],"1748744":[13,"板橋区","小豆沢","２丁目７－６"],"1740071":[13,"板橋区","常盤台"],"1748520":[13,"板橋区","坂下","３－３５－５８"],"1740065":[13,"板橋区","若木"],"1748646":[13,"板橋区","前野町","５丁目５－３"],"1748688":[13,"板橋区","常盤台","１丁目３－１"],"1748526":[13,"板橋区","坂下","１丁目３３－１２"],"1740076":[13,"板橋区","上板橋"],"1748550":[13,"板橋区","志村","２丁目１８－１０"],"1748701":[13,"板橋区","富士見町","５－４"],"1748686":[13,"板橋区","常盤台","４丁目３６－９"],"1740043":[13,"板橋区","坂下"],"1748633":[13,"板橋区","前野町","１丁目４７－４"],"1748524":[13,"板橋区","坂下","２丁目２－１"],"1748740":[13,"千代田区","神田小川町","１丁目１１"],"1740051":[13,"板橋区","小豆沢"],"1748860":[13,"板橋区","清水町","３６－１"],"1740064":[13,"板橋区","中台"],"1748588":[13,"板橋区","前野町","５丁目３－７"],"1748737":[13,"板橋区","東坂下","１丁目１８－１５"]}
