{"2100853":[14,"川崎市川崎区","田島町"],"2100806":[14,"川崎市川崎区","中島"],"2109650":[14,"川崎市川崎区","水江町","４番１号"],"2100805":[14,"川崎市川崎区","伊勢町"],"2100833":[14,"川崎市川崎区","桜本"],"2108559":[14,"川崎市川崎区","富士見","１丁目１－３"],"2100005":[14,"川崎市川崎区","東田町"],"2100817":[14,"川崎市川崎区","大師本町"],"2108515":[14,"川崎市川崎区","砂子","２丁目６－２三徳ビル１０Ｆ"],"2108686":[14,"川崎市川崎区","駅前本町","２６－４"],"2108586":[14,"川崎市川崎区","小川町","１"],"2100000":[14,"川崎市川崎区",""],"2100007":[14,"川崎市川崎区","駅前本町"],"2109567":[14,"川崎市川崎区","白石町","２－１"],"2100845":[14,"川崎市川崎区","渡田山王町"],"2100867":[14,"川崎市川崎区","扇町"],"2100822":[14,"川崎市川崎区","田町"],"2108532":[14,"川崎市川崎区","扇町","１２－１"],"2108571":[14,"川崎市川崎区","日進町","７－１"],"2100023":[14,"川崎市川崎区","小川町"],"2100852":[14,"川崎市川崎区","鋼管通"],"2100848":[14,"川崎市川崎区","京町"],"2109588":[14,"川崎市川崎区","水江町","５－１"],"2100862":[14,"川崎市川崎区","浮島町"],"2100865":[14,"川崎市川崎区","千鳥町"],"2108504":[14,"川崎市川崎区","駅前本町","７"],"2108545":[14,"川崎市川崎区","夜光","二丁目３番１号"],"2100835":[14,"川崎市川崎区","追分町"],"2100826":[14,"川崎市川崎区","塩浜"],"2100807":[14,"川崎市川崎区","港町"],"2100834":[14,"川崎市川崎区","大島"],"2108544":[14,"川崎市川崎区","砂子","１－１０－２ソシオ砂子ビル７階"],"2100011":[14,"川崎市川崎区","富士見"],"2100828":[14,"川崎市川崎区","四谷上町"],"2100813":[14,"川崎市川崎区","昭和"],"2108558":[14,"川崎市川崎区","小島町","４－２"],"2100844":[14,"川崎市川崎区","渡田新町"],"2109507":[14,"川崎市川崎区","夜光","１丁目２－１"],"2100811":[14,"川崎市川崎区","大師河原"],"2108583":[14,"川崎市幸区","小向東芝町","１"],"2100801":[14,"川崎市川崎区","鈴木町"],"2100026":[14,"川崎市川崎区","堤根"],"2100831":[14,"川崎市川崎区","観音"],"2109511":[14,"川崎市川崎区","東扇島","９０"],"2108522":[14,"川崎市川崎区","港町","５－１"],"2108551":[14,"川崎市川崎区","日進町","１－５３興和川崎東口ビル"],"2108577":[14,"川崎市川崎区","宮本町","１"],"2100843":[14,"川崎市川崎区","小田栄"],"2108557":[14,"川崎市川崎区","砂子","１丁目１－１４ＪＴＢ川崎共同ビル５階"],"2108523":[14,"川崎市川崎区","浮島町","７－１"],"2108537":[14,"川崎市川崎区","富士見","１丁目１－３"],"2100863":[14,"川崎市川崎区","夜光"],"2108547":[14,"川崎市川崎区","千鳥町","３番１号"],"2109582":[14,"川崎市川崎区","港町","６番１"],"2100846":[14,"川崎市川崎区","小田"],"2100024":[14,"川崎市川崎区","日進町"],"2100802":[14,"川崎市川崎区","大師駅前"],"2108552":[14,"川崎市川崎区","東田町","１１－２８"],"2100841":[14,"川崎市川崎区","渡田向町"],"2100003":[14,"川崎市川崎区","堀之内町"],"2108541":[14,"川崎市川崎区","砂子","１丁目２番４号"],"2100803":[14,"川崎市川崎区","川中島"],"2108562":[14,"川崎市川崎区","富士見","１丁目１－２"],"2109530":[14,"川崎市川崎区","田辺新田","１番１号"],"2100001":[14,"川崎市川崎区","本町"],"2100808":[14,"川崎市川崎区","旭町"],"2100858":[14,"川崎市川崎区","大川町"],"2108511":[14,"川崎市川崎区","砂子","１丁目８番９号川崎御幸ビル４階"],"2100004":[14,"川崎市川崎区","宮本町"],"2100837":[14,"川崎市川崎区","渡田"],"2108548":[14,"川崎市川崎区","夜光","２丁目３－２"],"2100022":[14,"川崎市川崎区","池田"],"2108681":[14,"川崎市川崎区","鈴木町","１－１"],"2108540":[14,"川崎市川崎区","日進町","１－５３興和川崎東口ビル"],"2100838":[14,"川崎市川崎区","境町"],"2108531":[14,"川崎市川崎区","榎町","３－１８"],"2100015":[14,"川崎市川崎区","南町"],"2108601":[14,"川崎市川崎区","駅前本町","１２－１川崎駅前タワー・リバークビル１５階"],"2100814":[14,"川崎市川崎区","台町"],"2100014":[14,"川崎市川崎区","貝塚"],"2108565":[14,"川崎市川崎区","南町","２０－１５"],"2100821":[14,"川崎市川崎区","殿町"],"2100827":[14,"川崎市川崎区","四谷下町"],"2108501":[14,"川崎市川崎区","東田町","８パレール三井ビルディング１３階"],"2100842":[14,"川崎市川崎区","渡田東町"],"2100812":[14,"川崎市川崎区","東門前"],"2100825":[14,"川崎市川崎区","出来野"],"2100021":[14,"川崎市川崎区","元木"],"2108680":[14,"川崎市川崎区","鈴木町","１－１"],"2100847":[14,"川崎市川崎区","浅田"],"2109533":[14,"川崎市川崎区","塩浜","４丁目１３－１５"],"2108506":[14,"川崎市川崎区","塩浜","４丁目１３－１"],"2100866":[14,"川崎市川崎区","水江町"],"2100856":[14,"川崎市川崎区","田辺新田"],"2108570":[14,"川崎市川崎区","東田町","８"],"2100851":[14,"川崎市川崎区","浜町"],"2100818":[14,"川崎市川崎区","中瀬"],"2100006":[14,"川崎市川崎区","砂子"],"2100868":[14,"川崎市川崎区","扇島"],"2100836":[14,"川崎市川崎区","大島上町"],"2100869":[14,"川崎市川崎区","東扇島"],"2100823":[14,"川崎市川崎区","江川"],"2108666":[14,"川崎市川崎区","駅前本町","８番地"],"2108521":[14,"川崎市川崎区","大師町","４－４８"],"2108560":[14,"川崎市川崎区","大川町","２番１号"],"2100804":[14,"川崎市川崎区","藤崎"],"2100861":[14,"川崎市川崎区","小島町"],"2100012":[14,"川崎市川崎区","宮前町"],"2109555":[14,"川崎市川崎区","大師駅前","１丁目１６番１５号"],"2100864":[14,"川崎市川崎区","池上町"],"2108576":[14,"川崎市川崎区","砂子","１丁目８番９号川崎御幸ビル"],"2100824":[14,"川崎市川崎区","日ノ出"],"2100816":[14,"川崎市川崎区","大師町"],"2100815":[14,"川崎市川崎区","大師公園"],"2108569":[14,"川崎市川崎区","日進町","２－１"],"2108502":[14,"川崎市川崎区","駅前本町","１２－１"],"2100832":[14,"川崎市川崎区","池上新町"],"2100857":[14,"川崎市川崎区","白石町"],"2100002":[14,"川崎市川崎区","榎町"],"2100854":[14,"川崎市川崎区","浅野町"],"2108538":[14,"川崎市川崎区","駅前本町","２５番地１"],"2108512":[14,"川崎市川崎区","塩浜","１丁目１－１"],"2109526":[14,"川崎市川崎区","浮島町","６番１号"],"2100013":[14,"川崎市川崎区","新川通"],"2100855":[14,"川崎市川崎区","南渡田町"],"2100025":[14,"川崎市川崎区","下並木"],"2108604":[14,"川崎市川崎区","東田町","５－２"]}
