{"2148570":[14,"川崎市多摩区","登戸","１７７５－１"],"2148533":[14,"川崎市多摩区","登戸","３８１６"],"2148525":[14,"川崎市多摩区","宿河原","１丁目３０－３７"],"2140035":[14,"川崎市多摩区","長沢"],"2140038":[14,"川崎市多摩区","生田"],"2148585":[14,"川崎市多摩区","長尾","６丁目２１－１"],"2140034":[14,"川崎市多摩区","三田"],"2140002":[14,"川崎市多摩区","菅野戸呂"],"2140007":[14,"川崎市多摩区","菅城下"],"2140008":[14,"川崎市多摩区","菅北浦"],"2140012":[14,"川崎市多摩区","中野島"],"2140039":[14,"川崎市多摩区","栗谷"],"2148588":[14,"川崎市多摩区","枡形","１丁目２３－１"],"2140000":[14,"川崎市多摩区",""],"2140003":[14,"川崎市多摩区","菅稲田堤"],"2140005":[14,"川崎市多摩区","寺尾台"],"2148571":[14,"川崎市多摩区","東三田","１丁目１－１"],"2140036":[14,"川崎市多摩区","南生田"],"2140001":[14,"川崎市多摩区","菅"],"2140014":[14,"川崎市多摩区","登戸"],"2140033":[14,"川崎市多摩区","東三田"],"2140013":[14,"川崎市多摩区","登戸新町"],"2148565":[14,"川崎市多摩区","西生田","１丁目１－１"],"2148580":[14,"川崎市多摩区","東三田","２丁目１－１"],"2140031":[14,"川崎市多摩区","東生田"],"2140021":[14,"川崎市多摩区","宿河原"],"2140022":[14,"川崎市多摩区","堰"],"2140023":[14,"川崎市多摩区","長尾"],"2140037":[14,"川崎市多摩区","西生田"],"2140032":[14,"川崎市多摩区","枡形"],"2140006":[14,"川崎市多摩区","菅仙谷"],"2140004":[14,"川崎市多摩区","菅馬場"],"2140011":[14,"川崎市多摩区","布田"]}
