{"4490404":[23,"北設楽郡豊根村","上黒川"],"4490216":[23,"北設楽郡東栄町","三輪"],"4490200":[23,"北設楽郡東栄町",""],"4490203":[23,"北設楽郡東栄町","東薗目"],"4490211":[23,"北設楽郡東栄町","中設楽"],"4490400":[23,"北設楽郡豊根村",""],"4490201":[23,"北設楽郡東栄町","御園"],"4490402":[23,"北設楽郡豊根村","古真立"],"4490215":[23,"北設楽郡東栄町","奈根"],"4490293":[23,"北設楽郡東栄町","大字三輪","字上栗５"],"4490204":[23,"北設楽郡東栄町","西薗目"],"4490213":[23,"北設楽郡東栄町","振草"],"4490202":[23,"北設楽郡東栄町","足込"],"4490403":[23,"北設楽郡豊根村","下黒川"],"4490212":[23,"北設楽郡東栄町","月"],"4490292":[23,"北設楽郡東栄町","大字本郷","字上前畑２５"],"4490401":[23,"北設楽郡豊根村","三沢"],"4490205":[23,"北設楽郡東栄町","川角"],"4490214":[23,"北設楽郡東栄町","本郷"],"4490405":[23,"北設楽郡豊根村","坂宇場"],"4490206":[23,"北設楽郡東栄町","下田"]}
