{"1520000":[13,"目黒区",""],"1520013":[13,"目黒区","南"],"1528541":[13,"目黒区","碑文谷","３丁目１８－９"],"1528909":[13,"目黒区","碑文谷","６丁目７－２２"],"1528531":[13,"目黒区","南","３丁目１３－４"],"1528521":[13,"目黒区","目黒本町","１丁目１６－１７"],"1528508":[13,"目黒区","中央町","１丁目５－１２"],"1528913":[13,"目黒区","目黒本町","２丁目９－８"],"1528550":[13,"目黒区","大岡山","２丁目１２－１"],"1528902":[13,"目黒区","東が丘","２丁目５－１"],"1520021":[13,"目黒区","東が丘"],"1528503":[13,"目黒区","中央町","１丁目８－２４"],"1528535":[13,"目黒区","南","２丁目１４－１０"],"1528532":[13,"目黒区","原町","１丁目３１－９"],"1528910":[13,"目黒区","中根","１丁目７－２３"],"1520023":[13,"目黒区","八雲"],"1528527":[13,"目黒区","目黒本町","２丁目２６－１４"],"1520002":[13,"目黒区","目黒本町"],"1528533":[13,"目黒区","原町","１丁目３１－９"],"1528561":[13,"目黒区","自由が丘","２丁目１２－１５"],"1528520":[13,"目黒区","目黒本町","６丁目１８－１２"],"1520004":[13,"目黒区","鷹番"],"1528525":[13,"目黒区","目黒本町","２丁目１－１２"],"1528552":[13,"目黒区","大岡山","２丁目１２－１"],"1528549":[13,"目黒区","碑文谷","４丁目２１－１３"],"1528551":[13,"目黒区","大岡山","２丁目１２－１"],"1528558":[13,"目黒区","東が丘","２－５－２３"],"1520001":[13,"目黒区","中央町"],"1528511":[13,"目黒区","鷹番","２丁目１４－２"],"1528522":[13,"目黒区","目黒本町","１丁目１６－１７"],"1528904":[13,"目黒区","自由が丘","１丁目１５－１２"],"1528510":[13,"目黒区","鷹番","２丁目１３－５"],"1520035":[13,"目黒区","自由が丘"],"1528570":[13,"目黒区","中根","２丁目２－１３"],"1520033":[13,"目黒区","大岡山"],"1528507":[13,"目黒区","中央町","１丁目５－１２"],"1520003":[13,"目黒区","碑文谷"],"1528544":[13,"目黒区","碑文谷","４丁目２１－１３Ｍ２Ｆ"],"1520011":[13,"目黒区","原町"],"1528578":[13,"目黒区","中根","２丁目３－１９"],"1528905":[13,"目黒区","自由が丘","１丁目２４－１７"],"1520031":[13,"目黒区","中根"],"1520012":[13,"目黒区","洗足"],"1528907":[13,"目黒区","大岡山","１丁目３５－２２"],"1520032":[13,"目黒区","平町"],"1528621":[13,"目黒区","東が丘","２丁目５－２１"],"1528506":[13,"目黒区","中央町","１丁目５－２"],"1528601":[13,"目黒区","碑文谷","５丁目１６－１９"],"1520022":[13,"目黒区","柿の木坂"],"1520034":[13,"目黒区","緑が丘"]}
