{"4338103":[22,"浜松市北区","豊岡町"],"4338108":[22,"浜松市北区","根洗町"],"4338112":[22,"浜松市北区","初生町"],"4338109":[22,"浜松市中区","花川町"],"4338601":[22,"浜松市中区","和合町","２－５５"],"4338113":[22,"浜松市中区","小豆餅"],"4338111":[22,"浜松市中区","葵西"],"4338102":[22,"浜松市北区","大原町"],"4338540":[22,"浜松市北区","初生町","６２６－１"],"4338511":[22,"浜松市中区","和合町","１５４"],"4338558":[22,"浜松市北区","三方原町","３４５３"],"4338550":[22,"浜松市中区","上島","５丁目３－１８"],"4338125":[22,"浜松市中区","和合町"],"4338114":[22,"浜松市中区","葵東"],"4338117":[22,"浜松市中区","高丘東"],"4338123":[22,"浜松市中区","幸"],"4338104":[22,"浜松市北区","東三方町"],"4338510":[22,"浜松市北区","東三方町","９０－３"],"4338121":[22,"浜松市中区","萩丘"],"4338124":[22,"浜松市中区","泉"],"4338520":[22,"浜松市中区","小豆餅","４丁目１４－１"],"4338118":[22,"浜松市中区","高丘西"],"4338555":[22,"浜松市北区","初生町","６２６－１"],"4338105":[22,"浜松市北区","三方原町"],"4338501":[22,"浜松市中区","葵東","１丁目１３－１"],"4338119":[22,"浜松市中区","高丘北"],"4338567":[22,"浜松市北区","初生町","１１５０"],"4338101":[22,"浜松市北区","三幸町"],"4338116":[22,"浜松市中区","西丘町"],"4338127":[22,"浜松市中区","和合北"],"4338122":[22,"浜松市中区","上島"],"4338126":[22,"浜松市中区","泉町"],"4338530":[22,"浜松市中区","泉","４丁目１２－１"]}
