{"3230012":[9,"小山市","羽川"],"3230804":[9,"小山市","萱橋"],"3230057":[9,"小山市","南小林"],"3230014":[9,"小山市","喜沢"],"3230192":[9,"下野市","下坪山","１７２４"],"3230102":[9,"下野市","上吉田"],"3230061":[9,"小山市","卒島"],"3230053":[9,"小山市","小袋"],"3230007":[9,"小山市","松沼"],"3230069":[9,"小山市","上初田"],"3230052":[9,"小山市","下河原田"],"3238567":[9,"小山市","横倉新田","１１０"],"3230829":[9,"小山市","東城南"],"3230817":[9,"小山市","東野田"],"3231105":[9,"栃木市","藤岡町甲"],"3230031":[9,"小山市","八幡町"],"3230025":[9,"小山市","城山町"],"3230008":[9,"小山市","小薬"],"3230820":[9,"小山市","西城南"],"3230111":[9,"下野市","磯部"],"3230103":[9,"下野市","上川島"],"3230042":[9,"小山市","外城"],"3230106":[9,"下野市","下吉田"],"3230033":[9,"小山市","神明町"],"3230815":[9,"小山市","武井"],"3230001":[9,"小山市","小宅"],"3230004":[9,"小山市","島田"],"3230802":[9,"小山市","東山田"],"3238586":[9,"小山市","駅東通り","２丁目２－２"],"3230115":[9,"下野市","下坪山"],"3230045":[9,"小山市","石ノ上"],"3230003":[9,"小山市","東島田"],"3230066":[9,"小山市","上国府塚"],"3230011":[9,"小山市","南半田"],"3238511":[9,"小山市","城東","３丁目２８－１"],"3230005":[9,"小山市","渋井"],"3230015":[9,"小山市","三拝川岸"],"3230041":[9,"小山市","大行寺"],"3230017":[9,"小山市","飯塚"],"3230062":[9,"小山市","立木"],"3231108":[9,"栃木市","藤岡町太田"],"3230807":[9,"小山市","城東"],"3230054":[9,"小山市","井岡"],"3230068":[9,"小山市","下初田"],"3230022":[9,"小山市","駅東通り"],"3230051":[9,"小山市","生駒"],"3231107":[9,"栃木市","藤岡町大田和"],"3230032":[9,"小山市","天神町"],"3231104":[9,"栃木市","藤岡町藤岡"],"3230151":[9,"小山市","田川"],"3230803":[9,"小山市","北飯田"],"3230806":[9,"小山市","中久喜"],"3230814":[9,"小山市","田間"],"3230816":[9,"小山市","南和泉"],"3230028":[9,"小山市","若木町"],"3230009":[9,"小山市","大本"],"3230808":[9,"小山市","出井"],"3230055":[9,"小山市","下泉"],"3230044":[9,"小山市","間中"],"3230006":[9,"小山市","荒川"],"3230801":[9,"小山市","鉢形"],"3231103":[9,"栃木市","藤岡町内野"],"3230818":[9,"小山市","塚崎"],"3230105":[9,"下野市","本吉田"],"3230026":[9,"小山市","本郷町"],"3238601":[9,"小山市","若木町","１丁目２３－１５"],"3238686":[9,"小山市","中央町","１丁目１－１"],"3238678":[9,"小山市","大字犬塚","４８０"],"3230104":[9,"下野市","中川島"],"3230016":[9,"小山市","扶桑"],"3230114":[9,"下野市","絹板"],"3230824":[9,"小山市","雨ケ谷新田"],"3230823":[9,"小山市","向原新田"],"3230812":[9,"小山市","土塔"],"3231102":[9,"栃木市","藤岡町赤麻"],"3230024":[9,"小山市","宮本町"],"3230113":[9,"下野市","上坪山"],"3230101":[9,"下野市","三王山"],"3230805":[9,"小山市","向野"],"3230819":[9,"小山市","横倉新田"],"3230064":[9,"小山市","下石塚"],"3231101":[9,"栃木市","藤岡町大前"],"3230152":[9,"小山市","延島"],"3238611":[9,"小山市","大字稲葉郷","１３４１－１"],"3230043":[9,"小山市","塩沢"],"3230156":[9,"小山市","中島"],"3230157":[9,"小山市","中河原"],"3230063":[9,"小山市","上石塚"],"3230153":[9,"小山市","延島新田"],"3230021":[9,"小山市","稲葉郷"],"3230112":[9,"下野市","東根"],"3231192":[9,"栃木市","大字藤岡町藤岡","１０２２－５"],"3230046":[9,"小山市","萩島"],"3230821":[9,"小山市","三峯"],"3238585":[9,"小山市","大行寺","１１１７"],"3230067":[9,"小山市","今里"],"3230158":[9,"小山市","梁"],"3230813":[9,"小山市","横倉"],"3230056":[9,"小山市","上泉"],"3230811":[9,"小山市","犬塚"],"3230027":[9,"小山市","花垣町"],"3230116":[9,"下野市","花田"],"3230002":[9,"小山市","黒本"],"3230034":[9,"小山市","神鳥谷"],"3230000":[9,"小山市",""],"3230107":[9,"下野市","別当河原"],"3230029":[9,"小山市","城北"],"3230065":[9,"小山市","下国府塚"],"3230822":[9,"小山市","駅南町"],"3230825":[9,"小山市","小山"],"3238558":[9,"小山市","大字横倉新田","４００"],"3231106":[9,"栃木市","藤岡町都賀"],"3230827":[9,"小山市","神鳥谷"],"3230023":[9,"小山市","中央町"],"3230058":[9,"小山市","大川島"],"3230826":[9,"小山市","雨ケ谷"],"3230013":[9,"小山市","荒井"],"3230828":[9,"小山市","神山"],"3230155":[9,"小山市","福良"],"3230154":[9,"小山市","高椅"]}
