{"0170892":[5,"大館市","片町"],"0170813":[5,"大館市","金坂後"],"0170866":[5,"大館市","北神明町"],"0170832":[5,"大館市","池内道下"],"0170843":[5,"大館市","中町"],"0170874":[5,"大館市","美園町"],"0170884":[5,"大館市","土飛山下"],"0170852":[5,"大館市","小袴"],"0170881":[5,"大館市","長木川南"],"0170054":[5,"大館市","松館"],"0170862":[5,"大館市","根下戸"],"0170205":[5,"鹿角郡小坂町","大地"],"0170886":[5,"大館市","館下"],"0170845":[5,"大館市","泉町"],"0170034":[5,"大館市","下代野"],"0170839":[5,"大館市","中山"],"0170864":[5,"大館市","根下戸新町"],"0170806":[5,"大館市","相染沢中岱"],"0170042":[5,"大館市","観音堂"],"0170045":[5,"大館市","中道"],"0170846":[5,"大館市","常盤木町"],"0170053":[5,"大館市","板子石境"],"0170815":[5,"大館市","部垂町"],"0170882":[5,"大館市","鉄砲場"],"0170885":[5,"大館市","豊町"],"0170024":[5,"大館市","大茂内"],"0170844":[5,"大館市","新町"],"0170875":[5,"大館市","住吉町"],"0170836":[5,"大館市","池内"],"0170041":[5,"大館市","大田面"],"0170001":[5,"大館市","長走"],"0170855":[5,"大館市","櫃崎"],"0170876":[5,"大館市","餅田"],"0170014":[5,"大館市","小釈迦内道上"],"0170861":[5,"大館市","小館町"],"0170812":[5,"大館市","金坂"],"0170888":[5,"大館市","水門前"],"0170052":[5,"大館市","松木"],"0170857":[5,"大館市","出川"],"0170854":[5,"大館市","赤石"],"0170833":[5,"大館市","象ケ鼻"],"0170801":[5,"大館市","一本杉"],"0170043":[5,"大館市","有浦"],"0170012":[5,"大館市","釈迦内"],"0170044":[5,"大館市","御成町"],"0170057":[5,"大館市","沼館"],"0170000":[5,"大館市",""],"0170032":[5,"大館市","新綱"],"0170835":[5,"大館市","小館花"],"0170891":[5,"大館市","中城"],"0170842":[5,"大館市","馬喰町"],"0170803":[5,"大館市","東台"],"0170037":[5,"大館市","清水堰合"],"0170005":[5,"大館市","花岡町"],"0170200":[5,"鹿角郡小坂町",""],"0170293":[5,"鹿角郡小坂町","小坂","字五十刈５－３"],"0170011":[5,"大館市","商人留"],"0170802":[5,"大館市","長根山下"],"0170863":[5,"大館市","根下戸町"],"0170055":[5,"大館市","沼館道上"],"0170847":[5,"大館市","幸町"],"0170824":[5,"大館市","七曲岱"],"0170834":[5,"大館市","池内道上"],"0170015":[5,"大館市","小釈迦内道下"],"0170035":[5,"大館市","代野"],"0170811":[5,"大館市","八幡"],"0170201":[5,"鹿角郡小坂町","小坂"],"0170036":[5,"大館市","二本杉後"],"0170823":[5,"大館市","八幡沢岱"],"0170033":[5,"大館市","下綱"],"0170896":[5,"大館市","大館"],"0170816":[5,"大館市","赤館"],"0170023":[5,"大館市","東"],"0170825":[5,"大館市","一心院南"],"0170026":[5,"大館市","二ツ屋境"],"0170826":[5,"大館市","谷地町後"],"0170872":[5,"大館市","片山町"],"0170878":[5,"大館市","川口"],"0170871":[5,"大館市","片山"],"0170021":[5,"大館市","雪沢"],"0178555":[5,"大館市","字中城","２０"],"0170822":[5,"大館市","桜町南"],"0178567":[5,"大館市","御成町","２丁目３－３８"],"0170821":[5,"大館市","桜町"],"0170056":[5,"大館市","沼館道南"],"0170204":[5,"鹿角郡小坂町","荒谷"],"0170827":[5,"大館市","谷地町"],"0170046":[5,"大館市","清水"],"0170894":[5,"大館市","裏町"],"0170828":[5,"大館市","向町"],"0170867":[5,"大館市","中神明町"],"0178550":[5,"大館市","豊町","３－１"],"0170893":[5,"大館市","桂城"],"0170202":[5,"鹿角郡小坂町","小坂鉱山"],"0178686":[5,"大館市","赤館町","２－１６"],"0170004":[5,"大館市","粕田"],"0170897":[5,"大館市","三ノ丸"],"0170805":[5,"大館市","扇田道下"],"0170031":[5,"大館市","上代野"],"0170292":[5,"鹿角郡小坂町","小坂","字尾樽部３７の２"],"0170838":[5,"大館市","山館"],"0170865":[5,"大館市","城西町"],"0170841":[5,"大館市","大町"],"0170002":[5,"大館市","白沢"],"0170022":[5,"大館市","茂内"],"0170851":[5,"大館市","大披"],"0178585":[5,"大館市","御成町","１丁目１１－２５"],"0170887":[5,"大館市","水門町"],"0170853":[5,"大館市","板沢"],"0170868":[5,"大館市","南神明町"],"0170003":[5,"大館市","橋桁"],"0170804":[5,"大館市","柄沢"],"0170814":[5,"大館市","赤館町"],"0170831":[5,"大館市","青葉町"],"0170873":[5,"大館市","御坂"],"0178510":[5,"大館市","御成町","３丁目７－５８"],"0170025":[5,"大館市","芦田子"],"0170051":[5,"大館市","松峰"],"0170203":[5,"鹿角郡小坂町","上向"],"0170817":[5,"大館市","上町"],"0170837":[5,"大館市","餌釣"],"0170895":[5,"大館市","長倉"],"0170883":[5,"大館市","古川町"],"0170877":[5,"大館市","立花"]}
