{"3120007":[8,"ひたちなか市","小貫山"],"3120031":[8,"ひたちなか市","後台"],"3120042":[8,"ひたちなか市","東大島"],"3120058":[8,"ひたちなか市","西光地"],"3120043":[8,"ひたちなか市","共栄町"],"3120018":[8,"ひたちなか市","笹野町"],"3120051":[8,"ひたちなか市","堂端"],"3120046":[8,"ひたちなか市","勝田泉町"],"3120002":[8,"ひたちなか市","高野"],"3128502":[8,"ひたちなか市","大字武田","１０６０"],"3120041":[8,"ひたちなか市","西大島"],"3120022":[8,"ひたちなか市","金上"],"3120035":[8,"ひたちなか市","枝川"],"3120034":[8,"ひたちなか市","堀口"],"3120056":[8,"ひたちなか市","青葉町"],"3120053":[8,"ひたちなか市","外野"],"3120015":[8,"ひたちなか市","小砂町"],"3120063":[8,"ひたちなか市","田彦"],"3120048":[8,"ひたちなか市","春日町"],"3120014":[8,"ひたちなか市","後野"],"3120047":[8,"ひたちなか市","表町"],"3120057":[8,"ひたちなか市","石川町"],"3120032":[8,"ひたちなか市","津田"],"3120054":[8,"ひたちなか市","はしかべ"],"3120061":[8,"ひたちなか市","稲田"],"3120023":[8,"ひたちなか市","大平"],"3120013":[8,"ひたちなか市","上野"],"3120055":[8,"ひたちなか市","大成町"],"3120016":[8,"ひたちなか市","松戸町"],"3120045":[8,"ひたちなか市","勝田中央"],"3120026":[8,"ひたちなか市","勝田本町"],"3120004":[8,"ひたちなか市","長砂"],"3120011":[8,"ひたちなか市","中根"],"3120001":[8,"ひたちなか市","佐和"],"3120033":[8,"ひたちなか市","市毛"],"3120017":[8,"ひたちなか市","長堀町"],"3120044":[8,"ひたちなか市","元町"],"3128511":[8,"ひたちなか市","大字市毛","８８２番地"],"3120036":[8,"ひたちなか市","津田東"],"3128505":[8,"ひたちなか市","稲田","１４１０番地"],"3120052":[8,"ひたちなか市","東石川"],"3120021":[8,"ひたちなか市","三反田"],"3128503":[8,"ひたちなか市","大字高場","２５２０"],"3128504":[8,"ひたちなか市","大字市毛","８８２番地"],"3120003":[8,"ひたちなか市","足崎"],"3120062":[8,"ひたちなか市","高場"],"3120025":[8,"ひたちなか市","武田"],"3128507":[8,"ひたちなか市","大字堀口","８３２番地の２"],"3120012":[8,"ひたちなか市","馬渡"],"3128508":[8,"ひたちなか市","大字中根","８６６"],"3120005":[8,"ひたちなか市","新光町"],"3120024":[8,"ひたちなか市","勝倉"],"3120000":[8,"ひたちなか市",""],"3128501":[8,"ひたちなか市","東石川","２丁目１０番１号"],"3120027":[8,"ひたちなか市","勝田中原町"],"3120006":[8,"ひたちなか市","前浜"]}
