{"0550004":[1,"沙流郡日高町","富川東"],"0552312":[1,"沙流郡日高町","日高"],"0552316":[1,"沙流郡日高町","三岩"],"0550321":[1,"沙流郡平取町","貫気別"],"0550192":[1,"沙流郡平取町","本町","２８"],"0552315":[1,"沙流郡日高町","富岡"],"0550195":[1,"沙流郡平取町","本町","３５番地１"],"0552307":[1,"沙流郡日高町","松風町"],"0550415":[1,"沙流郡平取町","豊糠"],"0552302":[1,"沙流郡日高町","本町西"],"0550324":[1,"沙流郡平取町","荷負"],"0552311":[1,"沙流郡日高町","日高"],"0550007":[1,"沙流郡日高町","富川西"],"0550325":[1,"沙流郡平取町","長知内"],"0550413":[1,"沙流郡平取町","仁世宇"],"0552313":[1,"沙流郡日高町","日高"],"0550104":[1,"沙流郡平取町","紫雲古津"],"0552314":[1,"沙流郡日高町","千栄"],"0550001":[1,"沙流郡日高町","富川北"],"0550102":[1,"沙流郡平取町","小平"],"0550000":[1,"沙流郡日高町",""],"0550100":[1,"沙流郡平取町",""],"0552309":[1,"沙流郡日高町","若葉町"],"0550101":[1,"沙流郡平取町","二風谷"],"0552305":[1,"沙流郡日高町","新町"],"0550193":[1,"沙流郡平取町","本町","４０－１"],"0552306":[1,"沙流郡日高町","宮下町"],"0550411":[1,"沙流郡平取町","振内町"],"0550323":[1,"沙流郡平取町","芽生"],"0550106":[1,"沙流郡平取町","荷菜"],"0550414":[1,"沙流郡平取町","岩知志"],"0550103":[1,"沙流郡平取町","川向"],"0550006":[1,"沙流郡日高町","富川南"],"0550105":[1,"沙流郡平取町","去場"],"0550322":[1,"沙流郡平取町","旭"],"0552308":[1,"沙流郡日高町","山手町"],"0552301":[1,"沙流郡日高町","本町東"],"0550005":[1,"沙流郡日高町","富浜"],"0550008":[1,"沙流郡日高町","富川駒丘"],"0550002":[1,"沙流郡日高町","平賀"],"0552303":[1,"沙流郡日高町","栄町東"],"0550003":[1,"沙流郡日高町","福満"],"0552304":[1,"沙流郡日高町","栄町西"],"0550107":[1,"沙流郡平取町","本町"],"0550412":[1,"沙流郡平取町","幌毛志"]}
