{"4400824":[23,"豊橋市","瓦町通"],"4400823":[23,"豊橋市","南瓦町"],"4408506":[23,"豊橋市","大国町","１１１豊橋地方合同庁舎６Ｆ"],"4408520":[23,"豊橋市","松葉町","３丁目１０"],"4400021":[23,"豊橋市","多米町"],"4400041":[23,"豊橋市",""],"4408528":[23,"豊橋市","八町通","５丁目４番地"],"4400001":[23,"豊橋市","下条西町"],"4400806":[23,"豊橋市","八町通"],"4400874":[23,"豊橋市","東松山町"],"4408514":[23,"豊橋市","つつじが丘","３丁目３６－４"],"4400836":[23,"豊橋市","飯村町"],"4400876":[23,"豊橋市","西松山町"],"4408512":[23,"豊橋市","牛川町","字松下２０－１"],"4400831":[23,"豊橋市","西岩田"],"4400046":[23,"豊橋市","仲ノ町"],"4400047":[23,"豊橋市","東田仲の町"],"4400076":[23,"豊橋市","大橋通"],"4408511":[23,"豊橋市","牛川町","字松下２０－１"],"4408522":[23,"豊橋市","下地町","字操穴４３"],"4408510":[23,"豊橋市","飯村町","字浜道上５０番地"],"4400888":[23,"豊橋市","駅前大通"],"4400016":[23,"豊橋市","牛川町"],"4408517":[23,"豊橋市","広小路","１丁目６"],"4400862":[23,"豊橋市","向山大池町"],"4400804":[23,"豊橋市","呉服町"],"4400012":[23,"豊橋市","東小鷹野"],"4400031":[23,"豊橋市","北岩田"],"4400832":[23,"豊橋市","岩田町"],"4408519":[23,"豊橋市","瓜郷町","前川２０"],"4400895":[23,"豊橋市","花園町"],"4400027":[23,"豊橋市","多米中町"],"4400884":[23,"豊橋市","大国町"],"4408533":[23,"豊橋市","駅前大通","１丁目５５番地"],"4400055":[23,"豊橋市","前畑町"],"4400081":[23,"豊橋市","大村町"],"4400044":[23,"豊橋市","宮下町"],"4400854":[23,"豊橋市","山田町"],"4400072":[23,"豊橋市","船町"],"4400066":[23,"豊橋市","東田町"],"4408523":[23,"豊橋市","下地町","字長池３６"],"4400891":[23,"豊橋市","関屋町"],"4400094":[23,"豊橋市","川崎町"],"4400005":[23,"豊橋市","緑ケ丘"],"4408502":[23,"豊橋市","牛川町","字下モ田２９－１"],"4400896":[23,"豊橋市","萱町"],"4408515":[23,"豊橋市","八町通","５丁目４番地"],"4400062":[23,"豊橋市","東田町"],"4400815":[23,"豊橋市","中世古町"],"4400065":[23,"豊橋市","仁連木町"],"4400844":[23,"豊橋市","高師町"],"4400025":[23,"豊橋市","井原町"],"4400803":[23,"豊橋市","曲尺手町"],"4400802":[23,"豊橋市","鍛冶町"],"4400838":[23,"豊橋市","三ノ輪町"],"4400822":[23,"豊橋市","伝馬町"],"4408508":[23,"豊橋市","花田町","字石塚４２－１"],"4408543":[23,"豊橋市","小畷町","５９６番地"],"4400034":[23,"豊橋市","豊岡町"],"4400028":[23,"豊橋市","多米東町"],"4400003":[23,"豊橋市","浪の上町"],"4400032":[23,"豊橋市",""],"4400064":[23,"豊橋市","西郷町"],"4400069":[23,"豊橋市","御園町"],"4400053":[23,"豊橋市","老松町"],"4400813":[23,"豊橋市","舟原町"],"4400881":[23,"豊橋市","広小路"],"4400887":[23,"豊橋市","西小田原町"],"4400048":[23,"豊橋市","東田町"],"4400858":[23,"豊橋市","つつじが丘"],"4400885":[23,"豊橋市","中柴町"],"4400843":[23,"豊橋市","東幸町"],"4408504":[23,"豊橋市","大国町","１１１豊橋地方合同庁舎"],"4408527":[23,"豊橋市","小畷町","５９６"],"4408601":[23,"豊橋市","牛川通","４丁目１－２"],"4400851":[23,"豊橋市","前田南町"],"4400892":[23,"豊橋市","新本町"],"4400056":[23,"豊橋市","南旭町"],"4400835":[23,"豊橋市","飯村南"],"4400086":[23,"豊橋市","下地町"],"4400883":[23,"豊橋市","新川町"],"4408532":[23,"豊橋市","駅前大通","１丁目５５番地"],"4400058":[23,"豊橋市","旭本町"],"4400826":[23,"豊橋市","大井町"],"4400872":[23,"豊橋市","前田中町"],"4400038":[23,"豊橋市","平川本町"],"4400856":[23,"豊橋市","鍵田町"],"4400023":[23,"豊橋市","岩田町"],"4400067":[23,"豊橋市","上地町"],"4400864":[23,"豊橋市","向山町"],"4408526":[23,"豊橋市","大村町","字山所１８番地"],"4400865":[23,"豊橋市","向山台町"],"4400045":[23,"豊橋市","吾妻町"],"4400002":[23,"豊橋市","下条東町"],"4400036":[23,"豊橋市","東光町"],"4400837":[23,"豊橋市","三ノ輪町本興寺"],"4400022":[23,"豊橋市","岩崎町"],"4400051":[23,"豊橋市","東雲町"],"4400043":[23,"豊橋市","朝丘町"],"4400073":[23,"豊橋市","湊町"],"4408505":[23,"豊橋市","札木町","４３"],"4400825":[23,"豊橋市","瓦町"],"4400861":[23,"豊橋市","向山西町"],"4400886":[23,"豊橋市","東小田原町"],"4400855":[23,"豊橋市","東小池町"],"4408513":[23,"豊橋市","大橋通","３丁目１１２"],"4408603":[23,"豊橋市","小畷町","５７９"],"4400092":[23,"豊橋市","瓜郷町"],"4400816":[23,"豊橋市","談合町"],"4400013":[23,"豊橋市","西小鷹野"],"4400075":[23,"豊橋市","花田町"],"4400084":[23,"豊橋市","下地町"],"4400877":[23,"豊橋市","南松山町"],"4400875":[23,"豊橋市","中松山町"],"4408521":[23,"豊橋市","下地町","字柳目８"],"4400845":[23,"豊橋市","高師町"],"4400091":[23,"豊橋市","下五井町"],"4400082":[23,"豊橋市","長瀬町"],"4408516":[23,"豊橋市","南牛川","２丁目１－１１"],"4400894":[23,"豊橋市","魚町"],"4400863":[23,"豊橋市","向山東町"],"4400833":[23,"豊橋市",""],"4408524":[23,"豊橋市","下地町","字境田９５－１"],"4400853":[23,"豊橋市","佐藤"],"4400841":[23,"豊橋市","西口町"],"4400042":[23,"豊橋市","栄町"],"4400897":[23,"豊橋市","松葉町"],"4400071":[23,"豊橋市","北島町"],"4400814":[23,"豊橋市","前田町"],"4400011":[23,"豊橋市","牛川通"],"4400006":[23,"豊橋市","牛川町"],"4400827":[23,"豊橋市","池見町"],"4408501":[23,"豊橋市","今橋町","１"],"4400078":[23,"豊橋市","絹田町"],"4400093":[23,"豊橋市","横須賀町"],"4400015":[23,"豊橋市","牛川薬師町"],"4408518":[23,"豊橋市","八町通","５丁目７"],"4400811":[23,"豊橋市","西新町"],"4400052":[23,"豊橋市","住吉町"],"4400821":[23,"豊橋市","春日町"],"4400882":[23,"豊橋市","神明町"],"4400063":[23,"豊橋市","東田中郷町"],"4408604":[23,"豊橋市","駅前大通","１丁目４６番地１豊鉄ターミナルビル５階"],"4400026":[23,"豊橋市","多米西町"],"4400842":[23,"豊橋市","岩屋町"],"4400037":[23,"豊橋市","平川町"],"4400812":[23,"豊橋市","東新町"],"4400004":[23,"豊橋市","忠興"],"4400014":[23,"豊橋市","南牛川"],"4400083":[23,"豊橋市","下地町"],"4400077":[23,"豊橋市","南島町"],"4400068":[23,"豊橋市","東郷町"],"4408507":[23,"豊橋市","大国町","１１１"],"4400085":[23,"豊橋市","下地町"],"4408530":[23,"豊橋市","駅前大通","２丁目２８番地"],"4400857":[23,"豊橋市","堂浦町"],"4400095":[23,"豊橋市","清須町"],"4400893":[23,"豊橋市","札木町"],"4400871":[23,"豊橋市","新吉町"],"4400054":[23,"豊橋市","東田町"],"4400057":[23,"豊橋市","旭町"],"4400801":[23,"豊橋市","今橋町"],"4400805":[23,"豊橋市","大手町"],"4400035":[23,"豊橋市","平川南町"],"4400873":[23,"豊橋市","小畷町"],"4400061":[23,"豊橋市","飽海町"],"4400024":[23,"豊橋市","東田町"],"4408531":[23,"豊橋市","駅前大通","１丁目５５番地"],"4400074":[23,"豊橋市","上伝馬町"],"4408525":[23,"豊橋市","下地町","字天神３４－２"],"4400033":[23,"豊橋市","東岩田"],"4400834":[23,"豊橋市","飯村北"]}
