{"2460013":[14,"横浜市瀬谷区","相沢"],"2460036":[14,"横浜市瀬谷区","北新"],"2460022":[14,"横浜市瀬谷区","三ツ境"],"2468550":[14,"横浜市瀬谷区","北町","２５－９"],"2460021":[14,"横浜市瀬谷区","二ツ橋町"],"2460006":[14,"横浜市瀬谷区","上瀬谷町"],"2460003":[14,"横浜市瀬谷区","瀬谷町"],"2460005":[14,"横浜市瀬谷区","竹村町"],"2460023":[14,"横浜市瀬谷区","阿久和東"],"2460015":[14,"横浜市瀬谷区","本郷"],"2460026":[14,"横浜市瀬谷区","阿久和南"],"2460008":[14,"横浜市瀬谷区","五貫目町"],"2460014":[14,"横浜市瀬谷区","中央"],"2460002":[14,"横浜市瀬谷区","北町"],"2460025":[14,"横浜市瀬谷区","阿久和西"],"2460035":[14,"横浜市瀬谷区","下瀬谷"],"2460004":[14,"横浜市瀬谷区","中屋敷"],"2468556":[14,"横浜市瀬谷区","卸本町","９２７９－６９"],"2460001":[14,"横浜市瀬谷区","卸本町"],"2460034":[14,"横浜市瀬谷区","南瀬谷"],"2460012":[14,"横浜市瀬谷区","東野"],"2460032":[14,"横浜市瀬谷区","南台"],"2468520":[14,"横浜市瀬谷区","橋戸","１丁目２２－１２"],"2460038":[14,"横浜市瀬谷区","宮沢"],"2460000":[14,"横浜市瀬谷区",""],"2460007":[14,"横浜市瀬谷区","目黒町"],"2460031":[14,"横浜市瀬谷区","瀬谷"],"2460011":[14,"横浜市瀬谷区","東野台"],"2460037":[14,"横浜市瀬谷区","橋戸"]}
