{"4750071":[23,"半田市","大伝根町"],"4750814":[23,"半田市","幸町"],"4750872":[23,"半田市","東雲町"],"4750887":[23,"半田市","御幸町"],"4750825":[23,"半田市","前潟町"],"4750903":[23,"半田市","出口町"],"4750844":[23,"半田市","寺町"],"4750938":[23,"半田市","君ケ橋町"],"4750914":[23,"半田市","土井山町"],"4750847":[23,"半田市","畑合町"],"4750003":[23,"半田市","東大矢知町"],"4750916":[23,"半田市","柊町"],"4750952":[23,"半田市","馬捨町"],"4750959":[23,"半田市","桃山町"],"4750944":[23,"半田市","神代町"],"4750083":[23,"半田市","大松町"],"4750805":[23,"半田市","浜田町"],"4750857":[23,"半田市","広小路町"],"4750816":[23,"半田市","源平町"],"4750086":[23,"半田市","庚申町"],"4750974":[23,"半田市","山代町"],"4750062":[23,"半田市","飯森町"],"4750866":[23,"半田市","清水北町"],"4750884":[23,"半田市","西端町"],"4750023":[23,"半田市","亀崎町"],"4750941":[23,"半田市","滑楚町"],"4750078":[23,"半田市","新池町"],"4750836":[23,"半田市","青山"],"4750878":[23,"半田市","東本町"],"4750016":[23,"半田市","西生見町"],"4758666":[23,"半田市","東洋町","２丁目１"],"4750835":[23,"半田市","稲荷町"],"4750864":[23,"半田市","前崎西町"],"4750017":[23,"半田市","有脇町"],"4750042":[23,"半田市","乙川向田町"],"4758601":[23,"半田市","西新町","１番地の１"],"4750831":[23,"半田市","十一号地"],"4750081":[23,"半田市","平地町"],"4750025":[23,"半田市","亀崎大洞町"],"4750863":[23,"半田市","前崎東町"],"4750047":[23,"半田市","乙川北側町"],"4750947":[23,"半田市","砂谷町"],"4750819":[23,"半田市","日ノ出町"],"4750943":[23,"半田市","高峯町"],"4750962":[23,"半田市","岩滑高山町"],"4750039":[23,"半田市","新居町"],"4750924":[23,"半田市","東郷町"],"4750066":[23,"半田市","乙川源内林町"],"4750858":[23,"半田市","泉町"],"4750014":[23,"半田市","一本木町"],"4750978":[23,"半田市","福地町"],"4750871":[23,"半田市","本町"],"4750946":[23,"半田市","横山町"],"4758541":[23,"半田市","亀崎北浦町","２丁目１５－１"],"4750019":[23,"半田市","のぞみが丘"],"4750956":[23,"半田市","三ツ池町"],"4750046":[23,"半田市","乙川市場町"],"4750936":[23,"半田市","板山町"],"4758522":[23,"半田市","雁宿町","１丁目５４－８"],"4750837":[23,"半田市","有楽町"],"4750834":[23,"半田市","冨士ケ丘"],"4750848":[23,"半田市","成岩本町"],"4758550":[23,"半田市","中午町","１７８"],"4750881":[23,"半田市","荒古町"],"4750918":[23,"半田市","雁宿町"],"4750873":[23,"半田市","中村町"],"4750934":[23,"半田市","椎ノ木町"],"4750012":[23,"半田市","東生見町"],"4750063":[23,"半田市","乙川若宮町"],"4750031":[23,"半田市","阿原町"],"4750875":[23,"半田市","山崎町"],"4758668":[23,"半田市","上浜町","１０２"],"4750005":[23,"半田市","横川町"],"4750074":[23,"半田市","長根町"],"4750038":[23,"半田市","祢宜町"],"4750061":[23,"半田市","一ノ草町"],"4750954":[23,"半田市","十三塚町"],"4750027":[23,"半田市","亀崎北浦町"],"4758686":[23,"半田市","宮路町","５０－５"],"4750838":[23,"半田市","旭町"],"4750004":[23,"半田市","上池町"],"4758611":[23,"半田市","川崎町","１丁目１"],"4750000":[23,"半田市",""],"4750024":[23,"半田市","亀崎高根町"],"4750808":[23,"半田市","川田町"],"4750051":[23,"半田市","乙川栄町"],"4750977":[23,"半田市","吉田町"],"4758501":[23,"半田市","出口町","１丁目３６"],"4750056":[23,"半田市","乙川一色町"],"4750921":[23,"半田市","天神町"],"4750953":[23,"半田市","金山町"],"4758585":[23,"半田市","中村町","２丁目６"],"4750065":[23,"半田市","乙川深田町"],"4750958":[23,"半田市","鵜ノ池町"],"4750853":[23,"半田市","南末広町"],"4750923":[23,"半田市","春日町"],"4750856":[23,"半田市","更生町"],"4750902":[23,"半田市","宮路町"],"4750803":[23,"半田市","乙川末広町"],"4750886":[23,"半田市","新川町"],"4750966":[23,"半田市","岩滑西町"],"4750007":[23,"半田市","西大矢知町"],"4750926":[23,"半田市","南二ツ坂町"],"4750851":[23,"半田市","堀崎町"],"4750001":[23,"半田市","石塚町"],"4750883":[23,"半田市","妙見町"],"4750067":[23,"半田市","乙川畑田町"],"4750868":[23,"半田市","西新町"],"4750912":[23,"半田市","白山町"],"4750964":[23,"半田市","平井町"],"4750076":[23,"半田市","横松上町"],"4750806":[23,"半田市","古浜町"],"4750975":[23,"半田市","彦洲町"],"4750813":[23,"半田市","東浜町"],"4750035":[23,"半田市","中億田町"],"4750822":[23,"半田市","浜町"],"4750905":[23,"半田市","岩滑東町"],"4750968":[23,"半田市","丁田町"],"4750961":[23,"半田市","岩滑中町"],"4750002":[23,"半田市","緑ケ丘"],"4750869":[23,"半田市","清水東町"],"4750085":[23,"半田市","小神町"],"4750084":[23,"半田市","向山町"],"4750963":[23,"半田市","平和町"],"4750043":[23,"半田市","乙川浜側町"],"4750972":[23,"半田市","北滑草町"],"4750804":[23,"半田市","上浜町"],"4750022":[23,"半田市","亀崎月見町"],"4750077":[23,"半田市","兀山町"],"4750048":[23,"半田市","乙川稗田町"],"4750846":[23,"半田市","栄町"],"4750862":[23,"半田市","住吉町"],"4750939":[23,"半田市","四方木町"],"4750852":[23,"半田市","北末広町"],"4750917":[23,"半田市","清城町"],"4750904":[23,"半田市","大坪町"],"4758574":[23,"半田市","花園町","６丁目２８－１０"],"4750033":[23,"半田市","日東町"],"4750082":[23,"半田市","前田町"],"4750932":[23,"半田市","鴉根町"],"4750967":[23,"半田市","欠ケ下町"],"4750957":[23,"半田市","奥町"],"4758655":[23,"半田市","御幸町","８"],"4750824":[23,"半田市","新浜町"],"4750922":[23,"半田市","昭和町"],"4750815":[23,"半田市","新栄町"],"4750054":[23,"半田市","乙川町"],"4758555":[23,"半田市","出口町","１丁目４５－１１"],"4750928":[23,"半田市","桐ケ丘"],"4750826":[23,"半田市","神明町"],"4750817":[23,"半田市","東洋町"],"4750058":[23,"半田市","乙川吉野町"],"4758557":[23,"半田市","栄町","３丁目１３"],"4750877":[23,"半田市","勘内町"],"4750915":[23,"半田市","枝山町"],"4750935":[23,"半田市","大湯町"],"4750945":[23,"半田市","池田町"],"4750087":[23,"半田市","大池町"],"4750011":[23,"半田市","稲穂町"],"4750018":[23,"半田市","中生見町"],"4750028":[23,"半田市","亀崎相生町"],"4750942":[23,"半田市","松堀町"],"4750845":[23,"半田市","成岩東町"],"4750885":[23,"半田市","山ノ神町"],"4758511":[23,"半田市","神田町","１丁目１"],"4750008":[23,"半田市","北大矢知町"],"4750965":[23,"半田市","新生町"],"4750041":[23,"半田市","乙川太田町"],"4750828":[23,"半田市","瑞穂町"],"4750855":[23,"半田市","中町"],"4758502":[23,"半田市","宮路町","２００－４"],"4750859":[23,"半田市","天王町"],"4750842":[23,"半田市","郷中町"],"4750901":[23,"半田市","岩滑南浜町"],"4750009":[23,"半田市","上定光町"],"4750015":[23,"半田市","大高町"],"4750865":[23,"半田市","清水西町"],"4750045":[23,"半田市","乙川殿町"],"4750854":[23,"半田市","協和町"],"4750029":[23,"半田市","亀崎常盤町"],"4750064":[23,"半田市","乙川薬師町"],"4750013":[23,"半田市","平地馬場町"],"4750911":[23,"半田市","星崎町"],"4758588":[23,"半田市","泉町","４６"],"4750052":[23,"半田市","乙川高良町"],"4758528":[23,"半田市","州の崎町","２－１２"],"4750021":[23,"半田市","州の崎町"],"4750955":[23,"半田市","行人町"],"4750068":[23,"半田市","乙川西ノ宮町"],"4750801":[23,"半田市","相賀町"],"4750823":[23,"半田市","港町"],"4750951":[23,"半田市","宝来町"],"4750044":[23,"半田市","乙川八幡町"],"4750906":[23,"半田市","岩滑北浜町"],"4750931":[23,"半田市","新宮町"],"4750867":[23,"半田市","榎下町"],"4750827":[23,"半田市","港本町"],"4750925":[23,"半田市","宮本町"],"4750843":[23,"半田市","中島町"],"4750861":[23,"半田市","東新町"],"4750832":[23,"半田市","川崎町"],"4750876":[23,"半田市","東天王町"],"4758599":[23,"半田市","東洋町","２丁目２９"],"4750933":[23,"半田市","新野町"],"4750802":[23,"半田市","西億田町"],"4750948":[23,"半田市","田代町"],"4750971":[23,"半田市","深谷町"],"4750821":[23,"半田市","船入町"],"4750088":[23,"半田市","花田町"],"4750882":[23,"半田市","南本町"],"4750927":[23,"半田市","北二ツ坂町"],"4750937":[23,"半田市","神田町"],"4750036":[23,"半田市","高砂町"],"4758560":[23,"半田市","宮路町","２００－４"],"4750057":[23,"半田市","乙川新町"],"4750026":[23,"半田市","亀崎新田町"],"4750006":[23,"半田市","南大矢知町"],"4750929":[23,"半田市","仲田町"],"4750075":[23,"半田市","苗代町"],"4758510":[23,"半田市","乙川吉野町","３８"],"4750973":[23,"半田市","葭谷町"],"4750055":[23,"半田市","北浜田町"],"4750073":[23,"半田市","美原町"],"4750034":[23,"半田市","東億田町"],"4750976":[23,"半田市","黒石町"],"4750032":[23,"半田市","潮干町"],"4750037":[23,"半田市","中午町"],"4750874":[23,"半田市","銀座本町"],"4750807":[23,"半田市","八軒町"],"4750833":[23,"半田市","花園町"],"4750072":[23,"半田市","七本木町"],"4750053":[23,"半田市","乙川内山町"],"4750841":[23,"半田市","大和町"]}
