{"1158567":[13,"北区","神谷","３丁目４７－４"],"1158588":[13,"北区","志茂","３丁目３１－１２"],"1158622":[13,"北区","浮間","１－４－３"],"1158510":[13,"北区","浮間","５－４－５１"],"1150052":[13,"北区","赤羽北"],"1158511":[13,"北区","赤羽西","６丁目３７－２"],"1150045":[13,"北区","赤羽"],"1158711":[13,"北区","赤羽","１丁目９－５"],"1158555":[13,"北区","赤羽南","２丁目５－１"],"1150043":[13,"北区","神谷"],"1150053":[13,"北区","赤羽台"],"1158585":[13,"北区","赤羽南","２丁目２０－７"],"1150041":[13,"北区","岩淵町"],"1150056":[13,"北区","西が丘"],"1158529":[13,"北区","赤羽南","１丁目２０番１号"],"1150055":[13,"北区","赤羽西"],"1150042":[13,"北区","志茂"],"1150051":[13,"北区","浮間"],"1158524":[13,"北区","赤羽台","４丁目２－１４"],"1150054":[13,"北区","桐ケ丘"],"1158586":[13,"北区","西が丘","３丁目１３－１０"],"1150044":[13,"北区","赤羽南"]}
