{"3310045":[11,"さいたま市西区","内野本郷"],"3318586":[11,"さいたま市北区","宮原町","１丁目９－１３"],"3318588":[11,"さいたま市西区","宮前町","２０３－１"],"3318511":[11,"さいたま市西区","三橋","５丁目１５５５"],"3310077":[11,"さいたま市西区","中釘"],"3310815":[11,"さいたま市北区","大成町"],"3318580":[11,"さいたま市西区","大字中釘","２１５２"],"3310056":[11,"さいたま市西区","三条町"],"3310065":[11,"さいたま市西区","二ツ宮"],"3318513":[11,"さいたま市北区","日進町","２丁目０番地"],"3318633":[11,"さいたま市北区","吉野町","１－４０７－１"],"3310801":[11,"さいたま市北区","今羽町"],"3310063":[11,"さいたま市西区","プラザ"],"3318585":[11,"さいたま市西区","大字高木","８４９"],"3310822":[11,"さいたま市北区","奈良町"],"3310062":[11,"さいたま市西区","土屋"],"3310064":[11,"さいたま市西区","佐知川"],"3318532":[11,"さいたま市北区","大成町","４丁目８３３"],"3319520":[11,"さいたま市北区","吉野町","１丁目４０３"],"3310803":[11,"さいたま市北区","見沼"],"3318533":[11,"さいたま市西区","大字西遊馬","３４５－１"],"3318540":[11,"さいたま市北区","宮原町","４－７－５"],"3310804":[11,"さいたま市北区","土呂町"],"3310825":[11,"さいたま市北区","櫛引町"],"3310000":[11,"さいたま市西区",""],"3318550":[11,"さいたま市北区","日進町","１丁目４０－７"],"3310800":[11,"さいたま市北区",""],"3318560":[11,"さいたま市北区","大成町","４丁目４００"],"3310052":[11,"さいたま市西区","三橋"],"3310074":[11,"さいたま市西区","宝来"],"3310814":[11,"さいたま市北区","東大成町"],"3310053":[11,"さいたま市西区","植田谷本"],"3310071":[11,"さいたま市西区","高木"],"3310812":[11,"さいたま市北区","宮原町"],"3318587":[11,"さいたま市西区","大字指扇","３７４３"],"3319510":[11,"さいたま市北区","吉野町","１丁目４０６－１"],"3310072":[11,"さいたま市西区","平方領々家"],"3310055":[11,"さいたま市西区","昭和"],"3310046":[11,"さいたま市西区","宮前町"],"3310824":[11,"さいたま市北区","上加"],"3318688":[11,"さいたま市北区","土呂町","２丁目６１番地５号"],"3310821":[11,"さいたま市北区","別所町"],"3318552":[11,"さいたま市北区","宮原町","４丁目８４番地"],"3310076":[11,"さいたま市西区","指扇領辻"],"3319624":[11,"さいたま市北区","植竹町","１丁目３２４"],"3318686":[11,"さいたま市北区","吉野町","２丁目２８２番地３"],"3318520":[11,"さいたま市北区","大成町","４丁目８３"],"3310054":[11,"さいたま市西区","島根"],"3310047":[11,"さいたま市西区","指扇"],"3310069":[11,"さいたま市西区","湯木町"],"3318567":[11,"さいたま市北区","東大成町","１丁目５００"],"3318687":[11,"さいたま市北区","宮原町","４丁目２７－１"],"3310073":[11,"さいたま市西区","指扇領別所"],"3310811":[11,"さいたま市北区","吉野町"],"3310813":[11,"さいたま市北区","植竹町"],"3319550":[11,"さいたま市北区","宮原町","２丁目１９－４"],"3310066":[11,"さいたま市西区","塚本"],"3310067":[11,"さいたま市西区","植田谷本村新田"],"3310061":[11,"さいたま市西区","西遊馬"],"3310805":[11,"さいたま市北区","盆栽町"],"3310075":[11,"さいたま市西区","峰岸"],"3310060":[11,"さいたま市西区","塚本町"],"3310058":[11,"さいたま市西区","飯田"],"3319577":[11,"さいたま市北区","宮原町","４－１９－９"],"3310802":[11,"さいたま市北区","本郷町"],"3310057":[11,"さいたま市西区","中野林"],"3318537":[11,"さいたま市北区","日進町","１丁目４０－２"],"3310068":[11,"さいたま市西区","飯田新田"],"3318501":[11,"さいたま市北区","日進町","２丁目１９１７番地"],"3318658":[11,"さいたま市北区","吉野町","２丁目２２２番地１０"],"3310048":[11,"さいたま市西区","清河寺"],"3310049":[11,"さいたま市西区","西新井"],"3310823":[11,"さいたま市北区","日進町"],"3310059":[11,"さいたま市西区","水判土"],"3319530":[11,"さいたま市北区","吉野町","１丁目４０３"]}
