{"4178588":[22,"富士市","中河原","８８"],"4178535":[22,"富士市","伝法","１１８０－１"],"4170843":[22,"富士市","田中新田"],"4170801":[22,"富士市","大淵"],"4178510":[22,"富士市","中里","２６０８－５０"],"4170842":[22,"富士市","三新田"],"4170835":[22,"富士市","柏原"],"4170845":[22,"富士市","大野新田"],"4170847":[22,"富士市","比奈"],"4178570":[22,"富士市","依田橋","６１－１"],"4170037":[22,"富士市","外木"],"4178567":[22,"富士市","高島町","５０"],"4170803":[22,"富士市","桑崎"],"4170051":[22,"富士市","吉原"],"4170000":[22,"富士市",""],"4178533":[22,"富士市","大野新田","３２"],"4178545":[22,"富士市","今泉","２１６０"],"4170864":[22,"富士市","広見本町"],"4178577":[22,"富士市","今泉","２丁目２－９"],"4170026":[22,"富士市","南町"],"4170061":[22,"富士市","伝法"],"4170013":[22,"富士市","鈴川中町"],"4170809":[22,"富士市","中野"],"4170853":[22,"富士市","宇東川東町"],"4170044":[22,"富士市","高嶺町"],"4170851":[22,"富士市","富士見台"],"4170832":[22,"富士市","中柏原新田"],"4178531":[22,"富士市","大淵","２４６６－１"],"4170815":[22,"富士市","増川"],"4170811":[22,"富士市","江尾"],"4170817":[22,"富士市","江尾南"],"4170057":[22,"富士市","瓜島町"],"4170031":[22,"富士市","田島"],"4170035":[22,"富士市","津田町"],"4170003":[22,"富士市","依田橋町"],"4178505":[22,"富士市","西柏原新田","２０１"],"4178601":[22,"富士市","永田町","１丁目１００"],"4170826":[22,"富士市","中里"],"4178512":[22,"富士市","伝法","９０２"],"4170834":[22,"富士市","西柏原新田"],"4178632":[22,"富士市","瓜島町","８２"],"4170071":[22,"富士市","国久保"],"4170042":[22,"富士市","荒田島"],"4170025":[22,"富士市","瓜島"],"4170812":[22,"富士市","境"],"4170831":[22,"富士市","東柏原新田"],"4170004":[22,"富士市","新橋町"],"4178522":[22,"富士市","青島町","２１８"],"4178560":[22,"富士市","新橋町","７－１"],"4178507":[22,"富士市","島田町","２丁目１９８"],"4170822":[22,"富士市","神谷新町"],"4170065":[22,"富士市","弥生新田"],"4170861":[22,"富士市","広見東本町"],"4170824":[22,"富士市","川尻東"],"4170055":[22,"富士市","永田町"],"4178610":[22,"富士市","今井","４丁目１－１"],"4170807":[22,"富士市","神戸"],"4178580":[22,"富士市","大淵","２４１０－１"],"4170833":[22,"富士市","沼田新田"],"4170813":[22,"富士市","船津"],"4170846":[22,"富士市","今井"],"4178609":[22,"富士市","南町","１－４"],"4170047":[22,"富士市","青島町"],"4170052":[22,"富士市","中央町"],"4170021":[22,"富士市","依田原"],"4170805":[22,"富士市","鵜無ケ淵"],"4170063":[22,"富士市","香西新田"],"4178508":[22,"富士市","大淵","２３７３"],"4170804":[22,"富士市","石井"],"4178686":[22,"富士市","青島町","２１２"],"4178566":[22,"富士市","八代町","３番５５号"],"4170806":[22,"富士市","間門"],"4170001":[22,"富士市","今泉"],"4178585":[22,"富士市","今泉","字鴨田７００番地の１"],"4170802":[22,"富士市","今宮"],"4170032":[22,"富士市","田島新田"],"4170808":[22,"富士市","一色"],"4170854":[22,"富士市","宇東川西町"],"4170014":[22,"富士市","鈴川西町"],"4178529":[22,"富士市","伝法","５６０"],"4170823":[22,"富士市","神谷南"],"4170844":[22,"富士市","檜新田"],"4178501":[22,"富士市","今泉","４４１－１"],"4170058":[22,"富士市","永田北町"],"4170814":[22,"富士市","西船津"],"4170054":[22,"富士市","永田"],"4170049":[22,"富士市","緑町"],"4178530":[22,"富士市","田島","３０"],"4178565":[22,"富士市","鈴川本町","９－１"],"4170852":[22,"富士市","原田"],"4170863":[22,"富士市","広見西本町"],"4170841":[22,"富士市","富士岡"],"4170023":[22,"富士市","吉原宝町"],"4178571":[22,"富士市","今泉","２９２１"],"4178550":[22,"富士市","大淵","２５９０－１"],"4170036":[22,"富士市","中河原"],"4170012":[22,"富士市","鈴川東町"],"4170072":[22,"富士市","浅間上町"],"4170033":[22,"富士市","島田町"],"4170056":[22,"富士市","日乃出町"],"4170821":[22,"富士市","神谷"],"4170034":[22,"富士市","津田"],"4170015":[22,"富士市","鈴川町"],"4170062":[22,"富士市","香西"],"4178575":[22,"富士市","大淵","２４２９－３"],"4170043":[22,"富士市","荒田島町"],"4170053":[22,"富士市","依田原新田"],"4170022":[22,"富士市","依田原町"],"4178538":[22,"富士市","永田","６７－１４"],"4178540":[22,"富士市","永田町","１丁目１５０"],"4170045":[22,"富士市","錦町"],"4170048":[22,"富士市","高島町"],"4170024":[22,"富士市","八代町"],"4178555":[22,"富士市","原田","４５１－１"],"4170816":[22,"富士市","増川新町"],"4170825":[22,"富士市","川尻"],"4178650":[22,"富士市","大野新田","３３２－１"],"4178520":[22,"富士市","比奈","７９８"],"4170011":[22,"富士市","鈴川本町"],"4170046":[22,"富士市","青島"],"4170855":[22,"富士市","三ツ沢"],"4170862":[22,"富士市","石坂"],"4170002":[22,"富士市","依田橋"],"4178519":[22,"富士市","中央町","１丁目３－１２"],"4170064":[22,"富士市","弥生"],"4178511":[22,"富士市","中央町","２丁目７－１"],"4178543":[22,"富士市","神谷","９５４－１"],"4178506":[22,"富士市","八代町","４－３０"],"4170041":[22,"富士市","御幸町"],"4170073":[22,"富士市","浅間本町"],"4178503":[22,"富士市","比奈","７６０－１"]}
