{"0408581":[1,"函館市","万代町","２０番２８号"],"0408552":[1,"函館市","中島町","３７番８号"],"0400083":[1,"函館市","八幡町"],"0400024":[1,"函館市","高盛町"],"0408611":[1,"函館市","五稜郭町","３８番３号"],"0408616":[1,"函館市","梁川町","９番５号"],"0408601":[1,"函館市","上新川町","１番８号"],"0400082":[1,"函館市","白鳥町"],"0400071":[1,"函館市","追分町"],"0408588":[1,"函館市","梁川町","１７番１９号"],"0400025":[1,"函館市","堀川町"],"0400005":[1,"函館市","人見町"],"0400065":[1,"函館市","豊川町"],"0408631":[1,"函館市","堀川町","６番２１号"],"0400033":[1,"函館市","千歳町"],"0400032":[1,"函館市","新川町"],"0408541":[1,"函館市","末広町","５番１４号"],"0400044":[1,"函館市","青柳町"],"0400073":[1,"函館市","宮前町"],"0400076":[1,"函館市","浅野町"],"0400043":[1,"函館市","宝来町"],"0400063":[1,"函館市","若松町"],"0400055":[1,"函館市","船見町"],"0408710":[1,"函館市","東雲町","１４番１号"],"0408640":[1,"函館市","海岸町","９番２３号"],"0408580":[1,"函館市","梁川町","１６番２４号"],"0408520":[1,"函館市","本町","２９番１８号"],"0408551":[1,"函館市","杉並町","８番２０号"],"0400037":[1,"函館市","旭町"],"0408603":[1,"函館市","上新川町","１番８号"],"0400041":[1,"函館市","栄町"],"0400001":[1,"函館市","五稜郭町"],"0400031":[1,"函館市","上新川町"],"0408510":[1,"函館市","時任町","２０番１２号"],"0408688":[1,"函館市","五稜郭町","３１番３号"],"0400003":[1,"函館市","松陰町"],"0408642":[1,"函館市","大町","１０番３号"],"0408660":[1,"函館市","大手町","３番１号"],"0408670":[1,"函館市","千歳町","２５番１５号"],"0400042":[1,"函館市","東川町"],"0408512":[1,"函館市","若松町","１７番１２号"],"0408585":[1,"函館市","本町","３３番２号"],"0408511":[1,"函館市","五稜郭町","１５番５号"],"0408530":[1,"函館市","豊川町","１２番１２号"],"0400062":[1,"函館市","大縄町"],"0400078":[1,"函館市","北浜町"],"0400002":[1,"函館市","柳町"],"0408686":[1,"函館市","若松町","３－６"],"0408522":[1,"函館市","東雲町","７番１１号"],"0408609":[1,"函館市","新川町","２５番１８号"],"0400036":[1,"函館市","東雲町"],"0408543":[1,"函館市","杉並町","２３番１１号"],"0408668":[1,"函館市","本町","７番１８号"],"0408555":[1,"函館市","千代台町","２６番３号"],"0400061":[1,"函館市","海岸町"],"0408566":[1,"函館市","五稜郭町","３２番４号"],"0408550":[1,"函館市","新川町","２５番１８号函館地方合同庁舎"],"0408577":[1,"函館市","中島町","７番２１号"],"0400053":[1,"函館市","末広町"],"0400072":[1,"函館市","亀田町"],"0400077":[1,"函館市","吉川町"],"0408720":[1,"函館市","大手町","２番７号"],"0400081":[1,"函館市","田家町"],"0408558":[1,"函館市","若松町","１２番１３号"],"0408561":[1,"函館市","海岸町","２４番４号"],"0400012":[1,"函館市","時任町"],"0400051":[1,"函館市","弁天町"],"0408501":[1,"函館市","大川町","１番２７号"],"0408632":[1,"函館市","末広町","２２番１号"],"0400035":[1,"函館市","松風町"],"0400084":[1,"函館市","大川町"],"0400075":[1,"函館市","万代町"],"0408727":[1,"函館市","若松町","１７番１０号"],"0400054":[1,"函館市","元町"],"0408560":[1,"函館市","本町","６番７号第一生命ビル"],"0400014":[1,"函館市","中島町"],"0400021":[1,"函館市","的場町"],"0408602":[1,"函館市","上新川町","１番８号"],"0408567":[1,"函館市","八幡町","１－２"],"0408502":[1,"函館市","東雲町","５番９号"],"0400057":[1,"函館市","入舟町"],"0408655":[1,"函館市","大手町","１２番８号"],"0400064":[1,"函館市","大手町"],"0400034":[1,"函館市","大森町"],"0400000":[1,"函館市",""],"0408717":[1,"函館市","若松町","１５番７号"],"0400011":[1,"函館市","本町"],"0400023":[1,"函館市","宇賀浦町"],"0408680":[1,"函館市","千歳町","１３－１"],"0408610":[1,"函館市","梁川町","１０番２５号"],"0400022":[1,"函館市","日乃出町"],"0400056":[1,"函館市","弥生町"],"0400004":[1,"函館市","杉並町"],"0400013":[1,"函館市","千代台町"],"0408666":[1,"函館市","東雲町","４番１３号"],"0400052":[1,"函館市","大町"],"0408605":[1,"函館市","弁天町","２０番３号"],"0400046":[1,"函館市","谷地頭町"],"0400045":[1,"函館市","住吉町"],"0408533":[1,"函館市","新川町","２５番１８号"],"0400015":[1,"函館市","梁川町"],"0400074":[1,"函館市","松川町"]}
