{"4860923":[23,"春日井市","下条町"],"4868524":[23,"春日井市","鷹来町","字上仲田３９０５－３"],"4860931":[23,"春日井市","松新町"],"4860936":[23,"春日井市","町田町"],"4860906":[23,"春日井市","下屋敷町"],"4860846":[23,"春日井市","朝宮町"],"4860908":[23,"春日井市","西屋町"],"4860826":[23,"春日井市","貴船町"],"4860925":[23,"春日井市","中切町"],"4860803":[23,"春日井市","西山町"],"4860805":[23,"春日井市","岩野町"],"4860813":[23,"春日井市","金ケ口町"],"4860838":[23,"春日井市","弥生町"],"4860924":[23,"春日井市","下津町"],"4860943":[23,"春日井市","角崎町"],"4860941":[23,"春日井市","勝川新町"],"4860827":[23,"春日井市","小木田町"],"4868588":[23,"春日井市","如意申町","５丁目１１－３"],"4868585":[23,"春日井市","味美町","２丁目１５６"],"4860904":[23,"春日井市","宮町"],"4860821":[23,"春日井市","神領町"],"4860855":[23,"春日井市","関田町"],"4860825":[23,"春日井市","中央通"],"4860901":[23,"春日井市","牛山町"],"4860967":[23,"春日井市","味美西本町"],"4860948":[23,"春日井市","天神町"],"4860857":[23,"春日井市","浅山町"],"4860947":[23,"春日井市","知多町"],"4860949":[23,"春日井市","惣中町"],"4860926":[23,"春日井市","小野町"],"4860917":[23,"春日井市","美濃町"],"4860818":[23,"春日井市","東野町西"],"4860954":[23,"春日井市","南花長町"],"4860832":[23,"春日井市","乙輪町"],"4860824":[23,"春日井市","割塚町"],"4860929":[23,"春日井市","旭町"],"4860964":[23,"春日井市","宗法町"],"4860937":[23,"春日井市","細木町"],"4860961":[23,"春日井市","春日井上ノ町"],"4860828":[23,"春日井市","堀ノ内町北"],"4860842":[23,"春日井市","六軒屋町"],"4860814":[23,"春日井市","北城町"],"4868575":[23,"春日井市","鳥居松町","７丁目４３－２"],"4860963":[23,"春日井市","春日井町"],"4860830":[23,"春日井市","神領町北"],"4860945":[23,"春日井市","勝川町"],"4860915":[23,"春日井市","八幡町"],"4860820":[23,"春日井市","熊野町北"],"4860903":[23,"春日井市","前並町"],"4860946":[23,"春日井市","勝川町西"],"4860914":[23,"春日井市","若草通"],"4860802":[23,"春日井市","桃山町"],"4860849":[23,"春日井市","八田町"],"4860853":[23,"春日井市","穴橋町"],"4860823":[23,"春日井市","桜佐町"],"4860957":[23,"春日井市","中野町"],"4868515":[23,"春日井市","鳥居松町","３丁目６５番地"],"4860809":[23,"春日井市","町屋町"],"4860935":[23,"春日井市","森山田町"],"4860811":[23,"春日井市","東山町"],"4860854":[23,"春日井市","林島町"],"4860833":[23,"春日井市","上条町"],"4860966":[23,"春日井市","上ノ町"],"4860837":[23,"春日井市","春見町"],"4860829":[23,"春日井市","堀ノ内町"],"4860934":[23,"春日井市","長塚町"],"4860909":[23,"春日井市","四ツ家町"],"4860844":[23,"春日井市","鳥居松町"],"4860816":[23,"春日井市","東野新町"],"4860831":[23,"春日井市","ことぶき町"],"4860962":[23,"春日井市","中町"],"4860911":[23,"春日井市","西高山町"],"4860815":[23,"春日井市","十三塚町"],"4860858":[23,"春日井市","菅大臣町"],"4860922":[23,"春日井市","篠田町"],"4860927":[23,"春日井市","柏井町"],"4868686":[23,"春日井市","鳥居松町","５丁目４４番地"],"4860921":[23,"春日井市","杁ケ島町"],"4860845":[23,"春日井市","瑞穂通"],"4860916":[23,"春日井市","八光町"],"4868567":[23,"春日井市","御幸町","１丁目３－１"],"4860812":[23,"春日井市","大泉寺町"],"4860928":[23,"春日井市","妙慶町"],"4868555":[23,"春日井市","美濃町","３丁目２０－１８"],"4860835":[23,"春日井市","月見町"],"4860932":[23,"春日井市","松河戸町"],"4868666":[23,"春日井市","愛知町","１"],"4868510":[23,"春日井市","鷹来町","１丁目１番地１"],"4860834":[23,"春日井市","王子町"],"4860913":[23,"春日井市","柏原町"],"4860839":[23,"春日井市","六軒屋町西"],"4860807":[23,"春日井市","大手町"],"4860801":[23,"春日井市","上田楽町"],"4860851":[23,"春日井市","篠木町"],"4860836":[23,"春日井市","八事町"],"4860942":[23,"春日井市","神明町"],"4860956":[23,"春日井市","中新町"],"4860907":[23,"春日井市","黒鉾町"],"4860955":[23,"春日井市","二子町"],"4860958":[23,"春日井市","西本町"],"4860841":[23,"春日井市","南下原町"],"4860905":[23,"春日井市","稲口町"],"4860969":[23,"春日井市","味美白山町"],"4868540":[23,"春日井市","鳥居松町","４丁目８３"],"4868501":[23,"春日井市","大手田酉町","３丁目１３－１８"],"4860953":[23,"春日井市","御幸町"],"4868550":[23,"春日井市","西山町","無番地"],"4860856":[23,"春日井市","梅ケ坪町"],"4860806":[23,"春日井市","大手田酉町"],"4860918":[23,"春日井市","如意申町"],"4860944":[23,"春日井市","大和通"],"4868511":[23,"春日井市","鳥居松町","５丁目４５"],"4860951":[23,"春日井市","花長町"],"4860819":[23,"春日井市","下原町"],"4860968":[23,"春日井市","味美町"],"4860804":[23,"春日井市","鷹来町"],"4860952":[23,"春日井市","追進町"],"4860817":[23,"春日井市","東野町"],"4860902":[23,"春日井市","新開町"],"4860822":[23,"春日井市","熊野町"],"4860933":[23,"春日井市","愛知町"],"4860965":[23,"春日井市","味美上ノ町"],"4860852":[23,"春日井市","下市場町"],"4860808":[23,"春日井市","田楽町"],"4868522":[23,"春日井市","鷹来町","字下仲田４０１７"],"4860912":[23,"春日井市","高山町"],"4860000":[23,"春日井市",""]}
