{"2890101":[12,"成田市","小浮"],"2892106":[12,"匝瑳市","飯塚"],"2891747":[12,"山武郡横芝光町","曽根合"],"2890632":[12,"香取郡東庄町","窪野谷"],"2892200":[12,"香取郡多古町",""],"2890338":[12,"香取市","下小川"],"2891600":[12,"山武郡芝山町",""],"2892521":[12,"旭市","ハ"],"2891306":[12,"山武市","白幡"],"2891754":[12,"山武郡横芝光町","坂田"],"2891304":[12,"山武市","井之内"],"2892504":[12,"旭市","ニ"],"2890304":[12,"香取市","下小堀"],"2891701":[12,"山武郡横芝光町","篠本"],"2890692":[12,"香取郡東庄町","笹川い","５７９－１"],"2891507":[12,"山武市","松尾町小川"],"2892615":[12,"旭市","長尾"],"2890602":[12,"香取郡東庄町","笹川ろ"],"2891192":[12,"八街市","八街","ほ３５－２９"],"2892147":[12,"匝瑳市","飯倉"],"2890106":[12,"成田市","小野"],"2892503":[12,"旭市","江ケ崎"],"2892241":[12,"香取郡多古町","多古"],"2890217":[12,"香取郡神崎町","藤の台"],"2891626":[12,"山武郡芝山町","新井田新田"],"2891505":[12,"山武市","松尾町金尾"],"2892253":[12,"香取郡多古町","南借当"],"2890621":[12,"香取郡東庄町","大友"],"2890203":[12,"香取郡神崎町","大貫"],"2891742":[12,"山武郡横芝光町","牛熊"],"2891206":[12,"山武市","日向台"],"2890507":[12,"旭市","清和甲"],"2892168":[12,"匝瑳市","久方"],"2892524":[12,"旭市","神宮寺"],"2891105":[12,"八街市","泉台"],"2890225":[12,"香取郡神崎町","十三間戸"],"2892305":[12,"香取郡多古町","大高"],"2891606":[12,"山武郡芝山町","山田"],"2890405":[12,"香取市","竹之内"],"2892292":[12,"香取郡多古町","多古","５８４"],"2891334":[12,"山武市","和田"],"2891333":[12,"山武市","市場"],"2891727":[12,"山武郡横芝光町","宮川"],"2891201":[12,"山武市","板川"],"2890637":[12,"香取郡東庄町","小貝野"],"2892144":[12,"匝瑳市","八日市場イ"],"2891300":[12,"山武市",""],"2890192":[12,"成田市","猿山","１０８０"],"2891313":[12,"山武市","上横地"],"2892124":[12,"匝瑳市","登戸"],"2892312":[12,"香取郡多古町","谷三倉"],"2892701":[12,"旭市","狢野"],"2892134":[12,"匝瑳市","横須賀"],"2890506":[12,"旭市","さくら台"],"2893183":[12,"匝瑳市","新堀"],"2891613":[12,"山武郡芝山町","下吹入"],"2891526":[12,"山武市","松尾町水深"],"2891321":[12,"山武市","富田"],"2891533":[12,"山武市","松尾町広根"],"2892324":[12,"香取郡多古町","川島"],"2892302":[12,"香取郡多古町","桧木"],"2890123":[12,"成田市","四谷"],"2892532":[12,"旭市","駒込"],"2890612":[12,"香取郡東庄町","石出"],"2892245":[12,"香取郡多古町","牛尾"],"2892167":[12,"匝瑳市","亀崎"],"2891593":[12,"山武市","松尾町五反田","３０１２"],"2891113":[12,"八街市","八街へ"],"2892515":[12,"旭市","西足洗"],"2890408":[12,"香取市","神生"],"2891793":[12,"山武郡横芝光町","宮川","１１９０２"],"2892705":[12,"旭市","飯岡"],"2890512":[12,"旭市","南堀之内"],"2890411":[12,"香取市","府馬"],"2892177":[12,"匝瑳市","金原"],"2891317":[12,"山武市","小泉"],"2891298":[12,"山武市","埴谷","１８８４－１"],"2891222":[12,"山武市","板中新田"],"2892325":[12,"香取郡多古町","南玉造"],"2891131":[12,"八街市","希望ケ丘"],"2891303":[12,"山武市","松ヶ谷"],"2891625":[12,"山武郡芝山町","新井田"],"2891751":[12,"山武郡横芝光町","長山台"],"2891716":[12,"山武郡横芝光町","芝崎南"],"2892121":[12,"匝瑳市","東小笹"],"2891801":[12,"山武市","蓮沼イ"],"2892317":[12,"香取郡多古町","井戸山"],"2890214":[12,"香取郡神崎町","毛成"],"2890126":[12,"成田市","新川"],"2891738":[12,"山武郡横芝光町","鳥喰上"],"2891618":[12,"山武郡芝山町","山中"],"2892173":[12,"匝瑳市","飯高"],"2890337":[12,"香取市","木内"],"2891524":[12,"山武市","松尾町祝田"],"2890421":[12,"香取市","鳩山"],"2891516":[12,"山武市","松尾町田越"],"2890502":[12,"旭市","長部"],"2891122":[12,"八街市","四木"],"2890323":[12,"香取市","岡飯田"],"2890204":[12,"香取郡神崎町","四季の丘"],"2891605":[12,"山武郡芝山町","大台"],"2890401":[12,"香取市","米野井"],"2891217":[12,"山武市","下布田"],"2892257":[12,"香取郡多古町","南中"],"2891126":[12,"八街市","沖"],"2891211":[12,"山武市","大木"],"2890423":[12,"香取市","小川"],"2892595":[12,"旭市","ニ","１９２０"],"2890426":[12,"香取市","山倉"],"2892516":[12,"旭市","ロ"],"2890103":[12,"成田市","高"],"2893186":[12,"匝瑳市","川辺"],"2892603":[12,"旭市","大間手"],"2890342":[12,"香取市","竜谷"],"2890517":[12,"旭市","萬力"],"2890616":[12,"香取郡東庄町","高部"],"2892616":[12,"旭市","見広"],"2892123":[12,"匝瑳市","長谷"],"2890321":[12,"香取市","阿玉川"],"2890226":[12,"香取郡神崎町","神崎神宿"],"2891733":[12,"山武郡横芝光町","栗山"],"2892611":[12,"旭市","倉橋"],"2891711":[12,"山武郡横芝光町","小川台"],"2892102":[12,"匝瑳市","椿"],"2890349":[12,"香取市","内野"],"2891342":[12,"山武市","島戸"],"2891745":[12,"山武郡横芝光町","小堤"],"2890308":[12,"香取市","木内虫幡上小堀入会地大平"],"2891513":[12,"山武市","松尾町猿尾"],"2890222":[12,"香取郡神崎町","並木"],"2890216":[12,"香取郡神崎町","植房"],"2891103":[12,"八街市","八街に"],"2890292":[12,"香取郡神崎町","神崎本宿","１６３"],"2892164":[12,"匝瑳市","木積"],"2890313":[12,"香取市","小見川"],"2892316":[12,"香取郡多古町","寺作"],"2891594":[12,"山武市","松尾町大堤","５４６"],"2892153":[12,"匝瑳市","中台"],"2890424":[12,"香取市","新里"],"2891748":[12,"山武郡横芝光町","於幾"],"2891218":[12,"山武市","武勝"],"2891328":[12,"山武市","湯坂"],"2890301":[12,"香取市","一ノ分目"],"2891746":[12,"山武郡横芝光町","寺方"],"2891525":[12,"山武市","松尾町本水深"],"2890402":[12,"香取市","小見"],"2891731":[12,"山武郡横芝光町","古川"],"2890636":[12,"香取郡東庄町","東和田"],"2891724":[12,"山武郡横芝光町","原方"],"2892235":[12,"香取郡多古町","間倉"],"2891517":[12,"山武市","松尾町下大蔵"],"2891134":[12,"八街市","大谷流"],"2891301":[12,"山武市","木戸"],"2892614":[12,"旭市","江ケ崎"],"2891104":[12,"八街市","文違"],"2892107":[12,"匝瑳市","米持"],"2890328":[12,"香取市","五郷内"],"2892125":[12,"匝瑳市","西小笹"],"2890111":[12,"成田市","名木"],"2892232":[12,"香取郡多古町","喜多"],"2891706":[12,"山武郡横芝光町","市野原"],"2890393":[12,"香取市","羽根川","３８"],"2892604":[12,"旭市","高生"],"2890114":[12,"成田市","成井"],"2891322":[12,"山武市","富田幸谷"],"2891221":[12,"山武市","実門"],"2890625":[12,"香取郡東庄町","夏目"],"2891601":[12,"山武郡芝山町","香山新田"],"2891804":[12,"山武市","蓮沼平"],"2891753":[12,"山武郡横芝光町","取立"],"2891204":[12,"山武市","戸田"],"2892311":[12,"香取郡多古町","本三倉"],"2891111":[12,"八街市","大木"],"2893185":[12,"匝瑳市","堀川"],"2891621":[12,"山武郡芝山町","牧野"],"2892511":[12,"旭市","イ"],"2892163":[12,"匝瑳市","南神崎"],"2891224":[12,"山武市","美杉野"],"2891535":[12,"山武市","松尾町折戸"],"2892244":[12,"香取郡多古町","船越"],"2891527":[12,"山武市","松尾町大堤"],"2891504":[12,"山武市","松尾町古和"],"2890406":[12,"香取市","田部"],"2891326":[12,"山武市","成東"],"2892135":[12,"匝瑳市","高野"],"2893181":[12,"匝瑳市","野手"],"2890100":[12,"香取郡神崎町",""],"2892145":[12,"匝瑳市","若潮町"],"2891715":[12,"山武郡横芝光町","芝崎"],"2890492":[12,"香取市","仁良","３００番地１"],"2892192":[12,"匝瑳市","今泉","６４７４"],"2890223":[12,"香取郡神崎町","小松"],"2891392":[12,"山武市","殿台","２９６"],"2892174":[12,"匝瑳市","公崎"],"2892713":[12,"旭市","萩園"],"2891112":[12,"八街市","木原"],"2890503":[12,"旭市","溝原"],"2891341":[12,"山武市","野堀"],"2890631":[12,"香取郡東庄町","平山"],"2891325":[12,"山武市","島"],"2891737":[12,"山武郡横芝光町","鳥喰下"],"2890125":[12,"成田市","滑川"],"2892169":[12,"匝瑳市","吉田"],"2892197":[12,"匝瑳市","八日市場イ","２６１４"],"2890335":[12,"香取市","北原地新田"],"2890215":[12,"香取郡神崎町","古原"],"2892154":[12,"匝瑳市","富岡"],"2890413":[12,"香取市","志高"],"2891803":[12,"山武市","蓮沼ホ"],"2891107":[12,"八街市","八街は"],"2891138":[12,"八街市","用草"],"2890515":[12,"旭市","入野"],"2892505":[12,"旭市","鎌数"],"2891602":[12,"山武郡芝山町","菱田"],"2891702":[12,"山武郡横芝光町","二又"],"2891213":[12,"山武市","雨坪"],"2891314":[12,"山武市","下横地"],"2892133":[12,"匝瑳市","蕪里"],"2890345":[12,"香取市","八本"],"2892246":[12,"香取郡多古町","千田"],"2890613":[12,"香取郡東庄町","東今泉"],"2891142":[12,"八街市","大関"],"2890333":[12,"香取市","入会地"],"2890348":[12,"香取市","織幡"],"2891725":[12,"山武郡横芝光町","尾垂"],"2892113":[12,"匝瑳市","平木"],"2890336":[12,"香取市","新々田"],"2891592":[12,"山武市","松尾町下大蔵","４５３－１"],"2890322":[12,"香取市","下飯田"],"2891707":[12,"山武郡横芝光町","新井"],"2892103":[12,"匝瑳市","宮本"],"2892142":[12,"匝瑳市","八日市場ニ"],"2892252":[12,"香取郡多古町","南和田"],"2890601":[12,"香取郡東庄町","笹川い"],"2891108":[12,"八街市","雁丸"],"2892702":[12,"旭市","塙"],"2891607":[12,"山武郡芝山町","朝倉"],"2890635":[12,"香取郡東庄町","神田"],"2893182":[12,"匝瑳市","今泉"],"2892166":[12,"匝瑳市","新"],"2892146":[12,"匝瑳市","八日市場ホ"],"2892304":[12,"香取郡多古町","高津原"],"2892607":[12,"旭市","幾世"],"2891736":[12,"山武郡横芝光町","新島"],"2892523":[12,"旭市","中谷里"],"2890305":[12,"香取市","分郷"],"2891802":[12,"山武市","蓮沼ロ"],"2891144":[12,"八街市","八街ろ"],"2892321":[12,"香取郡多古町","東松崎"],"2890124":[12,"成田市","西大須賀"],"2890622":[12,"香取郡東庄町","小座"],"2890516":[12,"旭市","米込"],"2890412":[12,"香取市","古内"],"2891141":[12,"八街市","富山"],"2890213":[12,"香取郡神崎町","新"],"2892301":[12,"香取郡多古町","出沼"],"2891703":[12,"山武郡横芝光町","傍示戸"],"2890306":[12,"香取市","上小堀"],"2891805":[12,"山武市","蓮沼ニ"],"2891615":[12,"山武郡芝山町","境"],"2890501":[12,"旭市","清和乙"],"2892255":[12,"香取郡多古町","南並木"],"2891514":[12,"山武市","松尾町松尾"],"2892149":[12,"匝瑳市","貝塚"],"2892512":[12,"旭市","東足洗"],"2891749":[12,"山武郡横芝光町","両国新田"],"2890344":[12,"香取市","白井"],"2892313":[12,"香取郡多古町","次浦"],"2891892":[12,"山武市","蓮沼ハ","４８３２番地１"],"2890302":[12,"香取市","三ノ分目"],"2891502":[12,"山武市","松尾町引越"],"2891756":[12,"山武郡横芝光町","長倉"],"2891537":[12,"山武市","松尾町借毛本郷"],"2891732":[12,"山武郡横芝光町","横芝"],"2891215":[12,"山武市","矢部"],"2891717":[12,"山武郡横芝光町","虫生"],"2892171":[12,"匝瑳市","内山"],"2892152":[12,"匝瑳市","松山"],"2891121":[12,"八街市","砂"],"2892606":[12,"旭市","清滝"],"2890617":[12,"香取郡東庄町","羽計"],"2890403":[12,"香取市","川上"],"2890113":[12,"成田市","倉水"],"2891345":[12,"山武市","津辺"],"2891714":[12,"山武郡横芝光町","母子"],"2892613":[12,"旭市","後草"],"2891344":[12,"山武市","新泉"],"2890347":[12,"香取市","旗鉾"],"2890600":[12,"香取郡東庄町",""],"2891327":[12,"山武市","姫島"],"2891752":[12,"山武郡横芝光町","姥山"],"2892101":[12,"匝瑳市","春海"],"2892531":[12,"旭市","井戸野"],"2891612":[12,"山武郡芝山町","上吹入"],"2890407":[12,"香取市","仁良"],"2892132":[12,"匝瑳市","高"],"2892501":[12,"旭市","新町"],"2892711":[12,"旭市","岩崎"],"2891511":[12,"山武市","松尾町蕪木"],"2891744":[12,"山武郡横芝光町","木戸台"],"2891297":[12,"山武市","横田","５１６番地"],"2890329":[12,"香取市","布野"],"2891136":[12,"八街市","根古谷"],"2890104":[12,"成田市","冬父"],"2892534":[12,"旭市","泉川"],"2890115":[12,"成田市","地蔵原新田"],"2891617":[12,"山武郡芝山町","殿部田"],"2890626":[12,"香取郡東庄町","八重穂"],"2892703":[12,"旭市","八木"],"2891534":[12,"山武市","松尾町下野"],"2892243":[12,"香取郡多古町","島"],"2891302":[12,"山武市","小松"],"2891323":[12,"山武市","富口"],"2891203":[12,"山武市","麻生新田"],"2891135":[12,"八街市","小谷流"],"2891311":[12,"山武市","早船"],"2890325":[12,"香取市","貝塚"],"2891100":[12,"八街市",""],"2892176":[12,"匝瑳市","大堀"],"2892706":[12,"旭市","下永井"],"2891316":[12,"山武市","五木田"],"2891531":[12,"山武市","松尾町木刀"],"2892251":[12,"香取郡多古町","北中"],"2892533":[12,"旭市","大塚原"],"2891506":[12,"山武市","松尾町上大蔵"],"2892247":[12,"香取郡多古町","水戸"],"2891692":[12,"山武郡芝山町","小池","９９２"],"2891335":[12,"山武市","板附"],"2891521":[12,"山武市","松尾町本柏"],"2891522":[12,"山武市","松尾町高富"],"2891106":[12,"八街市","榎戸"],"2890117":[12,"成田市","七沢"],"2890121":[12,"成田市","大菅"],"2891704":[12,"山武郡横芝光町","富下"],"2891124":[12,"八街市","山田台"],"2891137":[12,"八街市","岡田"],"2892601":[12,"旭市","松ケ谷"],"2890514":[12,"旭市","関戸"],"2890212":[12,"香取郡神崎町","武田"],"2890341":[12,"香取市","虫幡"],"2890326":[12,"香取市","阿玉台"],"2892178":[12,"匝瑳市","安久山"],"2891312":[12,"山武市","柴原"],"2891205":[12,"山武市","椎崎"],"2890592":[12,"旭市","南堀之内","１０"],"2892234":[12,"香取郡多古町","五反田"],"2891115":[12,"八街市","八街ほ"],"2890619":[12,"香取郡東庄町","今郡"],"2891132":[12,"八街市","勢田"],"2890108":[12,"成田市","高岡"],"2890504":[12,"旭市","櫻井"],"2892605":[12,"旭市","琴田"],"2891743":[12,"山武郡横芝光町","谷台"],"2891143":[12,"八街市","八街い"],"2892502":[12,"旭市","琴田"],"2890414":[12,"香取市","長岡"],"2891622":[12,"山武郡芝山町","宝馬"],"2892162":[12,"匝瑳市","南山崎"],"2892136":[12,"匝瑳市","時曽根"],"2890202":[12,"香取郡神崎町","郡"],"2892254":[12,"香取郡多古町","東輝"],"2892114":[12,"匝瑳市","上谷中"],"2892715":[12,"旭市","権田沼新田"],"2892175":[12,"匝瑳市","片子"],"2892143":[12,"匝瑳市","八日市場ロ"],"2891145":[12,"八街市","みどり台"],"2891503":[12,"山武市","松尾町谷津"],"2891315":[12,"山武市","草深"],"2892707":[12,"旭市","行内"],"2892231":[12,"香取郡多古町","飯笹"],"2891726":[12,"山武郡横芝光町","木戸"],"2891608":[12,"山武郡芝山町","岩山"],"2890224":[12,"香取郡神崎町","松崎"],"2892322":[12,"香取郡多古町","坂"],"2892303":[12,"香取郡多古町","大門"],"2890314":[12,"香取市","野田"],"2890623":[12,"香取郡東庄町","宮野台"],"2892714":[12,"旭市","三川"],"2891331":[12,"山武市","川崎"],"2890614":[12,"香取郡東庄町","宮本"],"2891603":[12,"山武郡芝山町","大里"],"2891708":[12,"山武郡横芝光町","篠本根切"],"2891214":[12,"山武市","森"],"2890634":[12,"香取郡東庄町","舟戸"],"2892314":[12,"香取郡多古町","西古内"],"2891792":[12,"山武郡横芝光町","横芝","６３６"],"2890107":[12,"成田市","猿山"],"2891226":[12,"山武市","横田"],"2891343":[12,"山武市","真行寺"],"2890105":[12,"成田市","中里"],"2890312":[12,"香取市","本郷"],"2891212":[12,"山武市","木原"],"2891216":[12,"山武市","植草"],"2892100":[12,"匝瑳市",""],"2890102":[12,"成田市","野馬込"],"2891614":[12,"山武郡芝山町","宮崎"],"2892513":[12,"旭市","野中"],"2892233":[12,"香取郡多古町","林"],"2890332":[12,"香取市","南原地新田"],"2890303":[12,"香取市","富田"],"2891806":[12,"山武市","蓮沼ハ"],"2891722":[12,"山武郡横芝光町","目篠"],"2891755":[12,"山武郡横芝光町","坂田池"],"2892141":[12,"匝瑳市","八日市場ハ"],"2891735":[12,"山武郡横芝光町","屋形"],"2892115":[12,"匝瑳市","東谷"],"2892165":[12,"匝瑳市","田久保"],"2892612":[12,"旭市","蛇園"],"2892148":[12,"匝瑳市","飯倉台"],"2891700":[12,"山武郡横芝光町",""],"2890205":[12,"香取郡神崎町","今"],"2890201":[12,"香取郡神崎町","高谷"],"2892525":[12,"旭市","仁玉"],"2891305":[12,"山武市","本須賀"],"2892157":[12,"匝瑳市","堀之内"],"2890112":[12,"成田市","青山"],"2892155":[12,"匝瑳市","八辺"],"2891616":[12,"山武郡芝山町","高谷"],"2890331":[12,"香取市","羽根川"],"2891116":[12,"八街市","中央"],"2892122":[12,"匝瑳市","吉崎"],"2891536":[12,"山武市","松尾町下之郷"],"2890343":[12,"香取市","山川"],"2892131":[12,"匝瑳市","みどり平"],"2890627":[12,"香取郡東庄町","粟野"],"2891324":[12,"山武市","殿台"],"2892242":[12,"香取郡多古町","染井"],"2891515":[12,"山武市","松尾町富士見台"],"2892111":[12,"匝瑳市","川向"],"2892522":[12,"旭市","足川"],"2890334":[12,"香取市","川頭"],"2892104":[12,"匝瑳市","生尾"],"2890505":[12,"旭市","萬歳"],"2890109":[12,"成田市","大和田"],"2890404":[12,"香取市","高野"],"2892704":[12,"旭市","上永井"],"2892256":[12,"香取郡多古町","中村新田"],"2892105":[12,"匝瑳市","山桑"],"2891757":[12,"山武郡横芝光町","遠山"],"2892535":[12,"旭市","川口"],"2892179":[12,"匝瑳市","小高"],"2892712":[12,"旭市","横根"],"2891202":[12,"山武市","中津田"],"2891532":[12,"山武市","松尾町武野里"],"2890122":[12,"成田市","高倉"],"2892315":[12,"香取郡多古町","御所台"],"2890425":[12,"香取市","大角"],"2890422":[12,"香取市","桐谷"],"2890211":[12,"香取郡神崎町","立野"],"2891501":[12,"山武市","松尾町山室"],"2891739":[12,"山武郡横芝光町","鳥喰新田"],"2890513":[12,"旭市","舟戸"],"2891693":[12,"山武郡芝山町","小池","２７００－１"],"2892151":[12,"匝瑳市","大浦"],"2892236":[12,"香取郡多古町","一鍬田"],"2891101":[12,"八街市","朝日"],"2891318":[12,"山武市","寺崎"],"2891223":[12,"山武市","埴谷"],"2890511":[12,"旭市","鏑木"],"2892323":[12,"香取郡多古町","方田"],"2890618":[12,"香取郡東庄町","谷津"],"2891611":[12,"山武郡芝山町","小原子"],"2891723":[12,"山武郡横芝光町","上原"],"2891125":[12,"八街市","上砂"],"2892602":[12,"旭市","岩井"],"2891114":[12,"八街市","東吉田"],"2891619":[12,"山武郡芝山町","芝山"],"2891523":[12,"山武市","松尾町五反田"],"2892306":[12,"香取郡多古町","十余三"],"2891623":[12,"山武郡芝山町","高田"],"2890324":[12,"香取市","和泉"],"2890221":[12,"香取郡神崎町","神崎本宿"],"2890611":[12,"香取郡東庄町","新宿"],"2891123":[12,"八街市","滝台"],"2891512":[12,"山武市","松尾町八田"],"2891713":[12,"山武郡横芝光町","小田部"],"2890311":[12,"香取市","八日市場"],"2890346":[12,"香取市","油田"],"2892156":[12,"匝瑳市","長岡"],"2891741":[12,"山武郡横芝光町","中台"],"2891225":[12,"山武市","沖渡"],"2891712":[12,"山武郡横芝光町","台"],"2891705":[12,"山武郡横芝光町","宝米"],"2892198":[12,"匝瑳市","八日市場ハ","７９３番地２"],"2891624":[12,"山武郡芝山町","小池"],"2890518":[12,"旭市","秋田"],"2892708":[12,"旭市","平松"],"2891734":[12,"山武郡横芝光町","北清水"],"2892161":[12,"匝瑳市","入山崎"],"2890615":[12,"香取郡東庄町","青馬"],"2890624":[12,"香取郡東庄町","小南"],"2891102":[12,"八街市","沖渡"],"2890327":[12,"香取市","久保"],"2892172":[12,"匝瑳市","城下"],"2891133":[12,"八街市","吉倉"],"2892112":[12,"匝瑳市","荻野"],"2892514":[12,"旭市","椎名内"],"2890116":[12,"成田市","名古屋"],"2891721":[12,"山武郡横芝光町","谷中"],"2891604":[12,"山武郡芝山町","飯櫃"],"2892108":[12,"匝瑳市","大寺"],"2890633":[12,"香取郡東庄町","大久保"],"2893184":[12,"匝瑳市","栢田"],"2891332":[12,"山武市","親田"],"2890307":[12,"香取市","増田"],"2890392":[12,"香取市","阿玉川","１１０３"],"2892500":[12,"旭市",""]}
