{"1028123":[13,"千代田区","飯田橋","３丁目１１－６"],"1028016":[13,"千代田区","富士見","２丁目７－２ステージビルディング１４階"],"1028362":[13,"千代田区","四番町","４－２"],"1028540":[13,"千代田区","麹町","４丁目１－４西脇ビル"],"1028462":[13,"千代田区","飯田橋","３丁目１０－１０"],"1028170":[13,"千代田区","富士見","１丁目１１－２１"],"1028161":[13,"千代田区","富士見","２丁目１０－４１"],"1028633":[13,"千代田区","平河町","２丁目３－６"],"1028080":[13,"千代田区","麹町","１丁目７"],"1028531":[13,"千代田区","麹町","１丁目６－９"],"1028240":[13,"千代田区","九段北","３丁目３－１２"],"1028322":[13,"千代田区","北の丸公園","３"],"1028144":[13,"千代田区","富士見","２－１３－３"],"1028101":[13,"千代田区","飯田橋","２丁目１０－８"],"1020081":[13,"千代田区","四番町"],"1028373":[13,"千代田区","一番町","１２"],"1028411":[13,"千代田区","一番町","１９"],"1028132":[13,"千代田区","富士見","２丁目１５－３"],"1028185":[13,"千代田区","九段北","２丁目４－１"],"1028556":[13,"千代田区","紀尾井町","３－２７"],"1028429":[13,"千代田区","二番町","８－８"],"1028302":[13,"千代田区","富士見","１－８－１９"],"1028025":[13,"千代田区","紀尾井町","３－２３"],"1028215":[13,"千代田区","九段北","４丁目３－１一口坂中央ビル"],"1028465":[13,"千代田区","六番町","６－２８"],"1028484":[13,"千代田区","麹町","１丁目１０麹町広洋ビル"],"1028201":[13,"千代田区","九段北","１丁目１４－６"],"1028588":[13,"千代田区","三番町","６－８警察共済ビル"],"1028481":[13,"千代田区","麹町","５丁目１"],"1028688":[13,"千代田区","九段南","１丁目２－１"],"1028407":[13,"千代田区","一番町","２９－６"],"1028117":[13,"千代田区","飯田橋","２丁目１８－３"],"1028573":[13,"千代田区","飯田橋","２丁目１８－４"],"1028559":[13,"千代田区","紀尾井町","３－２３文芸春秋ビル新館"],"1020092":[13,"千代田区","隼町"],"1028637":[13,"千代田区","九段南","３丁目５－９"],"1028171":[13,"千代田区","富士見","１丁目２－２１"],"1028309":[13,"千代田区","九段南","１丁目２－１"],"1028460":[13,"千代田区","飯田橋","３丁目１０－１０"],"1028440":[13,"千代田区","二番町","３－１３"],"1020072":[13,"千代田区","飯田橋"],"1028140":[13,"千代田区","富士見","１丁目６－１"],"1028488":[13,"千代田区","九段北","１丁目１１－５森会館"],"1028225":[13,"千代田区","九段南","１丁目１－１５九段第２合同庁舎"],"1028314":[13,"千代田区","九段南","２丁目３－１４靖国九段南ビル"],"1028218":[13,"千代田区","九段北","１丁目６－４日新ビル５Ｆ"],"1028510":[13,"千代田区","一番町","２１番地"],"1028182":[13,"千代田区","九段北","４丁目２－３８"],"1028528":[13,"千代田区","麹町","３－２"],"1028311":[13,"千代田区","九段南","１丁目１－１５"],"1028445":[13,"千代田区","富士見","２丁目１７－１"],"1028578":[13,"千代田区","紀尾井町","４－１"],"1028382":[13,"千代田区","一番町","６－６"],"1028431":[13,"千代田区","三番町","６－１"],"1028160":[13,"千代田区","富士見","２丁目１７－１"],"1028427":[13,"千代田区","二番町","８－８"],"1028251":[13,"千代田区","五番町","１２－５"],"1028232":[13,"千代田区","九段南","４丁目７番１６号市ヶ谷ＫＴビルＩ"],"1028607":[13,"千代田区","三番町","６－８警察共済ビル"],"1028468":[13,"千代田区","六番町","４番地"],"1028410":[13,"千代田区","一番町","２２－１一番町セントラルビル"],"1028211":[13,"千代田区","九段北","４丁目２－４"],"1028246":[13,"千代田区","九段北","３－１－１"],"1028470":[13,"千代田区","六番町","１４－１"],"1028139":[13,"千代田区","富士見","１丁目３－８"],"1028336":[13,"千代田区","三番町","６－１６"],"1028612":[13,"千代田区","平河町","２丁目１０－１"],"1028377":[13,"千代田区","五番町","５"],"1028341":[13,"千代田区","三番町","２２"],"1028277":[13,"千代田区","九段南","４丁目７－３"],"1028333":[13,"千代田区","三番町","６－５"],"1028435":[13,"千代田区","二番町","８－８"],"1028419":[13,"千代田区","一番町","２５"],"1020071":[13,"千代田区","富士見"],"1028015":[13,"千代田区","一番町","２１"],"1028120":[13,"千代田区","飯田橋","１丁目１２－７"],"1028798":[13,"千代田区","富士見","２丁目１４－２３"],"1028187":[13,"千代田区","九段北","４丁目２－２９"],"1028466":[13,"千代田区","二番町","８－８"],"1028432":[13,"千代田区","二番町","８－８"],"1028668":[13,"千代田区","五番町","７－２"],"1020075":[13,"千代田区","三番町"],"1028332":[13,"千代田区","三番町","２番地"],"1028426":[13,"千代田区","二番町","８－８"],"1028364":[13,"千代田区","九段南","１丁目２－１"],"1028451":[13,"千代田区","四番町","５"],"1028186":[13,"千代田区","九段北","３丁目２－４メヂカルフレンドビル"],"1028689":[13,"千代田区","一番町","１５－２１"],"1028543":[13,"千代田区","紀尾井町","３－１２"],"1028575":[13,"千代田区","九段北","４丁目２－１市ヶ谷東急ビル"],"1028205":[13,"千代田区","九段北","１丁目１４－１６"],"1028105":[13,"千代田区","飯田橋","２丁目１８－２"],"1028474":[13,"千代田区","麹町","１丁目３"],"1028166":[13,"千代田区","富士見","１丁目１１－５"],"1028533":[13,"千代田区","麹町","４丁目４－１ＴＫ麹町ビル８Ｆ"],"1028679":[13,"千代田区","五番町","１２－１"],"1028421":[13,"千代田区","二番町","４－２"],"1028414":[13,"千代田区","三番町","９－１５ホスピタルプラザビル"],"1028530":[13,"千代田区","麹町","５丁目７－２"],"1028081":[13,"千代田区","九段南","１丁目１－１０"],"1028557":[13,"千代田区","紀尾井町","３－２８"],"1020085":[13,"千代田区","六番町"],"1028550":[13,"千代田区","二番町","３番地麹町スクエア７Ｆ"],"1028122":[13,"千代田区","飯田橋","２丁目１６－９"],"1028226":[13,"千代田区","九段南","１丁目１－１５"],"1028645":[13,"千代田区","平河町","２丁目６－２"],"1028305":[13,"千代田区","九段南","１丁目２－１"],"1028383":[13,"千代田区","一番町","２３－３"],"1028077":[13,"千代田区","富士見","１丁目３－１１富士見デュープレックスＢ’ｓ"],"1028511":[13,"千代田区","麹町","４丁目５"],"1028520":[13,"千代田区","麹町","１丁目１０－１"],"1028656":[13,"千代田区","隼町","４－１"],"1028151":[13,"千代田区","富士見","２丁目１０－２６"],"1028518":[13,"千代田区","麹町","２丁目４麹町鶴屋八幡ビル７階"],"1028138":[13,"千代田区","富士見","２丁目１４番１５号"],"1028303":[13,"千代田区","九段南","４丁目６－１３－７０４"],"1020076":[13,"千代田区","五番町"],"1028483":[13,"千代田区","麹町","１丁目４－４"],"1028321":[13,"千代田区","北の丸公園","２－３"],"1028350":[13,"千代田区","三番町","５"],"1028604":[13,"千代田区","麹町","３丁目７－４秩父屋ビル７階"],"1028236":[13,"千代田区","五番町","６番２号ホーマットホライゾンビル"],"1028178":[13,"千代田区","富士見","２丁目１５－１"],"1028628":[13,"千代田区","九段南","２丁目１－２１"],"1028405":[13,"千代田区","一番町","２９－６"],"1028611":[13,"千代田区","平河町","２丁目４－１６"],"1028619":[13,"千代田区","平河町","２丁目１３－３読売情報開発ビル５Ｆ"],"1028415":[13,"千代田区","二番町","８－８"],"1028370":[13,"千代田区","四番町","６－１１"],"1028231":[13,"千代田区","九段北","１丁目９－１２九段下ビル６Ｆ"],"1028504":[13,"千代田区","麹町","５丁目２－１"],"1028264":[13,"千代田区","九段南","４丁目４－１"],"1028671":[13,"千代田区","九段南","３丁目５－９"],"1020091":[13,"千代田区","北の丸公園"],"1028176":[13,"千代田区","富士見","１丁目６－１富士見ビル"],"1028335":[13,"千代田区","三番町","３０－２財協ビル"],"1028618":[13,"千代田区","平河町","２丁目１３－３"],"1028447":[13,"千代田区","四番町","２番地１２"],"1028125":[13,"千代田区","飯田橋","１丁目１２－５"],"1028627":[13,"千代田区","九段南","３丁目５－９"],"1028250":[13,"千代田区","九段北","４丁目１－３飛栄九段北ビル"],"1028109":[13,"千代田区","九段北","４丁目２－１"],"1028417":[13,"千代田区","二番町","８－８"],"1028402":[13,"千代田区","一番町","１６共同ビル"],"1028324":[13,"千代田区","紀尾井町","３－２３"],"1028142":[13,"千代田区","富士見","１丁目４－４"],"1028420":[13,"千代田区","一番町","１０オーロラビル"],"1028642":[13,"千代田区","平河町","２丁目７－４"],"1028452":[13,"千代田区","二番町","８－８"],"1028455":[13,"千代田区","二番町","８－８"],"1020094":[13,"千代田区","紀尾井町"],"1028602":[13,"千代田区","麹町","３丁目７－４秩父屋ビル７階"],"1028630":[13,"千代田区","平河町","２丁目７番９号ＪＡ共済ビル"],"1028660":[13,"千代田区","九段南","１丁目３－１"],"1028424":[13,"千代田区","飯田橋","２丁目１－１１"],"1028558":[13,"千代田区","紀尾井町","３－１２"],"1028310":[13,"千代田区","九段南","４丁目７－１３"],"1028601":[13,"千代田区","平河町","２丁目４－９地共済センタービル"],"1028275":[13,"千代田区","九段南","４丁目８－２４"],"1028614":[13,"千代田区","平河町","１丁目１－８"],"1028644":[13,"千代田区","二番町","１４番地日テレ麹町ビル南館３Ｆ"],"1028433":[13,"千代田区","二番町","１１－５"],"1028678":[13,"千代田区","一番町","３１"],"1028503":[13,"千代田区","麹町","５丁目２－１"],"1028118":[13,"千代田区","九段北","３丁目３－５"],"1028353":[13,"千代田区","六番町","４－５"],"1020084":[13,"千代田区","二番町"],"1028666":[13,"千代田区","四番町","５－３"],"1028262":[13,"千代田区","九段南","２丁目３－１８"],"1028222":[13,"千代田区","九段北","４丁目３－２９"],"1028680":[13,"千代田区","九段北","４丁目２－２９"],"1028515":[13,"千代田区","紀尾井町","３－２３文芸春秋ビル新館"],"1028632":[13,"千代田区","九段南","３丁目５－９"],"1028085":[13,"千代田区","九段南","１丁目６－１１"],"1028552":[13,"千代田区","富士見","１丁目３－１１富士見デュープレックスＢ’ｓ"],"1028567":[13,"千代田区","紀尾井町","４－７"],"1028112":[13,"千代田区","飯田橋","３丁目１３－１"],"1028019":[13,"千代田区","五番町","６－２ホーマットホライゾンビル５Ｆ"],"1028609":[13,"千代田区","平河町","２丁目１３－３"],"1028631":[13,"千代田区","平河町","１丁目１－１ニューワダビル"],"1028265":[13,"千代田区","九段南","４丁目８－１３"],"1028024":[13,"千代田区","富士見","１－８－１９"],"1028610":[13,"千代田区","平河町","２丁目４－２全国都市会館内"],"1028554":[13,"千代田区","紀尾井町","７－１"],"1028320":[13,"千代田区","九段南","２丁目３－１８"],"1028508":[13,"千代田区","飯田橋","３丁目６番５号"],"1028685":[13,"千代田区","紀尾井町","３－６紀尾井町パークビル８Ｆ"],"1028230":[13,"千代田区","九段北","４丁目１番３４号九段明善堂ビル"],"1028260":[13,"千代田区","九段南","４丁目３－１２"],"1028506":[13,"千代田区","麹町","１丁目１－１"],"1028650":[13,"千代田区","麹町","５丁目１番地"],"1028238":[13,"千代田区","麹町","３丁目－１"],"1028620":[13,"千代田区","平河町","１丁目８－３"],"1028188":[13,"千代田区","九段北","１丁目１３－５"],"1028585":[13,"千代田区","紀尾井町","１－２"],"1028461":[13,"千代田区","飯田橋","３丁目１０－１０"],"1028580":[13,"千代田区","紀尾井町","６－１２紀尾井町福田家ビル"],"1028150":[13,"千代田区","富士見","２丁目１５－１１"],"1028177":[13,"千代田区","富士見","２丁目１３－３"],"1028357":[13,"千代田区","三番町","１２番地"],"1020074":[13,"千代田区","九段南"],"1028437":[13,"千代田区","二番町","８－８"],"1028438":[13,"千代田区","二番町","１２－８ロイヤルビルディング"],"1020073":[13,"千代田区","九段北"],"1028110":[13,"千代田区","一番町","６一番町ＳＱＵＡＲＥ"],"1028349":[13,"千代田区","三番町","８番１"],"1028529":[13,"千代田区","麹町","５丁目１－６"],"1028241":[13,"千代田区","九段北","４丁目１－２０"],"1028255":[13,"千代田区","九段南","２丁目３－１４靖国九段南ビル"],"1028626":[13,"千代田区","九段南","３丁目５－９"],"1028464":[13,"千代田区","六番町","１"],"1028570":[13,"千代田区","紀尾井町","３－３"],"1028152":[13,"千代田区","富士見","２丁目１１－３"],"1028502":[13,"千代田区","九段北","４丁目１－２０"],"1020082":[13,"千代田区","一番町"],"1028489":[13,"千代田区","麹町","２－４－１麹町大通りビル８階"],"1028184":[13,"千代田区","九段北","１丁目１４－１９乳業会館"],"1028012":[13,"千代田区","二番町","５－２５二番町センタービル"],"1028301":[13,"千代田区","九段北","４丁目１－１３ニュー原鉄ビル２Ｆ"],"1028313":[13,"千代田区","麹町","４－３－２９パシフィックシティ麹町３階"],"1028130":[13,"千代田区","飯田橋","３丁目１０－８"],"1028011":[13,"千代田区","六番町","４－６"],"1028795":[13,"千代田区","九段南","１丁目２－１"],"1028388":[13,"千代田区","一番町","２５"],"1028584":[13,"千代田区","富士見","１－８－１９"],"1028082":[13,"千代田区","九段南","１丁目１－１０"],"1028008":[13,"千代田区","紀尾井町","３－２３"],"1028459":[13,"千代田区","四番町","７"],"1028603":[13,"千代田区","平河町","２丁目６－４"],"1028155":[13,"千代田区","一番町","４番地４"],"1028406":[13,"千代田区","一番町","２９－６"],"1028555":[13,"千代田区","紀尾井町","３－６秀和紀尾井町パークビル６Ｆ"],"1028175":[13,"千代田区","富士見","２丁目１５－１０"],"1028430":[13,"千代田区","二番町","５－１"],"1028401":[13,"千代田区","紀尾井町","３－２３文芸春秋ビル新館"],"1028522":[13,"千代田区","三番町","３－８泉館三番町"],"1028677":[13,"千代田区","九段南","４丁目３－１５"],"1028128":[13,"千代田区","飯田橋","２丁目１０－１０"],"1028131":[13,"千代田区","富士見","１丁目１－８"],"1028456":[13,"千代田区","二番町","８－８"],"1028617":[13,"千代田区","九段南","３丁目５－９"],"1028141":[13,"千代田区","富士見","１丁目２－２７"],"1028172":[13,"千代田区","富士見","１丁目１１－２"],"1028667":[13,"千代田区","九段北","１丁目１３－１２"],"1028372":[13,"千代田区","五番町","１－１"],"1028331":[13,"千代田区","一番町","２１"],"1028577":[13,"千代田区","紀尾井町","３－２３"],"1028181":[13,"千代田区","九段北","１丁目８－１０"],"1028288":[13,"千代田区","九段南","４丁目８－３２"],"1028103":[13,"千代田区","飯田橋","４－４－１５"],"1028102":[13,"千代田区","飯田橋","３丁目３－１"],"1028569":[13,"千代田区","紀尾井町","３－６"],"1020083":[13,"千代田区","麹町"],"1028083":[13,"千代田区","九段南","１丁目１－１０"],"1028228":[13,"千代田区","九段北","１丁目１１－２"],"1028381":[13,"千代田区","一番町","１"],"1028651":[13,"千代田区","隼町","４－２"],"1028613":[13,"千代田区","平河町","１丁目２－１０"],"1028635":[13,"千代田区","平河町","２丁目４－２"],"1028018":[13,"千代田区","三番町","６－２三番町弥生館４階"],"1028356":[13,"千代田区","三番町","５"],"1028234":[13,"千代田区","九段北","１丁目１２－３０"],"1028272":[13,"千代田区","九段南","１丁目６－１７"],"1028111":[13,"千代田区","飯田橋","３丁目６－５"],"1028450":[13,"千代田区","二番町","８－８"],"1028621":[13,"千代田区","平河町","１丁目４－９"],"1028516":[13,"千代田区","麹町","１丁目４"],"1028560":[13,"千代田区","紀尾井町","６－３"],"1020093":[13,"千代田区","平河町"],"1028477":[13,"千代田区","麹町","１丁目７"],"1028571":[13,"千代田区","紀尾井町","７－１"],"1028639":[13,"千代田区","平河町","１丁目６－８平河町貝坂ビル"],"1028539":[13,"千代田区","麹町","５丁目４"],"1028030":[13,"千代田区","麹町","３－３－６"],"1028541":[13,"千代田区","紀尾井町","３－２７"]}
