{"3180104":[8,"高萩市","中戸川"],"3180101":[8,"高萩市","横川"],"3180033":[8,"高萩市","本町"],"3180032":[8,"高萩市","大和町"],"3180000":[8,"高萩市",""],"3180005":[8,"高萩市","望海"],"3180013":[8,"高萩市","高浜町"],"3180021":[8,"高萩市","安良川"],"3188511":[8,"高萩市","本町","１丁目１００番１号"],"3180024":[8,"高萩市","秋山"],"3180002":[8,"高萩市","高戸"],"3188501":[8,"高萩市","赤浜","１６０番地の１"],"3180003":[8,"高萩市","下手綱"],"3180031":[8,"高萩市","春日町"],"3180014":[8,"高萩市","東本町"],"3180001":[8,"高萩市","赤浜"],"3180025":[8,"高萩市","福平"],"3180102":[8,"高萩市","若栗"],"3180004":[8,"高萩市","上手綱"],"3180012":[8,"高萩市","有明町"],"3180106":[8,"高萩市","下君田"],"3180023":[8,"高萩市","島名"],"3180105":[8,"高萩市","上君田"],"3180103":[8,"高萩市","大能"],"3180011":[8,"高萩市","肥前町"],"3180034":[8,"高萩市","高萩"],"3180022":[8,"高萩市","石滝"]}
