{"1608377":[13,"新宿区","西新宿","４丁目３２－２２"],"1606107":[13,"新宿区","西新宿住友不動産新宿グランドタワー"],"1608361":[13,"新宿区","西新宿","１丁目４－１１"],"1606108":[13,"新宿区","西新宿住友不動産新宿グランドタワー"],"1608374":[13,"新宿区","西新宿","６丁目１２－３０"],"1608587":[13,"新宿区","内藤町","８７四谷区民センター３・４Ｆ"],"1600000":[13,"新宿区",""],"1608306":[13,"新宿区","西新宿","５丁目２５－１１"],"1606137":[13,"新宿区","西新宿住友不動産新宿グランドタワー"],"1608581":[13,"新宿区","内藤町","８７番"],"1608444":[13,"新宿区","新宿","１丁目２－７あいおい損保・新宿東共同ビル"],"1606103":[13,"新宿区","西新宿住友不動産新宿グランドタワー"],"1608530":[13,"新宿区","三栄町","２４"],"1606112":[13,"新宿区","西新宿住友不動産新宿グランドタワー"],"1606101":[13,"新宿区","西新宿住友不動産新宿グランドタワー"],"1606121":[13,"新宿区","西新宿住友不動産新宿グランドタワー"],"1608547":[13,"新宿区","本塩町","１９"],"1606139":[13,"新宿区","西新宿住友不動産新宿グランドタワー"],"1600011":[13,"新宿区","若葉"],"1608422":[13,"新宿区","新宿","３丁目１番１３号"],"1608331":[13,"新宿区","西新宿","７丁目５－２５西新宿木村屋ビルディング"],"1600021":[13,"新宿区","歌舞伎町"],"1608321":[13,"新宿区","西新宿","１丁目１－４"],"1606127":[13,"新宿区","西新宿住友不動産新宿グランドタワー"],"1608001":[13,"新宿区","西新宿","１丁目１－３"],"1608319":[13,"新宿区","西新宿","１丁目５－１"],"1600018":[13,"新宿区","須賀町"],"1608515":[13,"新宿区","四谷","１丁目７"],"1600022":[13,"新宿区","新宿"],"1608309":[13,"新宿区","西新宿","１丁目８－３小田急明治生命ビル"],"1608535":[13,"新宿区","信濃町","３４番ＪＲ信濃町ビル５階"],"1608423":[13,"新宿区","新宿","２－１９－１ビッグス新宿ビル８階"],"1608488":[13,"新宿区","歌舞伎町","２丁目４４－１"],"1606129":[13,"新宿区","西新宿住友不動産新宿グランドタワー"],"1608389":[13,"新宿区","四谷","３丁目３－１富士・国保連ビル７Ｆ"],"1606135":[13,"新宿区","西新宿住友不動産新宿グランドタワー"],"1608308":[13,"新宿区","西新宿","６丁目３－１新宿アイランドウイング"],"1606116":[13,"新宿区","西新宿住友不動産新宿グランドタワー"],"1600015":[13,"新宿区","大京町"],"1608330":[13,"新宿区","西新宿","２丁目２－１"],"1608408":[13,"新宿区","新宿","５丁目１７番１８号Ｈ＆Ｉビル"],"1606119":[13,"新宿区","西新宿住友不動産新宿グランドタワー"],"1606130":[13,"新宿区","西新宿住友不動産新宿グランドタワー"],"1608549":[13,"新宿区","坂町","２７－５"],"1608529":[13,"新宿区","荒木町","２－３"],"1606132":[13,"新宿区","西新宿住友不動産新宿グランドタワー"],"1608410":[13,"新宿区","新宿","１丁目３１番１２号"],"1608429":[13,"新宿区","新宿","１丁目６－３"],"1600003":[13,"新宿区","本塩町"],"1606114":[13,"新宿区","西新宿住友不動産新宿グランドタワー"],"1608510":[13,"新宿区","四谷","２丁目４"],"1608571":[13,"新宿区","愛住町","２２第三山田ビル４Ｆ"],"1606117":[13,"新宿区","西新宿住友不動産新宿グランドタワー"],"1608447":[13,"新宿区","新宿","６丁目２７番３０号新宿イーストサイドスクエア２階"],"1608575":[13,"新宿区","本塩町","１３"],"1608521":[13,"新宿区","南元町","１８"],"1608582":[13,"新宿区","信濃町","３５"],"1608403":[13,"新宿区","四谷","４丁目１６－３日本生命新宿御苑前ビル"],"1608430":[13,"新宿区","新宿","６丁目２７番３０号新宿イーストサイドスクエア"],"1600013":[13,"新宿区","霞ケ丘町"],"1600006":[13,"新宿区","舟町"],"1608543":[13,"新宿区","坂町","２６番地"],"1608489":[13,"新宿区","歌舞伎町","２丁目４２－１０"],"1606134":[13,"新宿区","西新宿住友不動産新宿グランドタワー"],"1600012":[13,"新宿区","南元町"],"1606111":[13,"新宿区","西新宿住友不動産新宿グランドタワー"],"1600007":[13,"新宿区","荒木町"],"1608565":[13,"新宿区","大京町","２２－１"],"1600002":[13,"新宿区","坂町"],"1608472":[13,"新宿区","歌舞伎町","１丁目４－１"],"1606125":[13,"新宿区","西新宿住友不動産新宿グランドタワー"],"1606122":[13,"新宿区","西新宿住友不動産新宿グランドタワー"],"1608577":[13,"新宿区","西新宿","７丁目５－２５"],"1608368":[13,"新宿区","西新宿","１丁目２３－７新宿ファーストウエスト１６Ｆ"],"1608336":[13,"新宿区","西新宿","３丁目２－９"],"1608520":[13,"新宿区","南元町","１９"],"1606113":[13,"新宿区","西新宿住友不動産新宿グランドタワー"],"1606126":[13,"新宿区","西新宿住友不動産新宿グランドタワー"],"1608070":[13,"新宿区","信濃町","１８"],"1608316":[13,"新宿区","西新宿","１丁目７－２スバルビル"],"1608301":[13,"新宿区","西新宿","７丁目８－１０オークラヤビル"],"1608334":[13,"新宿区","西新宿","３丁目２－１１新宿三井２号館１４Ｆ"],"1606138":[13,"新宿区","西新宿住友不動産新宿グランドタワー"],"1608485":[13,"新宿区","歌舞伎町","１丁目４－１"],"1608351":[13,"新宿区","新宿","５丁目１４－６長府新宿ビル"],"1608586":[13,"新宿区","信濃町","９－７"],"1608433":[13,"新宿区","新宿","５丁目６－１１"],"1606106":[13,"新宿区","西新宿住友不動産新宿グランドタワー"],"1608338":[13,"新宿区","西新宿","１丁目２６－１"],"1608512":[13,"新宿区","四谷","４丁目２８－７"],"1608375":[13,"新宿区","西新宿","１丁目２３－７新宿ファーストウエスト"],"1608311":[13,"新宿区","西新宿","５丁目１０－１４西新宿橋谷田ビル２Ｆ"],"1606102":[13,"新宿区","西新宿住友不動産新宿グランドタワー"],"1608415":[13,"新宿区","新宿","７丁目２７－１９"],"1606109":[13,"新宿区","西新宿住友不動産新宿グランドタワー"],"1606131":[13,"新宿区","西新宿住友不動産新宿グランドタワー"],"1608588":[13,"新宿区","信濃町","８"],"1606104":[13,"新宿区","西新宿住友不動産新宿グランドタワー"],"1608501":[13,"新宿区","左門町","４四谷アネックス"],"1608327":[13,"新宿区","西新宿","７丁目５番２５号西新宿木村屋ビルディング"],"1606123":[13,"新宿区","西新宿住友不動産新宿グランドタワー"],"1608402":[13,"新宿区","新宿","６丁目１－１"],"1608910":[13,"新宿区","新宿","１丁目１－１３"],"1608358":[13,"新宿区","西新宿","１丁目５－１"],"1608401":[13,"新宿区","新宿","３丁目３０－１１"],"1600017":[13,"新宿区","左門町"],"1608366":[13,"新宿区","西新宿","６丁目２４－１西新宿三井ビルディング６Ｆ"],"1600014":[13,"新宿区","内藤町"],"1606124":[13,"新宿区","西新宿住友不動産新宿グランドタワー"],"1608524":[13,"新宿区","新宿","６丁目２８－１"],"1600008":[13,"新宿区","三栄町"],"1608324":[13,"新宿区","西新宿","６丁目２４－１西新宿三井ビルディング２４Ｆ"],"1608522":[13,"新宿区","南元町","６－２"],"1606110":[13,"新宿区","西新宿住友不動産新宿グランドタワー"],"1608341":[13,"新宿区","新宿","５－１５－５新宿三光町ビル"],"1606118":[13,"新宿区","西新宿住友不動産新宿グランドタワー"],"1600005":[13,"新宿区","愛住町"],"1608431":[13,"新宿区","新宿","５丁目９番２号"],"1608407":[13,"新宿区","新宿","７丁目２６－９フィオーレ東京"],"1608484":[13,"新宿区","歌舞伎町","１丁目４－１"],"1608487":[13,"新宿区","歌舞伎町","１丁目３０－１"],"1600023":[13,"新宿区","西新宿"],"1606190":[13,"新宿区","西新宿住友不動産新宿グランドタワー"],"1608450":[13,"新宿区","四谷","４丁目３４－１新宿御苑前アネックスビル４Ｆ"],"1606115":[13,"新宿区","西新宿住友不動産新宿グランドタワー"],"1600004":[13,"新宿区","四谷"],"1606120":[13,"新宿区","西新宿住友不動産新宿グランドタワー"],"1606105":[13,"新宿区","西新宿住友不動産新宿グランドタワー"],"1608511":[13,"新宿区","四谷","４丁目１"],"1600001":[13,"新宿区","片町"],"1606133":[13,"新宿区","西新宿住友不動産新宿グランドタワー"],"1600016":[13,"新宿区","信濃町"],"1608411":[13,"新宿区","新宿","５丁目８－１"],"1608580":[13,"新宿区","内藤町","１"],"1608420":[13,"新宿区","新宿","１丁目１０－７"],"1608519":[13,"新宿区","南元町","１９"],"1606136":[13,"新宿区","西新宿住友不動産新宿グランドタワー"],"1608589":[13,"新宿区","信濃町","３４ＪＲ信濃町ビル"],"1608304":[13,"新宿区","西新宿","７丁目５－８"],"1606128":[13,"新宿区","西新宿住友不動産新宿グランドタワー"],"1608583":[13,"新宿区","信濃町","３２"],"1608680":[13,"新宿区","信濃町","３４ＪＲ信濃町ビル５Ｆ"]}
