{"4100848":[22,"沼津市","千本西町"],"4100063":[22,"沼津市","緑ケ丘"],"4103600":[22,"賀茂郡松崎町",""],"4101104":[22,"裾野市","今里"],"4102302":[22,"伊豆の国市","宗光寺"],"4100057":[22,"沼津市","高沢町"],"4102314":[22,"伊豆の国市","下畑"],"4100861":[22,"沼津市","真砂町"],"4101393":[22,"駿東郡小山町","竹之下","３６－１"],"4100803":[22,"沼津市","添地町"],"4108545":[22,"沼津市","寿町","８番２８号メディアプラザ２Ｆ"],"4101312":[22,"駿東郡小山町","菅沼"],"4100033":[22,"沼津市","杉崎町"],"4102101":[22,"伊豆の国市","小松ケ原"],"4100813":[22,"沼津市","上香貫"],"4101128":[22,"裾野市","二ツ屋"],"4103605":[22,"賀茂郡松崎町","峰輪"],"4100319":[22,"沼津市","井出"],"4102504":[22,"伊豆市","関野"],"4100037":[22,"沼津市","三枚橋町"],"4100846":[22,"沼津市","千本東町"],"4103604":[22,"賀茂郡松崎町","大沢"],"4101111":[22,"裾野市","久根"],"4108531":[22,"沼津市","三枚橋町","６－１０"],"4100043":[22,"沼津市","柳町"],"4100802":[22,"沼津市","上土町"],"4102200":[22,"伊豆の国市",""],"4100851":[22,"沼津市","宮町"],"4100309":[22,"沼津市","根古屋"],"4108535":[22,"沼津市","大岡","３５"],"4103512":[22,"賀茂郡西伊豆町","一色"],"4101195":[22,"裾野市","御宿","１２００番地"],"4101307":[22,"駿東郡小山町","中日向"],"4101116":[22,"裾野市","千福"],"4100235":[22,"沼津市","西浦立保"],"4103201":[22,"伊豆市","佐野"],"4100833":[22,"沼津市","三園町"],"4100321":[22,"沼津市","西野"],"4100302":[22,"沼津市","東椎路"],"4101123":[22,"裾野市","伊豆島田"],"4100054":[22,"沼津市","北高島町"],"4101112":[22,"裾野市","公文名"],"4102131":[22,"伊豆の国市","長崎"],"4100396":[22,"沼津市","宮本","１４０"],"4102143":[22,"伊豆の国市","韮山韮山"],"4103616":[22,"賀茂郡松崎町","石部"],"4101115":[22,"裾野市","千福が丘"],"4108655":[22,"沼津市","日の出町","１－４０"],"4108555":[22,"沼津市","本","字松下七反田９０２－６"],"4102194":[22,"伊豆の国市","南條","８００"],"4100224":[22,"沼津市","内浦長浜"],"4102317":[22,"伊豆の国市","守木"],"4100843":[22,"沼津市","蓼原町"],"4100816":[22,"沼津市","住吉町"],"4102412":[22,"伊豆市","瓜生野"],"4100886":[22,"沼津市","浅間町"],"4101313":[22,"駿東郡小山町","竹之下"],"4102405":[22,"伊豆市","加殿"],"4102205":[22,"伊豆の国市","富士見"],"4100002":[22,"沼津市","東沢田"],"4100398":[22,"沼津市","大塚","１５"],"4100223":[22,"沼津市","内浦三津"],"4103612":[22,"賀茂郡松崎町","宮内"],"4108551":[22,"沼津市","千本港町","２"],"4100061":[22,"沼津市","北園町"],"4103303":[22,"伊豆市","八木沢"],"4103206":[22,"伊豆市","湯ケ島"],"4100016":[22,"沼津市","高砂町"],"4101317":[22,"駿東郡小山町","大胡田"],"4108501":[22,"沼津市","大岡","３６００"],"4100053":[22,"沼津市","寿町"],"4103212":[22,"伊豆市","本柿木"],"4100887":[22,"沼津市","東宮後町"],"4102516":[22,"伊豆市","筏場"],"4103202":[22,"伊豆市","雲金"],"4108511":[22,"沼津市","大岡","２７７１"],"4100192":[22,"沼津市","獅子浜","４９－１"],"4100313":[22,"沼津市","西添町"],"4102193":[22,"伊豆の国市","原木","５１１番地"],"4100005":[22,"沼津市","双葉町"],"4103214":[22,"伊豆市","下船原"],"4100892":[22,"沼津市","魚町"],"4100232":[22,"沼津市","西浦河内"],"4103511":[22,"賀茂郡西伊豆町","大沢里"],"4100806":[22,"沼津市","丸子町"],"4100866":[22,"沼津市","市道"],"4102508":[22,"伊豆市","柳瀬"],"4100244":[22,"沼津市","西浦江梨"],"4101124":[22,"裾野市","水窪"],"4102113":[22,"伊豆の国市","中"],"4100311":[22,"沼津市","原町中"],"4100101":[22,"沼津市","多比"],"4100106":[22,"沼津市","志下"],"4102416":[22,"伊豆市","修善寺"],"4100046":[22,"沼津市","米山町"],"4100231":[22,"沼津市","西浦木負"],"4101100":[22,"裾野市",""],"4102213":[22,"伊豆の国市","戸沢"],"4100814":[22,"沼津市","玉江町"],"4108610":[22,"沼津市","大手町","５丁目６－１６"],"4108514":[22,"沼津市","大岡","８７７－６"],"4101122":[22,"裾野市","麦塚"],"4100225":[22,"沼津市","内浦重須"],"4100318":[22,"沼津市","平沼"],"4102417":[22,"伊豆市","大沢"],"4102292":[22,"伊豆の国市","長岡","３４０－１"],"4102195":[22,"伊豆の国市","中條","２３４"],"4102325":[22,"伊豆の国市","神島"],"4100308":[22,"沼津市","柳沢"],"4102501":[22,"伊豆市","下白岩"],"4103401":[22,"沼津市","井田"],"4108544":[22,"沼津市","三芳町","２－１"],"4102221":[22,"伊豆の国市","南江間"],"4100883":[22,"沼津市","大門町"],"4101304":[22,"駿東郡小山町","藤曲"],"4103515":[22,"賀茂郡西伊豆町","田子"],"4100882":[22,"沼津市","町方町"],"4100863":[22,"沼津市","下一丁田"],"4108654":[22,"沼津市","御幸町","１７－５"],"4100104":[22,"沼津市","獅子浜"],"4108550":[22,"沼津市","御幸町","２１－１"],"4103304":[22,"伊豆市","小下田"],"4108540":[22,"沼津市","双葉町","９－１１－５"],"4108520":[22,"沼津市","高島本町","１－３"],"4102318":[22,"伊豆の国市","白山堂"],"4100058":[22,"沼津市","沼北町"],"4101194":[22,"裾野市","御宿","１５００"],"4101302":[22,"駿東郡小山町","中島"],"4101432":[22,"駿東郡小山町","自衛隊富士学校"],"4100817":[22,"沼津市","本郷町"],"4102505":[22,"伊豆市","八幡"],"4102518":[22,"伊豆市","姫之湯"],"4103209":[22,"伊豆市","門野原"],"4100804":[22,"沼津市","西条町"],"4100234":[22,"沼津市","西浦平沢"],"4102311":[22,"伊豆の国市","浮橋"],"4102295":[22,"伊豆の国市","長岡","１１２９"],"4101113":[22,"裾野市","稲荷"],"4100303":[22,"沼津市","西椎路"],"4103624":[22,"賀茂郡松崎町","江奈"],"4100855":[22,"沼津市","千本緑町"],"4100834":[22,"沼津市","槇島町"],"4102394":[22,"伊豆の国市","長者原","１４４５－４８１"],"4100847":[22,"沼津市","千本中町"],"4100854":[22,"沼津市","千本常盤町"],"4101392":[22,"駿東郡小山町","菅沼","１５００"],"4102413":[22,"伊豆市","小立野"],"4102321":[22,"伊豆の国市","三福"],"4108533":[22,"沼津市","三枚橋町","９－１"],"4100876":[22,"沼津市","北今沢"],"4101117":[22,"裾野市","石脇"],"4100873":[22,"沼津市","大諏訪"],"4100845":[22,"沼津市","千本港町"],"4101127":[22,"裾野市","平松"],"4103216":[22,"伊豆市","上船原"],"4102303":[22,"伊豆の国市","立花"],"4100003":[22,"沼津市","新沢田町"],"4100012":[22,"沼津市","岡一色"],"4100064":[22,"沼津市","共栄町"],"4100888":[22,"沼津市","末広町"],"4101323":[22,"駿東郡小山町","上古城"],"4100105":[22,"沼津市","馬込"],"4103211":[22,"伊豆市","松ケ瀬"],"4108522":[22,"沼津市","高島本町","１－３"],"4100017":[22,"沼津市","高尾台"],"4103217":[22,"伊豆市","大平柿木"],"4103514":[22,"賀茂郡西伊豆町","仁科"],"4103693":[22,"賀茂郡松崎町","櫻田","１８８"],"4100314":[22,"沼津市","一本松"],"4100824":[22,"沼津市","香貫が丘"],"4101108":[22,"裾野市","上ケ田"],"4100041":[22,"沼津市","筒井町"],"4101101":[22,"裾野市","岩波"],"4102400":[22,"伊豆市",""],"4102514":[22,"伊豆市","原保"],"4100831":[22,"沼津市","市場町"],"4102122":[22,"伊豆の国市","寺家"],"4100047":[22,"沼津市","庄栄町"],"4102509":[22,"伊豆市","梅木"],"4102406":[22,"伊豆市","日向"],"4100842":[22,"沼津市","蛇松町"],"4100893":[22,"沼津市","くまだか町"],"4100013":[22,"沼津市","東熊堂"],"4100048":[22,"沼津市","新宿町"],"4108588":[22,"沼津市","東間門","字上中溝５１５"],"4100038":[22,"沼津市","三芳町"],"4101431":[22,"駿東郡小山町","須走"],"4100867":[22,"沼津市","下小路町"],"4102204":[22,"伊豆の国市","墹之上"],"4103625":[22,"賀茂郡松崎町","桜田"],"4108515":[22,"沼津市","大岡","２７７１"],"4100044":[22,"沼津市","五月町"],"4103207":[22,"伊豆市","持越"],"4101193":[22,"裾野市","御宿","１２００"],"4102144":[22,"伊豆の国市","韮山土手和田"],"4102515":[22,"伊豆市","地蔵堂"],"4102132":[22,"伊豆の国市","奈古谷"],"4100243":[22,"沼津市","西浦久料"],"4103621":[22,"賀茂郡松崎町","吉田"],"4102315":[22,"伊豆の国市","田京"],"4101306":[22,"駿東郡小山町","上野"],"4108510":[22,"沼津市","大岡","２０６８－３"],"4103614":[22,"賀茂郡松崎町","岩科南側"],"4103606":[22,"賀茂郡松崎町","船田"],"4103618":[22,"賀茂郡松崎町","道部"],"4102519":[22,"伊豆市","戸倉野"],"4108585":[22,"沼津市","市場町","５番７号"],"4101105":[22,"裾野市","下和田"],"4102214":[22,"伊豆の国市","花坂"],"4100045":[22,"沼津市","泉町"],"4103607":[22,"賀茂郡松崎町","門野"],"4102111":[22,"伊豆の国市","立花台"],"4108543":[22,"沼津市","高島本町","１－３"],"4100221":[22,"沼津市","内浦重寺"],"4100021":[22,"沼津市","小林台"],"4100051":[22,"沼津市","西熊堂"],"4102141":[22,"伊豆の国市","韮山山木"],"4100195":[22,"沼津市","口野","５０－１１"],"4100811":[22,"沼津市","中瀬町"],"4100000":[22,"沼津市",""],"4102502":[22,"伊豆市","上白岩"],"4103617":[22,"賀茂郡松崎町","岩地"],"4100841":[22,"沼津市","下河原町"],"4100059":[22,"沼津市","若葉町"],"4108504":[22,"沼津市","双葉町","９－１"],"4100102":[22,"沼津市","口野"],"4103402":[22,"沼津市","戸田"],"4100103":[22,"沼津市","江浦"],"4100031":[22,"沼津市","三枚橋"],"4100871":[22,"沼津市","西間門"],"4100241":[22,"沼津市","西浦古宇"],"4103213":[22,"伊豆市","青羽根"],"4100823":[22,"沼津市","我入道"],"4100056":[22,"沼津市","高島町"],"4102133":[22,"伊豆の国市","韮山多田"],"4102203":[22,"伊豆の国市","小坂"],"4102103":[22,"伊豆の国市","エメラルドタウン"],"4100317":[22,"沼津市","石川"],"4100835":[22,"沼津市","西島町"],"4100233":[22,"沼津市","西浦久連"],"4100853":[22,"沼津市","常盤町"],"4100007":[22,"沼津市","西沢田"],"4100875":[22,"沼津市","今沢"],"4100315":[22,"沼津市","桃里"],"4100805":[22,"沼津市","白銀町"],"4108570":[22,"沼津市","大手町","３丁目１番１号"],"4102403":[22,"伊豆市","年川"],"4103500":[22,"賀茂郡西伊豆町",""],"4108525":[22,"沼津市","平町","６－２"],"4108739":[22,"駿東郡長泉町","下土狩","１０５番地の１７"],"4102212":[22,"伊豆の国市","長瀬"],"4102407":[22,"伊豆市","柏久保"],"4100884":[22,"沼津市","本町"],"4101315":[22,"駿東郡小山町","桑木"],"4100034":[22,"沼津市","富士見町"],"4103215":[22,"伊豆市","月ケ瀬"],"4100049":[22,"沼津市","江原町"],"4101301":[22,"駿東郡小山町","柳島"],"4101322":[22,"駿東郡小山町","吉久保"],"4102511":[22,"伊豆市","宮上"],"4101114":[22,"裾野市","大畑"],"4101311":[22,"駿東郡小山町","小山"],"4101305":[22,"駿東郡小山町","湯船"],"4100304":[22,"沼津市","東原"],"4101126":[22,"裾野市","桃園"],"4108508":[22,"沼津市","平町","１９－１１"],"4101396":[22,"駿東郡小山町","棚頭","３０５"],"4100055":[22,"沼津市","高島本町"],"4108710":[22,"沼津市","大手町","４丁目７６"],"4100035":[22,"沼津市","山王台"],"4102297":[22,"伊豆の国市","墹之上","２７０－１"],"4103203":[22,"伊豆市","矢熊"],"4100818":[22,"沼津市","中原町"],"4101106":[22,"裾野市","金沢"],"4102121":[22,"伊豆の国市","中條"],"4103513":[22,"賀茂郡西伊豆町","中"],"4101197":[22,"裾野市","平松","６２０番地の１"],"4103208":[22,"伊豆市","吉奈"],"4103301":[22,"伊豆市","小土肥"],"4100014":[22,"沼津市","松沢町"],"4102414":[22,"伊豆市","本立野"],"4102324":[22,"伊豆の国市","中島"],"4102316":[22,"伊豆の国市","御門"],"4101325":[22,"駿東郡小山町","一色"],"4108580":[22,"沼津市","本","字下一丁田８９５－１"],"4100395":[22,"沼津市","西野","３１７"],"4100807":[22,"沼津市","錦町"],"4101192":[22,"裾野市","佐野","１０５９"],"4101109":[22,"裾野市","呼子"],"4102401":[22,"伊豆市","牧之郷"],"4102211":[22,"伊豆の国市","長岡"],"4103622":[22,"賀茂郡松崎町","南郷"],"4108530":[22,"沼津市","岡宮","寺林１２５９"],"4100307":[22,"沼津市","青野"],"4102393":[22,"伊豆の国市","立花","３丁目１６２"],"4102223":[22,"伊豆の国市","北江間"],"4102506":[22,"伊豆市","徳永"],"4100242":[22,"沼津市","西浦足保"],"4101121":[22,"裾野市","茶畑"],"4103601":[22,"賀茂郡松崎町","池代"],"4100065":[22,"沼津市","花園町"],"4100822":[22,"沼津市","下香貫"],"4108602":[22,"沼津市","大手町","２丁目１０番１７号"],"4103205":[22,"伊豆市","市山"],"4103626":[22,"賀茂郡松崎町","那賀"],"4100022":[22,"沼津市","大岡"],"4103502":[22,"賀茂郡西伊豆町","安良里"],"4108558":[22,"沼津市","大手町","２丁目１－１７"],"4100885":[22,"沼津市","下本町"],"4100306":[22,"沼津市","大塚"],"4100862":[22,"沼津市","幸町"],"4100812":[22,"沼津市","山ケ下町"],"4100316":[22,"沼津市","植田"],"4102313":[22,"伊豆の国市","田原野"],"4100011":[22,"沼津市","岡宮"],"4103615":[22,"賀茂郡松崎町","雲見"],"4102507":[22,"伊豆市","冷川"],"4108567":[22,"沼津市","下香貫","外原３２４４－２"],"4100881":[22,"沼津市","八幡町"],"4100872":[22,"沼津市","小諏訪"],"4102142":[22,"伊豆の国市","韮山金谷"],"4101394":[22,"駿東郡小山町","小山","４７番地"],"4103627":[22,"賀茂郡松崎町","建久寺"],"4101118":[22,"裾野市","佐野"],"4100894":[22,"沼津市","仲町"],"4101316":[22,"駿東郡小山町","下古城"],"4100836":[22,"沼津市","吉田町"],"4100006":[22,"沼津市","中沢田"],"4100864":[22,"沼津市","松下"],"4100062":[22,"沼津市","宮前町"],"4103613":[22,"賀茂郡松崎町","岩科北側"],"4100015":[22,"沼津市","駿河台"],"4101102":[22,"裾野市","深良"],"4108552":[22,"沼津市","春日町","７５－２"],"4100832":[22,"沼津市","御幸町"],"4102102":[22,"伊豆の国市","富士見ニュータウン"],"4102404":[22,"伊豆市","田代"],"4103292":[22,"伊豆市","市山","５５０"],"4100849":[22,"沼津市","千本郷林"],"4108575":[22,"沼津市","中瀬町","２４番１号"],"4100844":[22,"沼津市","春日町"],"4102396":[22,"伊豆の国市","田京","２９９－６"],"4102503":[22,"伊豆市","城"],"4100032":[22,"沼津市","日の出町"],"4102301":[22,"伊豆の国市","田中山"],"4101103":[22,"裾野市","葛山"],"4100819":[22,"沼津市","黒瀬町"],"4100305":[22,"沼津市","鳥谷"],"4103603":[22,"賀茂郡松崎町","明伏"],"4103501":[22,"賀茂郡西伊豆町","宇久須"],"4101327":[22,"駿東郡小山町","棚頭"],"4108686":[22,"沼津市","米山町","３－３０"],"4102411":[22,"伊豆市","熊坂"],"4100001":[22,"沼津市","足高"],"4101231":[22,"裾野市","須山"],"4100815":[22,"沼津市","南本郷町"],"4103611":[22,"賀茂郡松崎町","松崎"],"4101308":[22,"駿東郡小山町","大御神"],"4100301":[22,"沼津市","宮本"],"4101324":[22,"駿東郡小山町","下小林"],"4102304":[22,"伊豆の国市","宗光寺"],"4101107":[22,"裾野市","御宿"],"4100874":[22,"沼津市","松長"],"4102192":[22,"伊豆の国市","四日町","２４３"],"4102202":[22,"伊豆の国市","天野"],"4102114":[22,"伊豆の国市","南條"],"4102512":[22,"伊豆市","中原戸"],"4100018":[22,"沼津市","豊町"],"4100895":[22,"沼津市","新町"],"4108689":[22,"沼津市","通横町","２３"],"4100052":[22,"沼津市","沢田町"],"4108601":[22,"沼津市","御幸町","１６－１"],"4102392":[22,"伊豆の国市","大仁","５７０"],"4102312":[22,"伊豆の国市","長者原"],"4103623":[22,"賀茂郡松崎町","伏倉"],"4103204":[22,"伊豆市","田沢"],"4102418":[22,"伊豆市","堀切"],"4102124":[22,"伊豆の国市","原木"],"4100222":[22,"沼津市","内浦小海"],"4103602":[22,"賀茂郡松崎町","小杉原"],"4100852":[22,"沼津市","旭町"],"4102112":[22,"伊豆の国市","内中"],"4100004":[22,"沼津市","本田町"],"4102402":[22,"伊豆市","大野"],"4100865":[22,"沼津市","東間門"],"4101395":[22,"駿東郡小山町","藤曲","５７－２"],"4102395":[22,"伊豆の国市","大仁","３３４"],"4102517":[22,"伊豆市","貴僧坊"],"4103696":[22,"賀茂郡松崎町","宮内","３０１－１"],"4103302":[22,"伊豆市","土肥"],"4100042":[22,"沼津市","神田町"],"4100036":[22,"沼津市","平町"],"4102592":[22,"伊豆市","八幡","５００－１"],"4102201":[22,"伊豆の国市","古奈"],"4102323":[22,"伊豆の国市","大仁"],"4101125":[22,"裾野市","富沢"],"4101300":[22,"駿東郡小山町",""],"4101321":[22,"駿東郡小山町","阿多野"],"4101196":[22,"裾野市","深良","４２０２"],"4102322":[22,"伊豆の国市","吉田"],"4100891":[22,"沼津市","通横町"],"4100821":[22,"沼津市","大平"],"4100801":[22,"沼津市","大手町"],"4101303":[22,"駿東郡小山町","生土"],"4102123":[22,"伊豆の国市","四日町"],"4102513":[22,"伊豆市","菅引"],"4101314":[22,"駿東郡小山町","新柴"],"4101326":[22,"駿東郡小山町","用沢"],"4100312":[22,"沼津市","原"],"4102415":[22,"伊豆市","大平"]}
