{"2410814":[14,"横浜市旭区","中沢"],"2410826":[14,"横浜市旭区","東希望が丘"],"2410823":[14,"横浜市旭区","善部町"],"2410013":[14,"横浜市旭区","三反田町"],"2410021":[14,"横浜市旭区","鶴ケ峰本町"],"2418501":[14,"横浜市旭区","上川井町","８４６"],"2410003":[14,"横浜市旭区","白根町"],"2410803":[14,"横浜市旭区","川井本町"],"2410806":[14,"横浜市旭区","下川井町"],"2410011":[14,"横浜市旭区","川島町"],"2410031":[14,"横浜市旭区","今宿西町"],"2410825":[14,"横浜市旭区","中希望が丘"],"2410804":[14,"横浜市旭区","川井宿町"],"2410835":[14,"横浜市旭区","柏町"],"2410824":[14,"横浜市旭区","南希望が丘"],"2410005":[14,"横浜市旭区","白根"],"2410833":[14,"横浜市旭区","南本宿町"],"2418502":[14,"横浜市旭区","中沢","１丁目２４番１号"],"2410802":[14,"横浜市旭区","上川井町"],"2410831":[14,"横浜市旭区","左近山"],"2410001":[14,"横浜市旭区","上白根町"],"2410821":[14,"横浜市旭区","二俣川"],"2410822":[14,"横浜市旭区","さちが丘"],"2410801":[14,"横浜市旭区","若葉台"],"2410000":[14,"横浜市旭区",""],"2410033":[14,"横浜市旭区","今川町"],"2410811":[14,"横浜市旭区","矢指町"],"2410832":[14,"横浜市旭区","桐が作"],"2410024":[14,"横浜市旭区","本村町"],"2410022":[14,"横浜市旭区","鶴ケ峰"],"2410015":[14,"横浜市旭区","小高町"],"2410012":[14,"横浜市旭区","西川島町"],"2410817":[14,"横浜市旭区","今宿"],"2410034":[14,"横浜市旭区","今宿南町"],"2410004":[14,"横浜市旭区","中白根"],"2410023":[14,"横浜市旭区","本宿町"],"2410834":[14,"横浜市旭区","大池町"],"2418606":[14,"横浜市旭区","川島町","１７６４番地"],"2418515":[14,"横浜市旭区","中尾","１丁目１番２号"],"2410025":[14,"横浜市旭区","四季美台"],"2410816":[14,"横浜市旭区","笹野台"],"2410014":[14,"横浜市旭区","市沢町"],"2410815":[14,"横浜市旭区","中尾"],"2410032":[14,"横浜市旭区","今宿東町"],"2410836":[14,"横浜市旭区","万騎が原"],"2410002":[14,"横浜市旭区","上白根"],"2410813":[14,"横浜市旭区","今宿町"],"2410805":[14,"横浜市旭区","都岡町"],"2410812":[14,"横浜市旭区","金が谷"]}
