{"3070046":[8,"結城市","結城作"],"3070036":[8,"結城市","北南茂呂"],"3070035":[8,"結城市","善右ヱ門新田"],"3070045":[8,"結城市","上成"],"3070004":[8,"結城市","みどり町"],"3070015":[8,"結城市","鹿窪"],"3070024":[8,"結城市","水海道"],"3070043":[8,"結城市","武井"],"3070033":[8,"結城市","山川新宿"],"3070011":[8,"結城市","小森"],"3070002":[8,"結城市","大谷瀬"],"3070012":[8,"結城市","久保田"],"3070031":[8,"結城市","大木"],"3078501":[8,"結城市","大字結城","１４４７"],"3070032":[8,"結城市","古宿新田"],"3070051":[8,"結城市","国府町"],"3070007":[8,"結城市","小田林"],"3070052":[8,"結城市","中央町"],"3070013":[8,"結城市","中"],"3070026":[8,"結城市","芳賀崎"],"3070001":[8,"結城市","結城"],"3070023":[8,"結城市","山王"],"3070037":[8,"結城市","東茂呂"],"3078502":[8,"結城市","大字結城","１３－２"],"3070003":[8,"結城市","富士見町"],"3070028":[8,"結城市","今宿"],"3070038":[8,"結城市","七五三場"],"3070054":[8,"結城市","城南町"],"3070025":[8,"結城市","浜野辺"],"3070042":[8,"結城市","江川新宿"],"3070017":[8,"結城市","若宮"],"3070053":[8,"結城市","新福寺"],"3070044":[8,"結城市","田間"],"3070005":[8,"結城市","川木谷"],"3070000":[8,"結城市",""],"3070021":[8,"結城市","上山川"],"3078601":[8,"結城市","大字結城","５５７"],"3070022":[8,"結城市","矢畑"],"3070016":[8,"結城市","新堤仲通り"],"3070006":[8,"結城市","五助"],"3070034":[8,"結城市","新宿新田"],"3070055":[8,"結城市","大橋町"],"3070027":[8,"結城市","粕礼"],"3070041":[8,"結城市","江川大町"],"3070014":[8,"結城市","林"]}
