{"0510024":[1,"室蘭市","幕西町"],"0510001":[1,"室蘭市","御崎町"],"0510002":[1,"室蘭市","御前水町"],"0510036":[1,"室蘭市","祝津町"],"0518585":[1,"室蘭市","海岸町","１丁目２０番９号"],"0510016":[1,"室蘭市","幸町"],"0518550":[1,"室蘭市","本町","１丁目３番１６号"],"0518501":[1,"室蘭市","新富町","１丁目５番１３号"],"0518505":[1,"室蘭市","茶津町","４番地"],"0510033":[1,"室蘭市","小橋内町"],"0518558":[1,"室蘭市","海岸町","１丁目４番１号"],"0510015":[1,"室蘭市","本町"],"0510012":[1,"室蘭市","山手町"],"0510021":[1,"室蘭市","緑町"],"0510003":[1,"室蘭市","母恋南町"],"0518650":[1,"室蘭市","常盤町","２番８号"],"0510031":[1,"室蘭市","築地町"],"0510022":[1,"室蘭市","海岸町"],"0518512":[1,"室蘭市","山手町","３丁目８番１号"],"0510005":[1,"室蘭市","新富町"],"0510032":[1,"室蘭市","港南町"],"0518555":[1,"室蘭市","海岸町","１丁目４番１号"],"0510023":[1,"室蘭市","入江町"],"0510013":[1,"室蘭市","舟見町"],"0518588":[1,"室蘭市","海岸町","３丁目６番９号"],"0518546":[1,"室蘭市","茶津町","４番地"],"0510014":[1,"室蘭市","栄町"],"0510028":[1,"室蘭市","西小路町"],"0510034":[1,"室蘭市","増市町"],"0510027":[1,"室蘭市","沢町"],"0510004":[1,"室蘭市","母恋北町"],"0518530":[1,"室蘭市","海岸町","１丁目４番１号むろらん広域センタービル内"],"0518511":[1,"室蘭市","幸町","１番２号"],"0518524":[1,"室蘭市","入江町","１番地１４"],"0510035":[1,"室蘭市","絵鞆町"],"0510006":[1,"室蘭市","茶津町"],"0510026":[1,"室蘭市","清水町"],"0510011":[1,"室蘭市","中央町"],"0510025":[1,"室蘭市","常盤町"]}
