{"0838585":[1,"中川郡池田町","字昭栄","４９番地６"],"0830091":[1,"中川郡池田町","東一条"],"0830020":[1,"中川郡池田町","大通南"],"0830004":[1,"中川郡池田町","様舞"],"0830022":[1,"中川郡池田町","西二条"],"0830023":[1,"中川郡池田町","西三条"],"0830031":[1,"中川郡池田町","利別西町"],"0830045":[1,"中川郡池田町","富岡"],"0830001":[1,"中川郡池田町","旭町"],"0830044":[1,"中川郡池田町","青山"],"0830090":[1,"中川郡池田町","大通"],"0830033":[1,"中川郡池田町","利別南町"],"0830002":[1,"中川郡池田町","清見"],"0830046":[1,"中川郡池田町","東台"],"0830003":[1,"中川郡池田町","清見ケ丘"],"0830034":[1,"中川郡池田町","利別本町"],"0838650":[1,"中川郡池田町","字西一条","７丁目"],"0830041":[1,"中川郡池田町","川合"],"0830032":[1,"中川郡池田町","利別東町"],"0830042":[1,"中川郡池田町","千代田"],"0830021":[1,"中川郡池田町","西一条"],"0830092":[1,"中川郡池田町","東二条"],"0830043":[1,"中川郡池田町","豊田"],"0830047":[1,"中川郡池田町","昭栄"],"0830000":[1,"中川郡池田町",""]}
