{"3500402":[11,"入間郡越生町","鹿下"],"3502218":[11,"鶴ヶ島市","柳戸町"],"3500153":[11,"比企郡川島町","飯島"],"3500289":[11,"坂戸市","千代田","５丁目３－１"],"3501321":[11,"狭山市","上広瀬"],"3500276":[11,"坂戸市","戸口"],"3500128":[11,"比企郡川島町","白井沼"],"3502280":[11,"鶴ヶ島市","大字太田ヶ谷","１０５３"],"3502203":[11,"鶴ヶ島市","上広谷"],"3501196":[11,"川越市","脇田本町","１５－１３東上パールビル３Ｆ"],"3500206":[11,"坂戸市","中小坂"],"3500847":[11,"川越市","東本宿"],"3501201":[11,"日高市","田波目"],"3501109":[11,"川越市","霞ケ関北"],"3501152":[11,"川越市","砂久保"],"3500055":[11,"川越市","久保町"],"3500023":[11,"川越市","並木"],"3500142":[11,"比企郡川島町","上大屋敷"],"3500144":[11,"比企郡川島町","下大屋敷"],"3501181":[11,"川越市","大字野田","１０５０－１"],"3500857":[11,"川越市","松郷"],"3500225":[11,"坂戸市","日の出町"],"3502214":[11,"鶴ヶ島市","太田ヶ谷"],"3500466":[11,"入間郡毛呂山町","平山"],"3500134":[11,"比企郡川島町","新堀"],"3500451":[11,"入間郡毛呂山町","毛呂本郷"],"3501174":[11,"川越市","かすみ野"],"3502202":[11,"鶴ヶ島市","五味ヶ谷"],"3500846":[11,"川越市","中老袋"],"3500246":[11,"坂戸市","多和目"],"3501118":[11,"川越市","豊田本"],"3500801":[11,"川越市","竹野"],"3500147":[11,"比企郡川島町","西谷"],"3501114":[11,"川越市","東田町"],"3500001":[11,"川越市","古谷上"],"3502213":[11,"鶴ヶ島市","脚折"],"3501247":[11,"日高市","高岡"],"3500027":[11,"川越市","南田島"],"3501169":[11,"川越市","山城"],"3501197":[11,"川越市","的場北","１丁目１３－１"],"3500288":[11,"坂戸市","千代田","３丁目９－２１"],"3501252":[11,"日高市","清流"],"3501131":[11,"川越市","岸町"],"3500813":[11,"川越市","平塚新田"],"3508531":[11,"川越市","宮下町","２丁目１－３"],"3500003":[11,"川越市","八ツ島"],"3500107":[11,"比企郡川島町","加胡"],"3500817":[11,"川越市","上戸新町"],"3508588":[11,"川越市","大字山田","西町３７５－１"],"3500168":[11,"比企郡川島町","かわじま"],"3508510":[11,"川越市","仲町","１番地１２"],"3500836":[11,"川越市","谷中"],"3501328":[11,"狭山市","広瀬台"],"3501175":[11,"川越市","笠幡"],"3500805":[11,"川越市","広谷新町"],"3500054":[11,"川越市","三久保町"],"3501302":[11,"狭山市","東三ツ木"],"3501313":[11,"狭山市","上赤坂"],"3501295":[11,"日高市","大字原宿","４０１番地"],"3500052":[11,"川越市","宮下町"],"3500436":[11,"入間郡毛呂山町","川角"],"3500280":[11,"坂戸市","千代田","５丁目７番２４号"],"3500414":[11,"入間郡越生町","越生東"],"3500015":[11,"川越市","今泉"],"3500064":[11,"川越市","末広町"],"3501153":[11,"川越市","下松原"],"3501225":[11,"日高市","馬引沢"],"3501246":[11,"日高市","梅原"],"3500463":[11,"入間郡毛呂山町","前久保南"],"3500224":[11,"坂戸市","山田町"],"3500243":[11,"坂戸市","萱方"],"3500043":[11,"川越市","新富町"],"3500812":[11,"川越市","下小坂"],"3501331":[11,"狭山市","新狭山"],"3500116":[11,"比企郡川島町","虫塚"],"3500024":[11,"川越市","並木新町"],"3500834":[11,"川越市","鹿飼"],"3500264":[11,"坂戸市","竹之内"],"3500131":[11,"比企郡川島町","平沼"],"3502223":[11,"鶴ヶ島市","高倉"],"3501306":[11,"狭山市","富士見"],"3500228":[11,"坂戸市","元町"],"3500158":[11,"比企郡川島町","伊草"],"3500842":[11,"川越市","北田島"],"3501211":[11,"日高市","森戸新田"],"3500035":[11,"川越市","西小仙波町"],"3500272":[11,"坂戸市","末広町"],"3508550":[11,"川越市","大字鴨田","字辻道町１９８１"],"3500415":[11,"入間郡越生町","上野"],"3501165":[11,"川越市","南台"],"3500227":[11,"坂戸市","仲町"],"3500103":[11,"比企郡川島町","松永"],"3500422":[11,"入間郡越生町","小杉"],"3500031":[11,"川越市","小仙波"],"3500273":[11,"坂戸市","芦山町"],"3500285":[11,"坂戸市","大字片柳","１５００"],"3500046":[11,"川越市","菅原町"],"3500442":[11,"入間郡毛呂山町","前久保"],"3500852":[11,"川越市","川越"],"3500261":[11,"坂戸市","沢木"],"3501251":[11,"日高市","高麗本郷"],"3501167":[11,"川越市","大袋新田"],"3500467":[11,"入間郡毛呂山町","岩井東"],"3500444":[11,"入間郡毛呂山町","旭台"],"3500218":[11,"坂戸市","片柳新田"],"3501195":[11,"比企郡川島町","かわじま","２丁目１－５０"],"3501132":[11,"川越市","岸"],"3500122":[11,"比企郡川島町","下八ツ林"],"3501241":[11,"日高市","山根"],"3501117":[11,"川越市","広栄町"],"3501143":[11,"川越市","藤原町"],"3501101":[11,"川越市","的場"],"3501104":[11,"川越市","小ケ谷"],"3501141":[11,"川越市","寺尾"],"3501317":[11,"狭山市","水野"],"3500136":[11,"比企郡川島町","上狢"],"3501113":[11,"川越市","田町"],"3500163":[11,"比企郡川島町","北園部"],"3501221":[11,"日高市","下大谷沢"],"3501126":[11,"川越市","旭町"],"3500213":[11,"坂戸市","栄"],"3501158":[11,"川越市","むさし野南"],"3500193":[11,"比企郡川島町","八幡","６丁目１３"],"3500011":[11,"川越市","久下戸"],"3500392":[11,"比企郡鳩山町","大字大豆戸","１８４－１６"],"3501232":[11,"日高市","中鹿山"],"3500825":[11,"川越市","月吉町"],"3501380":[11,"狭山市","入間川","１丁目２３－５"],"3500200":[11,"坂戸市",""],"3500311":[11,"比企郡鳩山町","石坂"],"3500303":[11,"比企郡鳩山町","熊井"],"3500816":[11,"川越市","上戸"],"3501129":[11,"川越市","大塚"],"3500247":[11,"坂戸市","西坂戸"],"3500203":[11,"坂戸市","横沼"],"3500044":[11,"川越市","通町"],"3501121":[11,"川越市","脇田新町"],"3502219":[11,"鶴ヶ島市","三ツ木新町"],"3500439":[11,"入間郡毛呂山町","目白台"],"3500197":[11,"比企郡川島町","大字戸守","３９２－１１"],"3501137":[11,"川越市","砂新田"],"3500821":[11,"川越市","福田"],"3501159":[11,"川越市","中台"],"3501170":[11,"川越市","むさし野"],"3500302":[11,"比企郡鳩山町","大橋"],"3501226":[11,"日高市","中沢"],"3500403":[11,"入間郡越生町","大谷"],"3500856":[11,"川越市","問屋町"],"3500155":[11,"比企郡川島町","釘無"],"3500307":[11,"比企郡鳩山町","須江"],"3500232":[11,"坂戸市","中富町"],"3500018":[11,"川越市","藤木町"],"3500452":[11,"入間郡毛呂山町","大谷木"],"3500411":[11,"入間郡越生町","黒岩"],"3500835":[11,"川越市","石田本郷"],"3501151":[11,"川越市","今福"],"3500244":[11,"坂戸市","森戸"],"3500137":[11,"比企郡川島町","宮前"],"3501233":[11,"日高市","下鹿山"],"3500061":[11,"川越市","喜多町"],"3501336":[11,"狭山市","柏原新田"],"3502215":[11,"鶴ヶ島市","南町"],"3501312":[11,"狭山市","堀兼"],"3501202":[11,"日高市","駒寺野新田"],"3500255":[11,"坂戸市","成願寺"],"3500123":[11,"比企郡川島町","畑中"],"3500236":[11,"坂戸市","花影町"],"3500843":[11,"川越市","東明寺"],"3501179":[11,"川越市","かし野台"],"3508511":[11,"川越市","新富町","２丁目６－１"],"3500284":[11,"坂戸市","千代田","５丁目１－２８"],"3500274":[11,"坂戸市","溝端町"],"3500065":[11,"川越市","仲町"],"3501320":[11,"狭山市","広瀬東"],"3500321":[11,"比企郡鳩山町","赤沼"],"3501154":[11,"川越市","上松原"],"3500295":[11,"坂戸市","けやき台","１－１"],"3500393":[11,"比企郡鳩山町","大字大橋","１４０１"],"3500212":[11,"坂戸市","石井"],"3500464":[11,"入間郡毛呂山町","南台"],"3502227":[11,"鶴ヶ島市","新町"],"3500053":[11,"川越市","郭町"],"3500207":[11,"坂戸市","青木"],"3501100":[11,"川越市",""],"3500253":[11,"坂戸市","北大塚"],"3501123":[11,"川越市","脇田本町"],"3500314":[11,"比企郡鳩山町","楓ケ丘"],"3500219":[11,"坂戸市","片柳"],"3500245":[11,"坂戸市","四日市場"],"3502221":[11,"鶴ヶ島市","羽折町"],"3501145":[11,"川越市","清水町"],"3501237":[11,"日高市","猿田上ノ台"],"3500016":[11,"川越市","木野目"],"3500435":[11,"入間郡毛呂山町","下川原"],"3500145":[11,"比企郡川島町","出丸本"],"3502292":[11,"鶴ケ島市","大字三ツ木","１６－１"],"3500814":[11,"川越市","平塚"],"3500431":[11,"入間郡毛呂山町","苦林"],"3500192":[11,"比企郡川島町","大字平沼","１１７５"],"3500002":[11,"川越市","古谷本郷"],"3501303":[11,"狭山市","沢"],"3500257":[11,"坂戸市","小山"],"3501200":[11,"日高市",""],"3500216":[11,"坂戸市","柳町"],"3501192":[11,"川越市","南台","１丁目９番"],"3500221":[11,"坂戸市","鎌倉町"],"3500443":[11,"入間郡毛呂山町","長瀬"],"3501188":[11,"川越市","田町","３２番地１２"],"3501254":[11,"日高市","久保"],"3501166":[11,"川越市","藤倉"],"3502224":[11,"鶴ヶ島市","町屋"],"3500021":[11,"川越市","大中居"],"3501301":[11,"狭山市","青柳"],"3500115":[11,"比企郡川島町","一本木"],"3508601":[11,"川越市","元町","１丁目３番地１"],"3500803":[11,"川越市","栄"],"3500165":[11,"比企郡川島町","中山"],"3500412":[11,"入間郡越生町","西和田"],"3502201":[11,"鶴ヶ島市","富士見"],"3500102":[11,"比企郡川島町","下小見野"],"3500313":[11,"比企郡鳩山町","松ケ丘"],"3500851":[11,"川越市","氷川町"],"3500324":[11,"比企郡鳩山町","大豆戸"],"3500036":[11,"川越市","小仙波町"],"3500112":[11,"比企郡川島町","鳥羽井新田"],"3500833":[11,"川越市","芳野台"],"3500252":[11,"坂戸市","中里"],"3501161":[11,"川越市","大塚新田"],"3500806":[11,"川越市","天沼新田"],"3502211":[11,"鶴ヶ島市","脚折町"],"3500229":[11,"坂戸市","薬師町"],"3500256":[11,"坂戸市","善能寺"],"3501133":[11,"川越市","砂"],"3500496":[11,"入間郡毛呂山町","大字川角","峰畑９８１"],"3500004":[11,"川越市","高島"],"3501227":[11,"日高市","女影"],"3500425":[11,"入間郡越生町","龍ケ谷"],"3500416":[11,"入間郡越生町","越生"],"3500396":[11,"比企郡鳩山町","大字石坂","６０４"],"3500265":[11,"坂戸市","長岡"],"3501257":[11,"日高市","横手"],"3500494":[11,"入間郡越生町","大字越生","９００－２"],"3500012":[11,"川越市","萱沼"],"3500141":[11,"比企郡川島町","出丸下郷"],"3501107":[11,"川越市","的場新町"],"3500277":[11,"坂戸市","東和田"],"3501112":[11,"川越市","上野田町"],"3508585":[11,"川越市","大字鯨井","中野台２１００"],"3501203":[11,"日高市","旭ケ丘"],"3500441":[11,"入間郡毛呂山町","岩井"],"3501146":[11,"川越市","熊野町"],"3500233":[11,"坂戸市","南町"],"3500421":[11,"入間郡越生町","麦原"],"3500032":[11,"川越市","大仙波"],"3501176":[11,"川越市","川鶴"],"3500809":[11,"川越市","鯨井新田"],"3500057":[11,"川越市","大手町"],"3500045":[11,"川越市","南通町"],"3501244":[11,"日高市","野々宮"],"3500025":[11,"川越市","並木西町"],"3500164":[11,"比企郡川島町","吹塚"],"3500237":[11,"坂戸市","浅羽野"],"3500238":[11,"坂戸市","浅羽"],"3501124":[11,"川越市","新宿町"],"3500823":[11,"川越市","神明町"],"3500455":[11,"入間郡毛呂山町","阿諏訪"],"3500493":[11,"入間郡毛呂山町","中央","２丁目１番地"],"3500323":[11,"比企郡鳩山町","小用"],"3501324":[11,"狭山市","稲荷山"],"3500267":[11,"坂戸市","今西"],"3501311":[11,"狭山市","中新田"],"3500156":[11,"比企郡川島町","角泉"],"3501111":[11,"川越市","野田"],"3501236":[11,"日高市","猿田"],"3500100":[11,"比企郡川島町",""],"3500117":[11,"比企郡川島町","鳥羽井"],"3500017":[11,"川越市","牛子"],"3502205":[11,"鶴ヶ島市","松ヶ丘"],"3500202":[11,"坂戸市","小沼"],"3501171":[11,"川越市","池辺"],"3501155":[11,"川越市","下赤坂"],"3500013":[11,"川越市","渋井"],"3500248":[11,"坂戸市","けやき台"],"3501128":[11,"川越市","大仙波新田"],"3500275":[11,"坂戸市","伊豆の山町"],"3500855":[11,"川越市","伊佐沼"],"3500269":[11,"坂戸市","にっさい花みず木"],"3500404":[11,"入間郡越生町","成瀬"],"3500424":[11,"入間郡越生町","黒山"],"3500306":[11,"比企郡鳩山町","竹本"],"3500041":[11,"川越市","六軒町"],"3500066":[11,"川越市","連雀町"],"3501103":[11,"川越市","霞ケ関東"],"3500262":[11,"坂戸市","新堀"],"3500211":[11,"坂戸市","島田"],"3501163":[11,"川越市","四都野台"],"3500105":[11,"比企郡川島町","小見野"],"3501234":[11,"日高市","上鹿山"],"3501307":[11,"狭山市","祇園"],"3500208":[11,"坂戸市","戸宮"],"3500417":[11,"入間郡越生町","上野東"],"3500215":[11,"坂戸市","関間"],"3501335":[11,"狭山市","柏原"],"3500222":[11,"坂戸市","清水町"],"3500283":[11,"坂戸市","けやき台","１－１"],"3500848":[11,"川越市","下老袋"],"3501223":[11,"日高市","高富"],"3500838":[11,"川越市","宮元町"],"3501172":[11,"川越市","増形"],"3500251":[11,"坂戸市","塚崎"],"3501215":[11,"日高市","高萩東"],"3501205":[11,"日高市","原宿"],"3500826":[11,"川越市","上寺山"],"3500138":[11,"比企郡川島町","吉原"],"3500811":[11,"川越市","小堤"],"3500133":[11,"比企郡川島町","表"],"3500305":[11,"比企郡鳩山町","泉井"],"3501253":[11,"日高市","台"],"3500111":[11,"比企郡川島町","谷中"],"3508666":[11,"川越市","大字並木","４５２－２"],"3501298":[11,"日高市","大字山根","１３９７－１"],"3500854":[11,"川越市","寺井"],"3502216":[11,"鶴ヶ島市","三ツ木新田"],"3500106":[11,"比企郡川島町","上小見野"],"3500495":[11,"入間郡毛呂山町","大字毛呂本郷","３８"],"3500446":[11,"入間郡毛呂山町","小田谷"],"3500432":[11,"入間郡毛呂山町","大類"],"3501388":[11,"狭山市","北入曽","６１３"],"3500022":[11,"川越市","小中居"],"3500161":[11,"比企郡川島町","長楽"],"3501204":[11,"日高市","新堀新田"],"3500146":[11,"比企郡川島町","曲師"],"3501316":[11,"狭山市","南入曽"],"3500312":[11,"比企郡鳩山町","鳩ケ丘"],"3500126":[11,"比企郡川島町","山ケ谷戸"],"3500808":[11,"川越市","吉田新町"],"3500405":[11,"入間郡越生町","津久根"],"3500166":[11,"比企郡川島町","戸守"],"3500234":[11,"坂戸市","緑町"],"3501326":[11,"狭山市","つつじ野"],"3501160":[11,"川越市","日東町"],"3500254":[11,"坂戸市","欠ノ上"],"3500301":[11,"比企郡鳩山町","奥田"],"3501292":[11,"日高市","大字南平沢","１０２０"],"3501119":[11,"川越市","豊田新田"],"3500051":[11,"川越市","志多町"],"3501319":[11,"狭山市","広瀬"],"3501304":[11,"狭山市","狭山台"],"3500114":[11,"比企郡川島町","東大塚"],"3501147":[11,"川越市","諏訪町"],"3500832":[11,"川越市","菅間"],"3500067":[11,"川越市","三光町"],"3500151":[11,"比企郡川島町","八幡"],"3500033":[11,"川越市","富士見町"],"3500287":[11,"坂戸市","千代田","５丁目７－４"],"3501300":[11,"狭山市",""],"3501168":[11,"川越市","大袋"],"3501108":[11,"川越市","伊勢原町"],"3501134":[11,"川越市","扇河岸"],"3500453":[11,"入間郡毛呂山町","宿谷"],"3500217":[11,"坂戸市","坂戸"],"3508508":[11,"川越市","仙波町","２丁目１９－６"],"3500266":[11,"坂戸市","北浅羽"],"3501106":[11,"川越市","小室"],"3500438":[11,"入間郡毛呂山町","西戸"],"3500124":[11,"比企郡川島町","三保谷宿"],"3500400":[11,"入間郡毛呂山町",""],"3500461":[11,"入間郡毛呂山町","中央"],"3500394":[11,"比企郡鳩山町","大字石坂","Ｆ"],"3500278":[11,"坂戸市","新ケ谷"],"3501156":[11,"川越市","中福"],"3501243":[11,"日高市","新堀"],"3501213":[11,"日高市","高萩"],"3501116":[11,"川越市","寿町"],"3500434":[11,"入間郡毛呂山町","市場"],"3500241":[11,"坂戸市","鶴舞"],"3500231":[11,"坂戸市","泉町"],"3501323":[11,"狭山市","鵜ノ木"],"3501177":[11,"川越市","かわつる三芳野"],"3501332":[11,"狭山市","下奥富"],"3500401":[11,"入間郡越生町","古池"],"3508501":[11,"川越市","新富町","１丁目２２"],"3500205":[11,"坂戸市","東坂戸"],"3500802":[11,"川越市","富士見"],"3501325":[11,"狭山市","根岸"],"3501308":[11,"狭山市","中央"],"3500395":[11,"比企郡鳩山町","大字赤沼","２５２０"],"3501334":[11,"狭山市","狭山"],"3500824":[11,"川越市","石原町"],"3501157":[11,"川越市","中福東"],"3500121":[11,"比企郡川島町","上八ツ林"],"3500143":[11,"比企郡川島町","出丸中郷"],"3500322":[11,"比企郡鳩山町","今宿"],"3501110":[11,"川越市","豊田町"],"3500268":[11,"坂戸市","金田"],"3501314":[11,"狭山市","加佐志"],"3500845":[11,"川越市","上老袋"],"3500292":[11,"坂戸市","千代田","１丁目１－１"],"3500837":[11,"川越市","石田"],"3501231":[11,"日高市","鹿山"],"3500157":[11,"比企郡川島町","下伊草"],"3501214":[11,"日高市","女影新田"],"3500456":[11,"入間郡毛呂山町","滝ノ入"],"3500026":[11,"川越市","泉町"],"3500113":[11,"比企郡川島町","東部"],"3500242":[11,"坂戸市","厚川"],"3500014":[11,"川越市","古市場"],"3501173":[11,"川越市","安比奈新田"],"3500167":[11,"比企郡川島町","南園部"],"3502288":[11,"鶴ケ島市","富士見","６丁目１－１"],"3500226":[11,"坂戸市","本町"],"3501235":[11,"日高市","楡木"],"3500423":[11,"入間郡越生町","大満"],"3500214":[11,"坂戸市","千代田"],"3501125":[11,"川越市","新宿"],"3501248":[11,"日高市","四本木"],"3500056":[11,"川越市","松江町"],"3500132":[11,"比企郡川島町","紫竹"],"3501162":[11,"川越市","南大塚"],"3502200":[11,"鶴ヶ島市",""],"3501206":[11,"日高市","南平沢"],"3500209":[11,"坂戸市","塚越"],"3501224":[11,"日高市","田木"],"3500034":[11,"川越市","仙波町"],"3500201":[11,"坂戸市","赤尾"],"3500101":[11,"比企郡川島町","梅ノ木"],"3501115":[11,"川越市","野田町"],"3501242":[11,"日高市","北平沢"],"3501102":[11,"川越市","的場北"],"3502206":[11,"鶴ヶ島市","藤金"],"3500413":[11,"入間郡越生町","如意"],"3500831":[11,"川越市","府川"],"3502204":[11,"鶴ヶ島市","鶴ヶ丘"],"3500135":[11,"比企郡川島町","下狢"],"3502281":[11,"鶴ケ島市","大字五味ケ谷","１８"],"3500407":[11,"入間郡越生町","上谷"],"3502212":[11,"鶴ヶ島市","共栄町"],"3508555":[11,"川越市","大字山田","字西町２５－１"],"3501296":[11,"日高市","大字原宿","７２１"],"3500223":[11,"坂戸市","八幡"],"3501322":[11,"狭山市","下広瀬"],"3500445":[11,"入間郡毛呂山町","葛貫"],"3500304":[11,"比企郡鳩山町","高野倉"],"3500162":[11,"比企郡川島町","正直"],"3500841":[11,"川越市","御成町"],"3501164":[11,"川越市","青柳"],"3500286":[11,"坂戸市","千代田","５丁目７番１"],"3501297":[11,"日高市","大字下高萩新田","１７－２"],"3502226":[11,"鶴ヶ島市","中新田"],"3500235":[11,"坂戸市","三光町"],"3500822":[11,"川越市","山田"],"3500853":[11,"川越市","城下町"],"3502217":[11,"鶴ヶ島市","三ツ木"],"3501245":[11,"日高市","栗坪"],"3500263":[11,"坂戸市","堀込"],"3502287":[11,"鶴ヶ島市","富士見","６－２－２"],"3501105":[11,"川越市","今成"],"3500433":[11,"入間郡毛呂山町","西大久保"],"3501194":[11,"川越市","南台","３－５－１"],"3502225":[11,"鶴ヶ島市","上新田"],"3501315":[11,"狭山市","北入曽"],"3500815":[11,"川越市","鯨井"],"3500300":[11,"比企郡鳩山町",""],"3500271":[11,"坂戸市","上吉田"],"3500844":[11,"川越市","鴨田"],"3501142":[11,"川越市","藤間"],"3500406":[11,"入間郡越生町","堂山"],"3500462":[11,"入間郡毛呂山町","若山"],"3501327":[11,"狭山市","笹井"],"3500104":[11,"比企郡川島町","芝沼"],"3501144":[11,"川越市","稲荷町"],"3501178":[11,"川越市","大塚新町"],"3501249":[11,"日高市","高麗川"],"3501122":[11,"川越市","脇田町"],"3501198":[11,"川越市","的場","１丁目２５０９"],"3501222":[11,"日高市","大谷沢"],"3500152":[11,"比企郡川島町","上伊草"],"3501333":[11,"狭山市","上奥富"],"3500437":[11,"入間郡毛呂山町","箕和田"],"3500127":[11,"比企郡川島町","牛ケ谷戸"],"3500807":[11,"川越市","吉田"],"3500258":[11,"坂戸市","北峰"],"3500063":[11,"川越市","幸町"],"3500465":[11,"入間郡毛呂山町","岩井西"],"3500154":[11,"比企郡川島町","安塚"],"3500204":[11,"坂戸市","紺屋"],"3500062":[11,"川越市","元町"],"3500454":[11,"入間郡毛呂山町","権現堂"],"3501398":[11,"狭山市","稲荷山","２丁目５－１"],"3502222":[11,"鶴ヶ島市","下新田"],"3501136":[11,"川越市","下新河岸"],"3500804":[11,"川越市","下広谷"],"3500827":[11,"川越市","寺山"],"3501305":[11,"狭山市","入間川"],"3501212":[11,"日高市","下高萩新田"],"3501135":[11,"川越市","上新河岸"],"3500125":[11,"比企郡川島町","東野"],"3500239":[11,"坂戸市","粟生田"],"3500042":[11,"川越市","中原町"],"3501255":[11,"日高市","武蔵台"],"3501392":[11,"狭山市","新狭山","１丁目１０－１"]}
