{"4092524":[19,"南巨摩郡身延町","身延"],"4093302":[19,"南巨摩郡身延町","手打沢"],"4090301":[19,"北都留郡丹波山村","奥秋"],"4090121":[19,"上野原市","四方津"],"4091392":[19,"甲州市","勝沼町勝沼","７５６－１"],"4092100":[19,"南巨摩郡南部町",""],"4092700":[19,"南巨摩郡早川町",""],"4090505":[19,"大月市","梁川町塩瀬"],"4093833":[19,"中央市","藤巻"],"4092937":[19,"南巨摩郡身延町","一色"],"4092725":[19,"南巨摩郡早川町","小縄"],"4092212":[19,"南巨摩郡南部町","南部"],"4093802":[19,"中央市","西新居"],"4092414":[19,"南巨摩郡身延町","樋之上"],"4093845":[19,"中央市","山之神"],"4090313":[19,"北都留郡丹波山村","親川"],"4093834":[19,"中央市","今福"],"4092721":[19,"南巨摩郡早川町","塩之上"],"4093854":[19,"中巨摩郡昭和町","築地新田"],"4093123":[19,"南巨摩郡身延町","熊沢"],"4091314":[19,"甲州市","勝沼町藤井"],"4093843":[19,"中央市","西花輪"],"4093101":[19,"南巨摩郡身延町","折門"],"4090138":[19,"上野原市","大倉"],"4090192":[19,"上野原市","上野原","３８３２"],"4092945":[19,"南巨摩郡身延町","波高島"],"4092534":[19,"南巨摩郡身延町","光子沢"],"4093312":[19,"南巨摩郡身延町","久成"],"4091203":[19,"甲州市","大和町初鹿野"],"4090135":[19,"上野原市","芦垣"],"4091302":[19,"甲州市","勝沼町菱山"],"4090126":[19,"上野原市","コモアしおつ"],"4090132":[19,"上野原市","鶴川"],"4090195":[19,"上野原市","上野原","３２００"],"4090300":[19,"北都留郡丹波山村",""],"4093801":[19,"中央市","中楯"],"4090616":[19,"大月市","猿橋町小沢"],"4092194":[19,"南巨摩郡南部町","万沢","７４８３"],"4092714":[19,"南巨摩郡早川町","草塩"],"4092944":[19,"南巨摩郡身延町","桃ケ窪"],"4093711":[19,"甲府市","梯町"],"4093605":[19,"西八代郡市川三郷町","下大鳥居"],"4092404":[19,"南巨摩郡身延町","大垈"],"4093305":[19,"南巨摩郡身延町","下田原"],"4093624":[19,"西八代郡市川三郷町","垈"],"4092934":[19,"南巨摩郡身延町","大炊平"],"4093892":[19,"中央市","臼井阿原","３０１－１"],"4092932":[19,"南巨摩郡身延町","杉山"],"4092213":[19,"南巨摩郡南部町","大和"],"4093104":[19,"南巨摩郡身延町","中之倉"],"4093233":[19,"西八代郡市川三郷町","五八"],"4093313":[19,"南巨摩郡身延町","平須"],"4090314":[19,"北都留郡丹波山村","御祭"],"4090141":[19,"上野原市","西原"],"4093897":[19,"中巨摩郡昭和町","西条","３６００"],"4093864":[19,"中巨摩郡昭和町","押越"],"4090122":[19,"上野原市","川合"],"4090137":[19,"上野原市","和見"],"4092413":[19,"南巨摩郡身延町","和田"],"4092523":[19,"南巨摩郡身延町","波木井"],"4093600":[19,"西八代郡市川三郷町",""],"4093898":[19,"中央市","下河東","１１１０"],"4092731":[19,"南巨摩郡早川町","大島"],"4093822":[19,"中央市","下三條"],"4092941":[19,"南巨摩郡身延町","湯之奥"],"4090625":[19,"大月市","七保町奈良子"],"4090622":[19,"大月市","七保町下和田"],"4092302":[19,"南巨摩郡南部町","下佐野"],"4093303":[19,"南巨摩郡身延町","寺沢"],"4093626":[19,"西八代郡市川三郷町","畑熊"],"4093434":[19,"南巨摩郡身延町","江尻窪"],"4092539":[19,"南巨摩郡身延町","小田船原"],"4093231":[19,"西八代郡市川三郷町","落居"],"4093114":[19,"南巨摩郡身延町","道"],"4091201":[19,"甲州市","大和町木賊"],"4093234":[19,"西八代郡市川三郷町","岩下"],"4092705":[19,"南巨摩郡早川町","早川"],"4093832":[19,"中央市","馬籠"],"4093866":[19,"中巨摩郡昭和町","西条"],"4090611":[19,"大月市","猿橋町小篠"],"4092403":[19,"南巨摩郡身延町","帯金"],"4090125":[19,"上野原市","野田尻"],"4092598":[19,"南巨摩郡身延町","下山","２７９"],"4093813":[19,"中央市","一町畑"],"4090316":[19,"北都留郡丹波山村","所畑"],"4091212":[19,"甲州市","塩山中萩原"],"4093422":[19,"南巨摩郡身延町","宮木"],"4090112":[19,"上野原市","上野原"],"4092216":[19,"南巨摩郡南部町","成島"],"4093893":[19,"中央市","成島","２２６６"],"4090198":[19,"上野原市","上野原","８１５４－１９"],"4093431":[19,"南巨摩郡身延町","矢細工"],"4093107":[19,"南巨摩郡身延町","瀬戸"],"4093122":[19,"南巨摩郡身延町","久保"],"4091502":[19,"北杜市","大泉町谷戸"],"4090617":[19,"大月市","猿橋町殿上"],"4092931":[19,"南巨摩郡身延町","北川"],"4093311":[19,"南巨摩郡身延町","大塩"],"4092398":[19,"南巨摩郡南部町","内船","４４７３－１"],"4092522":[19,"南巨摩郡身延町","下山"],"4091311":[19,"甲州市","勝沼町深沢"],"4093606":[19,"西八代郡市川三郷町","高田"],"4090305":[19,"北都留郡丹波山村","高尾"],"4090615":[19,"大月市","猿橋町朝日小沢"],"4092701":[19,"南巨摩郡早川町","奈良田"],"4092723":[19,"南巨摩郡早川町","榑坪"],"4093887":[19,"中央市","山之神","流通団地北２"],"4093625":[19,"西八代郡市川三郷町","中山"],"4090621":[19,"大月市","七保町浅川"],"4093823":[19,"中央市","上三條"],"4090200":[19,"北都留郡小菅村",""],"4093841":[19,"中央市","布施"],"4093602":[19,"西八代郡市川三郷町","山保"],"4092412":[19,"南巨摩郡身延町","角打"],"4091303":[19,"甲州市","勝沼町小佐手"],"4091213":[19,"甲州市","塩山牛奥"],"4092942":[19,"南巨摩郡身延町","下部"],"4090133":[19,"上野原市","八ツ沢"],"4093863":[19,"中巨摩郡昭和町","河東中島"],"4090136":[19,"上野原市","桑久保"],"4093244":[19,"西八代郡市川三郷町","岩間"],"4092500":[19,"南巨摩郡身延町",""],"4090211":[19,"北都留郡小菅村","小菅村"],"4090506":[19,"大月市","梁川町立野"],"4090626":[19,"大月市","七保町瀬戸"],"4093701":[19,"笛吹市","芦川町上芦川"],"4092103":[19,"南巨摩郡南部町","万沢"],"4092734":[19,"南巨摩郡早川町","雨畑"],"4092536":[19,"南巨摩郡身延町","相又"],"4093704":[19,"笛吹市","芦川町鶯宿"],"4093867":[19,"中巨摩郡昭和町","清水新居"],"4093116":[19,"南巨摩郡身延町","車田"],"4093126":[19,"南巨摩郡身延町","山家"],"4090501":[19,"大月市","富浜町宮谷"],"4093421":[19,"南巨摩郡身延町","八日市場"],"4092531":[19,"南巨摩郡身延町","梅平"],"4093804":[19,"中央市","井之口"],"4093103":[19,"南巨摩郡身延町","根子"],"4093306":[19,"南巨摩郡身延町","夜子沢"],"4090318":[19,"北都留郡丹波山村","鴨沢"],"4091202":[19,"甲州市","大和町田野"],"4092938":[19,"南巨摩郡身延町","市之瀬"],"4092711":[19,"南巨摩郡早川町","黒桂"],"4093601":[19,"西八代郡市川三郷町","市川大門"],"4092402":[19,"南巨摩郡身延町","下八木沢"],"4092946":[19,"南巨摩郡身延町","大子"],"4093115":[19,"南巨摩郡身延町","切房木"],"4093611":[19,"西八代郡市川三郷町","大塚"],"4090315":[19,"北都留郡丹波山村","杉奈久保"],"4093812":[19,"中央市","乙黒"],"4093612":[19,"西八代郡市川三郷町","上野"],"4090115":[19,"上野原市","松留"],"4090624":[19,"大月市","七保町林"],"4092947":[19,"南巨摩郡身延町","上之平"],"4093111":[19,"南巨摩郡身延町","大磯小磯"],"4090124":[19,"上野原市","犬目"],"4091211":[19,"甲州市","塩山上萩原"],"4093435":[19,"南巨摩郡身延町","梨子"],"4090306":[19,"北都留郡丹波山村","押垣外"],"4093692":[19,"西八代郡市川三郷町","市川大門","２６０３"],"4090612":[19,"大月市","猿橋町藤崎"],"4090618":[19,"大月市","猿橋町桂台"],"4093815":[19,"中央市","成島"],"4093621":[19,"西八代郡市川三郷町","下芦川"],"4093423":[19,"南巨摩郡身延町","飯富"],"4093889":[19,"中央市","西花輪","２６８０"],"4093232":[19,"西八代郡市川三郷町","寺所"],"4092192":[19,"南巨摩郡南部町","福士","２８５０５－２"],"4093885":[19,"中央市","山之神","流通団地１－１－１"],"4093803":[19,"中央市","若宮"],"4091312":[19,"甲州市","勝沼町上岩崎"],"4092196":[19,"南巨摩郡南部町","福士","２８５０５－４"],"4093622":[19,"西八代郡市川三郷町","三帳"],"4093304":[19,"南巨摩郡身延町","切石"],"4093106":[19,"南巨摩郡身延町","古関"],"4090303":[19,"北都留郡丹波山村","中組"],"4092411":[19,"南巨摩郡身延町","丸滝"],"4091501":[19,"北杜市","大泉町西井出"],"4090100":[19,"上野原市",""],"4093121":[19,"南巨摩郡身延町","大山"],"4093245":[19,"西八代郡市川三郷町","楠甫"],"4093603":[19,"西八代郡市川三郷町","黒沢"],"4092537":[19,"南巨摩郡身延町","大城"],"4093851":[19,"中巨摩郡昭和町","河西"],"4092215":[19,"南巨摩郡南部町","柳島"],"4093852":[19,"中巨摩郡昭和町","飯喰"],"4090317":[19,"北都留郡丹波山村","小袖"],"4090111":[19,"上野原市","棡原"],"4092304":[19,"南巨摩郡南部町","井出"],"4092532":[19,"南巨摩郡身延町","大野"],"4093702":[19,"笛吹市","芦川町新井原"],"4092703":[19,"南巨摩郡早川町","新倉"],"4093307":[19,"南巨摩郡身延町","日向南沢"],"4090503":[19,"大月市","梁川町綱の上"],"4090193":[19,"上野原市","八ツ沢","２５２５"],"4093793":[19,"笛吹市","芦川町中芦川","５８５"],"4092305":[19,"南巨摩郡南部町","内船"],"4092303":[19,"南巨摩郡南部町","十島"],"4090502":[19,"大月市","富浜町鳥沢"],"4092521":[19,"南巨摩郡身延町","粟倉"],"4092592":[19,"南巨摩郡身延町","梅平","２４８３－３６"],"4090131":[19,"上野原市","大曽根"],"4092727":[19,"南巨摩郡早川町","薬袋"],"4093242":[19,"西八代郡市川三郷町","宮原"],"4093894":[19,"中央市","中楯","８２５"],"4092217":[19,"南巨摩郡南部町","本郷"],"4091313":[19,"甲州市","勝沼町下岩崎"],"4093881":[19,"中巨摩郡昭和町","築地新居","２０００"],"4092702":[19,"南巨摩郡早川町","湯島"],"4092406":[19,"南巨摩郡身延町","大崩"],"4093301":[19,"南巨摩郡身延町","西嶋"],"4093712":[19,"甲府市","古関町"],"4090627":[19,"大月市","七保町駒宮"],"4093831":[19,"中央市","大田和"],"4093436":[19,"南巨摩郡身延町","福原"],"4092102":[19,"南巨摩郡南部町","福士"],"4093862":[19,"中巨摩郡昭和町","上河東"],"4090312":[19,"北都留郡丹波山村","高畑"],"4093102":[19,"南巨摩郡身延町","八坂"],"4092401":[19,"南巨摩郡身延町","上八木沢"],"4091298":[19,"甲州市","大和町初鹿野","１６９３－１"],"4092943":[19,"南巨摩郡身延町","川向"],"4093125":[19,"南巨摩郡身延町","嶺"],"4090302":[19,"北都留郡丹波山村","上組"],"4092733":[19,"南巨摩郡早川町","赤沢"],"4092992":[19,"南巨摩郡身延町","常葉","１０２５"],"4093112":[19,"南巨摩郡身延町","芝草"],"4092724":[19,"南巨摩郡早川町","初鹿島"],"4090623":[19,"大月市","七保町葛野"],"4091316":[19,"甲州市","勝沼町勝沼"],"4093117":[19,"南巨摩郡身延町","三沢"],"4093842":[19,"中央市","東花輪"],"4092704":[19,"南巨摩郡早川町","大原野"],"4093432":[19,"南巨摩郡身延町","中山"],"4091304":[19,"甲州市","勝沼町休息"],"4093792":[19,"甲府市","古関町","１１５８"],"4093393":[19,"南巨摩郡身延町","西嶋","３５２５"],"4092535":[19,"南巨摩郡身延町","横根中"],"4093424":[19,"南巨摩郡身延町","伊沼"],"4093623":[19,"西八代郡市川三郷町","高萩"],"4092193":[19,"南巨摩郡南部町","福士","２７０５－３"],"4091301":[19,"甲州市","勝沼町中原"],"4093835":[19,"中央市","今福新田"],"4090114":[19,"上野原市","鶴島"],"4091321":[19,"甲州市","塩山牛奥"],"4092712":[19,"南巨摩郡早川町","西之宮"],"4092593":[19,"南巨摩郡身延町","身延","３５６７"],"4092415":[19,"南巨摩郡身延町","大島"],"4090304":[19,"北都留郡丹波山村","下組"],"4093433":[19,"南巨摩郡身延町","遅沢"],"4090142":[19,"北都留郡小菅村","小菅村"],"4093814":[19,"中央市","町之田"],"4093844":[19,"中央市","臼井阿原"],"4090504":[19,"大月市","梁川町新倉"],"4093703":[19,"笛吹市","芦川町中芦川"],"4092533":[19,"南巨摩郡身延町","清子"],"4092936":[19,"南巨摩郡身延町","常葉"],"4093243":[19,"西八代郡市川三郷町","鴨狩津向"],"4092715":[19,"南巨摩郡早川町","京ケ島"],"4090134":[19,"上野原市","大椚"],"4091204":[19,"甲州市","大和町日影"],"4093293":[19,"西八代郡市川三郷町","岩間","２１４７"],"4093861":[19,"中巨摩郡昭和町","紙漉阿原"],"4092722":[19,"南巨摩郡早川町","笹走"],"4091315":[19,"甲州市","勝沼町等々力"],"4092732":[19,"南巨摩郡早川町","高住"],"4093118":[19,"南巨摩郡身延町","上田原"],"4090614":[19,"大月市","猿橋町猿橋"],"4092214":[19,"南巨摩郡南部町","塩沢"],"4093604":[19,"西八代郡市川三郷町","八之尻"],"4093883":[19,"中巨摩郡昭和町","紙漉阿原","１０００番地"],"4093800":[19,"中央市",""],"4093853":[19,"中巨摩郡昭和町","築地新居"],"4093607":[19,"西八代郡市川三郷町","印沢"],"4093811":[19,"中央市","極楽寺"],"4092726":[19,"南巨摩郡早川町","千須和"],"4092933":[19,"南巨摩郡身延町","岩欠"],"4092538":[19,"南巨摩郡身延町","門野"],"4092301":[19,"南巨摩郡南部町","上佐野"],"4093895":[19,"中巨摩郡昭和町","紙漉阿原","１３７５"],"4090123":[19,"上野原市","大野"],"4092935":[19,"南巨摩郡身延町","清沢"],"4093241":[19,"西八代郡市川三郷町","葛籠沢"],"4092713":[19,"南巨摩郡早川町","保"],"4091205":[19,"甲州市","大和町鶴瀬"],"4092211":[19,"南巨摩郡南部町","中野"],"4093821":[19,"中央市","下河東"],"4092195":[19,"南巨摩郡南部町","万沢","７０７９－１"],"4092597":[19,"南巨摩郡身延町","身延","３５６７"],"4090613":[19,"大月市","猿橋町伊良原"],"4093888":[19,"中央市","山之神","流通団地１－７－１"],"4090113":[19,"上野原市","新田"],"4093896":[19,"中央市","一町畑","２１７"],"4093880":[19,"中巨摩郡昭和町","押越","５４２－２"],"4093437":[19,"南巨摩郡身延町","古長谷"],"4092101":[19,"南巨摩郡南部町","楮根"],"4093865":[19,"中巨摩郡昭和町","西条新田"],"4091306":[19,"甲州市","勝沼町山"],"4093113":[19,"南巨摩郡身延町","水船"],"4092405":[19,"南巨摩郡身延町","椿草里"],"4090311":[19,"北都留郡丹波山村","保之瀬"],"4093392":[19,"南巨摩郡身延町","切石","３５０"],"4093105":[19,"南巨摩郡身延町","釜額"],"4091305":[19,"甲州市","勝沼町綿塚"],"4093124":[19,"南巨摩郡身延町","樋田"]}
