{"1088217":[13,"港区","港南","２－１６－２太陽生命品川ビル１２階"],"1088650":[13,"港区","白金","１丁目１７－３ＮＢＦプラチナタワー３Ｆ"],"1088208":[13,"港区","港南","２丁目３番１３号"],"1088560":[13,"港区","芝浦","４丁目６番１４号"],"1088416":[13,"港区","芝","５－３４－６新田町ビル１１階"],"1088530":[13,"港区","芝浦","４丁目１３－２３"],"1088001":[13,"港区","芝","５丁目７－１ＮＥＣ本社ビル"],"1086105":[13,"港区","港南品川インターシティＢ棟"],"1086108":[13,"港区","港南品川インターシティＢ棟"],"1088573":[13,"港区","高輪","２－２１－４６"],"1086323":[13,"港区","三田住友不動産三田ツインビル西館"],"1086001":[13,"港区","港南品川インターシティＡ棟"],"1088478":[13,"港区","港南","１丁目６－３５"],"1086311":[13,"港区","三田住友不動産三田ツインビル西館"],"1088448":[13,"港区","海岸","３丁目２２－３４"],"1088430":[13,"港区","海岸","３丁目１８－２１ブライトイースト芝浦"],"1088011":[13,"港区","港南","２丁目１６－６"],"1088388":[13,"港区","高輪","２－２１－４３ＹＣＣ高輪ビル"],"1088372":[13,"港区","芝","４－４－５三田労働基準協会ビル３Ｆ"],"1088606":[13,"港区","高輪","３丁目１０－１１"],"1086115":[13,"港区","港南品川インターシティＢ棟"],"1086221":[13,"港区","港南品川インターシティＣ棟"],"1088361":[13,"港区","三田","２丁目１－１４"],"1080023":[13,"港区","芝浦"],"1088646":[13,"港区","白金","１丁目１７－３"],"1086007":[13,"港区","港南品川インターシティＡ棟"],"1086327":[13,"港区","三田住友不動産三田ツインビル西館"],"1088552":[13,"港区","芝浦","３丁目１６－４"],"1088703":[13,"品川区","東品川","２丁目３－１４"],"1086021":[13,"港区","港南品川インターシティＡ棟"],"1086017":[13,"港区","港南品川インターシティＡ棟"],"1088571":[13,"港区","三田","３－１０－１ア－バンネット三田ビル８Ｆ"],"1086212":[13,"港区","港南品川インターシティＣ棟"],"1086028":[13,"港区","港南品川インターシティＡ棟"],"1088407":[13,"港区","芝","５丁目３４－６新田町ビル６階"],"1086309":[13,"港区","三田住友不動産三田ツインビル西館"],"1086101":[13,"港区","港南品川インターシティＢ棟"],"1086111":[13,"港区","港南品川インターシティＢ棟"],"1086026":[13,"港区","港南品川インターシティＡ棟"],"1088557":[13,"港区","芝浦","２丁目１１－５五十嵐ビル"],"1086305":[13,"港区","三田住友不動産三田ツインビル西館"],"1086301":[13,"港区","三田住友不動産三田ツインビル西館"],"1086217":[13,"港区","港南品川インターシティＣ棟"],"1086206":[13,"港区","港南品川インターシティＣ棟"],"1086306":[13,"港区","三田住友不動産三田ツインビル西館"],"1088313":[13,"港区","三田","１丁目４－２８三田国際ビル１６Ｆ"],"1086213":[13,"港区","港南品川インターシティＣ棟"],"1086201":[13,"港区","港南品川インターシティＣ棟"],"1088333":[13,"港区","三田","１丁目４－２８"],"1086328":[13,"港区","三田住友不動産三田ツインビル西館"],"1088221":[13,"港区","港南","２－１５－２品川インターシティＢ棟"],"1086126":[13,"港区","港南品川インターシティＢ棟"],"1088424":[13,"港区","芝","５丁目３３－８第一田町ビル"],"1086216":[13,"港区","港南品川インターシティＣ棟"],"1088378":[13,"港区","芝","４丁目６－１２"],"1088633":[13,"港区","白金台","２丁目２５－１"],"1088117":[13,"港区","港南","２丁目１６－４"],"1086003":[13,"港区","港南品川インターシティＡ棟"],"1088512":[13,"港区","芝浦","２丁目１５－６"],"1086302":[13,"港区","三田住友不動産三田ツインビル西館"],"1086120":[13,"港区","港南品川インターシティＢ棟"],"1086020":[13,"港区","港南品川インターシティＡ棟"],"1088230":[13,"港区","港南","２－１８－１ＪＲ品川イーストビル"],"1086012":[13,"港区","港南品川インターシティＡ棟"],"1088466":[13,"港区","港南","２丁目１１－１９ＮＣＩビル"],"1086104":[13,"港区","港南品川インターシティＢ棟"],"1086190":[13,"港区","港南品川インターシティＢ棟"],"1088555":[13,"港区","芝浦","４－９－２５芝浦スクエアビル"],"1086110":[13,"港区","港南品川インターシティＢ棟"],"1086114":[13,"港区","港南品川インターシティＢ棟"],"1086326":[13,"港区","三田住友不動産三田ツインビル西館"],"1088580":[13,"港区","高輪","３丁目２３－１７"],"1088586":[13,"港区","高輪","２丁目１９－１９"],"1080071":[13,"港区","白金台"],"1086030":[13,"港区","港南品川インターシティＡ棟"],"1088005":[13,"港区","港南","１－８－１５"],"1088551":[13,"港区","芝浦","４丁目１０－１６"],"1086322":[13,"港区","三田住友不動産三田ツインビル西館"],"1088423":[13,"港区","芝","５丁目２１－６芝ダイビル"],"1086107":[13,"港区","港南品川インターシティＢ棟"],"1086011":[13,"港区","港南品川インターシティＡ棟"],"1088456":[13,"港区","海岸","３丁目４－２０"],"1086325":[13,"港区","三田住友不動産三田ツインビル西館"],"1088641":[13,"港区","白金","５丁目９－１"],"1088380":[13,"港区","芝","５－２５－１１ヒューリック三田ビル４階・５階"],"1088211":[13,"港区","港南","２丁目１６－１"],"1086090":[13,"港区","港南品川インターシティＡ棟"],"1086227":[13,"港区","港南品川インターシティＣ棟"],"1088410":[13,"港区","芝","５丁目３３－８"],"1088477":[13,"港区","港南","４丁目５－７"],"1086002":[13,"港区","港南品川インターシティＡ棟"],"1086131":[13,"港区","港南品川インターシティＢ棟"],"1086208":[13,"港区","港南品川インターシティＣ棟"],"1088232":[13,"港区","港南","２丁目１８－１"],"1086125":[13,"港区","港南品川インターシティＢ棟"],"1088330":[13,"港区","三田","３丁目９番６号"],"1088444":[13,"港区","海岸","３丁目２０－２０ヨコソ－レインボータワー８Ｆ"],"1086016":[13,"港区","港南品川インターシティＡ棟"],"1086220":[13,"港区","港南品川インターシティＣ棟"],"1086119":[13,"港区","港南品川インターシティＢ棟"],"1088325":[13,"港区","三田","２丁目１７－２５"],"1088470":[13,"港区","港南","１－７－１８"],"1086027":[13,"港区","港南品川インターシティＡ棟"],"1080074":[13,"港区","高輪"],"1088282":[13,"港区","港南","２丁目１６－１品川イーストワンタワー"],"1086032":[13,"港区","港南品川インターシティＡ棟"],"1088559":[13,"港区","芝浦","４丁目２－８"],"1088545":[13,"港区","芝浦","３丁目１１－４"],"1086316":[13,"港区","三田住友不動産三田ツインビル西館"],"1088581":[13,"港区","高輪","１丁目１６－２５"],"1088303":[13,"港区","三田","３丁目１２－１５"],"1088485":[13,"港区","港南","４丁目６－４９"],"1088710":[13,"港区","港南","１丁目８－３５"],"1086224":[13,"港区","港南品川インターシティＣ棟"],"1088510":[13,"港区","港南","１丁目８－２７"],"1088648":[13,"港区","白金","１丁目１７－３ＮＢＦプラチナタワー２Ｆ"],"1086025":[13,"港区","港南品川インターシティＡ棟"],"1088241":[13,"港区","港南","２丁目１６－４品川グランドセントラルタワー"],"1088612":[13,"港区","高輪","３丁目１３－１"],"1086121":[13,"港区","港南品川インターシティＢ棟"],"1088585":[13,"港区","高輪","４丁目５－６"],"1086022":[13,"港区","港南品川インターシティＡ棟"],"1088543":[13,"港区","芝浦","２丁目１５－４"],"1088270":[13,"港区","港南","１－６－２７"],"1088617":[13,"港区","高輪","４－１０－１８京急第１ビル１３Ｆ"],"1088536":[13,"港区","芝浦","３丁目１９－２６トッパン芝浦ビル"],"1088544":[13,"港区","芝浦","３丁目１２－８"],"1088556":[13,"港区","芝","４－１４－１第二田町ビル"],"1086004":[13,"港区","港南品川インターシティＡ棟"],"1088622":[13,"港区","高輪","３丁目１３－２２"],"1088525":[13,"港区","芝浦","３丁目４－１グランパークタワー"],"1086304":[13,"港区","三田住友不動産三田ツインビル西館"],"1088389":[13,"港区","芝","５丁目２６－３０"],"1088411":[13,"港区","芝","５丁目３４－７"],"1088231":[13,"港区","港南","２丁目１８－１ＪＲ品川イーストビル１４Ｆ"],"1088307":[13,"港区","三田","３丁目９－６三田Ｍ－ＳＱＵＡＲＥ１３階"],"1088373":[13,"港区","芝","４丁目６－５"],"1088358":[13,"港区","三田","３丁目２－２３"],"1086214":[13,"港区","港南品川インターシティＣ棟"],"1088383":[13,"港区","芝","４丁目６－６"],"1088345":[13,"港区","三田","２丁目１５－４５"],"1086314":[13,"港区","三田住友不動産三田ツインビル西館"],"1088509":[13,"港区","芝浦","３丁目４番１号グランパークタワー内"],"1086008":[13,"港区","港南品川インターシティＡ棟"],"1088315":[13,"港区","三田","１丁目４番１０号"],"1086210":[13,"港区","港南品川インターシティＣ棟"],"1086005":[13,"港区","港南品川インターシティＡ棟"],"1086014":[13,"港区","港南品川インターシティＡ棟"],"1088550":[13,"港区","芝浦","２丁目１０－５"],"1088404":[13,"港区","芝","４丁目４－１２"],"1086203":[13,"港区","港南品川インターシティＣ棟"],"1088322":[13,"港区","三田","３丁目１３－１６三田４３ＭＴビル１３階"],"1086103":[13,"港区","港南品川インターシティＢ棟"],"1086290":[13,"港区","港南品川インターシティＣ棟"],"1088088":[13,"港区","芝浦","２－９－１３－ＯＣＳビル新館"],"1088582":[13,"港区","高輪","１－４－１０－８Ｆ"],"1088414":[13,"港区","芝","５丁目２６－２０"],"1088381":[13,"港区","芝","５丁目６番地１号"],"1080022":[13,"港区","海岸"],"1088355":[13,"港区","三田","３丁目４－１０"],"1086207":[13,"港区","港南品川インターシティＣ棟"],"1086363":[13,"港区","三田","３丁目５番２７号住友不動産三田ツインビル西館７階"],"1088701":[13,"港区","芝浦","２－９－１３"],"1088575":[13,"港区","三田","３丁目５－２７住友不動産三田ツインビル西館"],"1088632":[13,"港区","白金台","１丁目１－５０"],"1086123":[13,"港区","港南品川インターシティＢ棟"],"1088071":[13,"港区","芝浦","４丁目５－４"],"1088326":[13,"港区","三田","１丁目１０－３"],"1088255":[13,"港区","港南","５丁目５－３０"],"1086230":[13,"港区","港南品川インターシティＣ棟"],"1088540":[13,"港区","芝浦","２丁目１－１３"],"1086124":[13,"港区","港南品川インターシティＢ棟"],"1086219":[13,"港区","港南品川インターシティＣ棟"],"1086308":[13,"港区","三田住友不動産三田ツインビル西館"],"1088233":[13,"港区","港南","２丁目１８－１"],"1086130":[13,"港区","港南品川インターシティＢ棟"],"1088020":[13,"港区","白金","１丁目１７－３ＮＢＦプラチナタワー１５Ｆ"],"1088533":[13,"港区","芝浦","４丁目８－３３"],"1088616":[13,"港区","高輪","３丁目２２番１２号"],"1088276":[13,"港区","港南","５丁目５－３０"],"1086313":[13,"港区","三田住友不動産三田ツインビル西館"],"1088505":[13,"港区","港南","１丁目９－１ＮＴＴ品川ＴＷＩＮＳアネックス棟ＮＴＴ品川ＴＷＩＮＳＤＡＴＡ棟"],"1088417":[13,"港区","芝","５－３３－７徳栄ビル"],"1086317":[13,"港区","三田住友不動産三田ツインビル西館"],"1088379":[13,"港区","芝","４－１－２３"],"1086129":[13,"港区","港南品川インターシティＢ棟"],"1088628":[13,"港区","高輪","３丁目１９－１５"],"1088640":[13,"港区","白金台","１丁目１－５０"],"1088425":[13,"港区","芝","５丁目３３－１森永プラザビル"],"1088280":[13,"港区","港南","２丁目１８－１ＪＲ品川イーストビル１３階"],"1088558":[13,"港区","芝浦","４丁目１４－２２大東田町ビル"],"1086390":[13,"港区","三田住友不動産三田ツインビル西館"],"1086118":[13,"港区","港南品川インターシティＢ棟"],"1088386":[13,"港区","芝","４－１７－５田町プレイスビル３Ｆ"],"1086223":[13,"港区","港南品川インターシティＣ棟"],"1088610":[13,"港区","高輪","３丁目２３－１４"],"1086222":[13,"港区","港南品川インターシティＣ棟"],"1086225":[13,"港区","港南品川インターシティＣ棟"],"1086106":[13,"港区","港南品川インターシティＢ棟"],"1088308":[13,"港区","三田","３－１３－１２三田ＭＴビル２Ｆ"],"1088350":[13,"港区","三田","１丁目４－２８１１Ｆ"],"1088568":[13,"港区","高輪","２丁目１７－１１"],"1088502":[13,"港区","港南","２丁目１５－２"],"1086228":[13,"港区","港南品川インターシティＣ棟"],"1088202":[13,"港区","港南","２－１６－４－１７Ｆ"],"1088553":[13,"港区","芝浦","４丁目９－２５芝浦スクエアビル１５Ｆ"],"1086310":[13,"港区","三田住友不動産三田ツインビル西館"],"1088370":[13,"港区","三田","１丁目４－２８三田国際ビル１６Ｆ"],"1088240":[13,"港区","港南","２－１６－４グランドセントラルタワー１０Ｆ"],"1088328":[13,"港区","三田","３丁目１２－１６三光ビル７階"],"1088713":[13,"港区","芝浦","４丁目８－３"],"1086318":[13,"港区","三田住友不動産三田ツインビル西館"],"1080072":[13,"港区","白金"],"1086321":[13,"港区","三田住友不動産三田ツインビル西館"],"1088439":[13,"港区","海岸","３丁目１４－１１オンワード樫山芝浦第３ビル"],"1088275":[13,"港区","港南","２丁目１６－１"],"1086231":[13,"港区","港南品川インターシティＣ棟"],"1080075":[13,"港区","港南"],"1086303":[13,"港区","三田住友不動産三田ツインビル西館"],"1088636":[13,"港区","白金台","１丁目２－３７"],"1086113":[13,"港区","港南品川インターシティＢ棟"],"1088415":[13,"港区","芝","４丁目１－２３"],"1086204":[13,"港区","港南品川インターシティＣ棟"],"1086315":[13,"港区","三田住友不動産三田ツインビル西館"],"1088242":[13,"港区","港南","２丁目１６番４号品川グランドセントラルタワー"],"1086018":[13,"港区","港南品川インターシティＡ棟"],"1088583":[13,"港区","高輪","３丁目２２番１２号"],"1088564":[13,"港区","芝浦","４丁目９－２５芝浦スクエアビル４Ｆ"],"1088520":[13,"港区","芝浦","２丁目１２－１３"],"1088201":[13,"港区","港南","２丁目１６－１"],"1088234":[13,"港区","港南","２丁目１８－１"],"1088635":[13,"港区","白金台","４丁目７－４白金台ＳＴビル９Ｆ"],"1088360":[13,"港区","三田","３丁目４－１９ＤＫＳＨ三田ビルディング"],"1086312":[13,"港区","三田住友不動産三田ツインビル西館"],"1088642":[13,"港区","白金","５丁目９－１"],"1088403":[13,"港区","芝","５丁目３３－１"],"1086109":[13,"港区","港南品川インターシティＢ棟"],"1088250":[13,"港区","港南","２－１８－１ＪＲ品川イーストビル"],"1088305":[13,"港区","三田","１丁目４－２８"],"1086229":[13,"港区","港南品川インターシティＣ棟"],"1088329":[13,"港区","三田","１丁目４－３"],"1088601":[13,"港区","高輪","４丁目２４－５８"],"1088707":[13,"港区","三田","３丁目１２－１２"],"1088420":[13,"港区","芝","５丁目２９－２３明生田町ビル"],"1086010":[13,"港区","港南品川インターシティＡ棟"],"1086324":[13,"港区","三田住友不動産三田ツインビル西館"],"1086122":[13,"港区","港南品川インターシティＢ棟"],"1088384":[13,"港区","芝","５丁目３３－１"],"1088615":[13,"港区","高輪","４丁目１０－１８"],"1086009":[13,"港区","港南品川インターシティＡ棟"],"1086218":[13,"港区","港南品川インターシティＣ棟"],"1086024":[13,"港区","港南品川インターシティＡ棟"],"1088515":[13,"港区","芝浦","４丁目８－３トヨタアドミニスタ芝浦ビル"],"1086350":[13,"港区","三田","３丁目５－２７住友不動産三田ツインビル西館７階"],"1086116":[13,"港区","港南品川インターシティＢ棟"],"1088548":[13,"港区","芝浦","３丁目９－１４"],"1088607":[13,"港区","高輪","４丁目６－１２"],"1086215":[13,"港区","港南品川インターシティＣ棟"],"1088611":[13,"港区","高輪","４丁目１０番３０号"],"1086031":[13,"港区","港南品川インターシティＡ棟"],"1088222":[13,"港区","港南","２丁目１６－２太陽生命品川ビル"],"1086202":[13,"港区","港南品川インターシティＣ棟"],"1086205":[13,"港区","港南品川インターシティＣ棟"],"1086330":[13,"港区","三田住友不動産三田ツインビル西館"],"1088334":[13,"港区","三田","３丁目１－１２"],"1086019":[13,"港区","港南品川インターシティＡ棟"],"1086112":[13,"港区","港南品川インターシティＢ棟"],"1088532":[13,"港区","芝浦","２丁目５－１"],"1086307":[13,"港区","三田住友不動産三田ツインビル西館"],"1086015":[13,"港区","港南品川インターシティＡ棟"],"1088338":[13,"港区","三田","１丁目４－２８三田国際ビル"],"1088507":[13,"港区","港南","２－１３－３７フィリップスビル"],"1086023":[13,"港区","港南品川インターシティＡ棟"],"1086329":[13,"港区","三田住友不動産三田ツインビル西館"],"1086127":[13,"港区","港南品川インターシティＢ棟"],"1088501":[13,"港区","港南","２丁目１３－４０"],"1088341":[13,"港区","三田","４丁目１２－１８"],"1088547":[13,"港区","芝浦","３丁目１－４７"],"1088421":[13,"港区","芝","５丁目３４－２春日ビル"],"1088588":[13,"港区","高輪","４丁目１０－８京急第７ビル"],"1088578":[13,"港区","高輪","２丁目２１－４２"],"1086029":[13,"港区","港南品川インターシティＡ棟"],"1086102":[13,"港区","港南品川インターシティＢ棟"],"1086209":[13,"港区","港南品川インターシティＣ棟"],"1080073":[13,"港区","三田"],"1086013":[13,"港区","港南品川インターシティＡ棟"],"1086211":[13,"港区","港南品川インターシティＣ棟"],"1088511":[13,"港区","芝浦","４－１３－２３ＭＳ芝浦ビル９階"],"1086128":[13,"港区","港南品川インターシティＢ棟"],"1088523":[13,"港区","芝浦","４丁目２－１９"],"1086117":[13,"港区","港南品川インターシティＢ棟"],"1088602":[13,"港区","高輪","３丁目１３－２２"],"1086226":[13,"港区","港南品川インターシティＣ棟"],"1080014":[13,"港区","芝"],"1088080":[13,"港区","海岸","３丁目２０－２０"],"1088050":[13,"港区","白金","１丁目１７－３ＮＢＦプラチナタワー２Ｆ"],"1086006":[13,"港区","港南品川インターシティＡ棟"],"1088210":[13,"港区","港南","１－７－１８ＤＢＣ品川東急ビル６Ｆ"],"1086319":[13,"港区","三田住友不動産三田ツインビル西館"],"1086320":[13,"港区","三田住友不動産三田ツインビル西館"]}
