{"2608559":[12,"千葉市中央区","新町","３－１３千葉ＴＮビル５Ｆ"],"2608603":[12,"千葉市中央区","弁天","１丁目１３－１"],"2608627":[12,"千葉市中央区","中央","４丁目１３－１０千葉県教育会館６Ｆ"],"2608636":[12,"千葉市中央区","富士見","２丁目３－１"],"2600026":[12,"千葉市中央区","千葉港"],"2608501":[12,"千葉市中央区","中央","４丁目１７－８"],"2608663":[12,"千葉市中央区","市場町","３－１"],"2608642":[12,"千葉市中央区","富士見","２丁目２２－２"],"2608625":[12,"千葉市中央区","中央","１丁目１１－１"],"2608710":[12,"千葉市中央区","仁戸名町","６８２"],"2600825":[12,"千葉市中央区","村田町"],"2600044":[12,"千葉市中央区","松波"],"2600000":[12,"千葉市中央区",""],"2608622":[12,"千葉市中央区","中央","３丁目９－１６三井生命千葉中央ビル８Ｆ"],"2600823":[12,"千葉市中央区","塩田町"],"2600802":[12,"千葉市中央区","川戸町"],"2608551":[12,"千葉市中央区","弁天","２－２３－３"],"2608566":[12,"千葉市中央区","都町","１丁目１－３０千葉県警都町庁舎内"],"2608506":[12,"千葉市中央区","中央","４丁目１１－１千葉第２地方合同庁舎３階"],"2600803":[12,"千葉市中央区","花輪町"],"2608668":[12,"千葉市中央区","長洲","１丁目９番１号"],"2600854":[12,"千葉市中央区","長洲"],"2608586":[12,"千葉市中央区","要町","５－７"],"2608510":[12,"千葉市中央区","中央港","１丁目１３－１"],"2600855":[12,"千葉市中央区","市場町"],"2600003":[12,"千葉市中央区","鶴沢町"],"2608702":[12,"千葉市中央区","花輪町","１１１"],"2608562":[12,"千葉市中央区","都町","１丁目１－３０千葉県警都町庁舎内"],"2600815":[12,"千葉市中央区","今井町"],"2600811":[12,"千葉市中央区","大森町"],"2600005":[12,"千葉市中央区","道場南"],"2608585":[12,"千葉市中央区","本千葉町","９－２１"],"2608516":[12,"千葉市中央区","千葉港","７－５"],"2608688":[12,"千葉市中央区","蘇我町","１丁目５６６－１"],"2600042":[12,"千葉市中央区","椿森"],"2608514":[12,"千葉市中央区","千葉港","４－３"],"2600807":[12,"千葉市中央区","松ケ丘町"],"2600015":[12,"千葉市中央区","富士見"],"2600852":[12,"千葉市中央区","青葉町"],"2608610":[12,"千葉市中央区","千葉港","５番１号"],"2600833":[12,"千葉市中央区","稲荷町"],"2600857":[12,"千葉市中央区","亀岡町"],"2608620":[12,"千葉市中央区","中央","４丁目１１－１"],"2608502":[12,"千葉市中央区","中央港","１丁目１３－３"],"2608661":[12,"千葉市中央区","市場町","１１－２"],"2600017":[12,"千葉市中央区","要町"],"2608575":[12,"千葉市中央区","本千葉町","１０－２３"],"2608521":[12,"千葉市中央区","問屋町","２－１"],"2608607":[12,"千葉市中央区","椿森","５丁目６－１"],"2600041":[12,"千葉市中央区","東千葉"],"2600027":[12,"千葉市中央区","新田町"],"2600843":[12,"千葉市中央区","末広"],"2600851":[12,"千葉市中央区","矢作町"],"2608631":[12,"千葉市中央区","富士見","２丁目６－１"],"2608567":[12,"千葉市中央区","都町","２丁目１９－３"],"2608563":[12,"千葉市中央区","都町","１１０４－１"],"2600021":[12,"千葉市中央区","新宿"],"2608665":[12,"千葉市中央区","市場町","１－１"],"2608552":[12,"千葉市中央区","港町","１３－１"],"2600831":[12,"千葉市中央区","港町"],"2600841":[12,"千葉市中央区","白旗"],"2600001":[12,"千葉市中央区","都町"],"2608554":[12,"千葉市中央区","新町","１８－１４千葉新町ビル５階"],"2608588":[12,"千葉市中央区","祐光","４丁目１８－３"],"2608629":[12,"千葉市中央区","市場町","１番１号"],"2608662":[12,"千葉市中央区","市場町","１－１"],"2600801":[12,"千葉市中央区","仁戸名町"],"2608730":[12,"千葉市中央区","問屋町","１－３５千葉サポートサイドタワー１１Ｆ・１２Ｆ"],"2608671":[12,"千葉市中央区","亥鼻","１丁目８－１"],"2608508":[12,"千葉市中央区","千葉港","４－３"],"2608656":[12,"千葉市中央区","長洲","２丁目２１－８"],"2600031":[12,"千葉市中央区","新千葉"],"2608733":[12,"千葉市中央区","中央","３丁目１０－８"],"2608673":[12,"千葉市中央区","亥鼻","１丁目８－１"],"2608524":[12,"千葉市中央区","問屋町","１６－３"],"2600013":[12,"千葉市中央区","中央"],"2608512":[12,"千葉市中央区","弁天","１丁目１７－１"],"2608720":[12,"千葉市中央区","千葉港","１－２"],"2608685":[12,"千葉市中央区","南生実町","１４１２"],"2608611":[12,"千葉市中央区","栄町","３６－１０"],"2608538":[12,"千葉市中央区","登戸","２丁目２－７"],"2600821":[12,"千葉市中央区","若草"],"2608601":[12,"千葉市中央区","弁天","２丁目８番９号"],"2608618":[12,"千葉市中央区","千葉寺町","１２０８－２千葉市ハーモニープラザ内"],"2608715":[12,"千葉市中央区","仁戸名町","６６６－２"],"2600812":[12,"千葉市中央区","大巌寺町"],"2608504":[12,"千葉市中央区","千葉港","８－４"],"2608624":[12,"千葉市中央区","中央","３丁目９－１６三井生命千葉中央ビル８Ｆ"],"2600024":[12,"千葉市中央区","中央港"],"2608532":[12,"千葉市中央区","弁天","１丁目１７－１全労済千葉県本部会館３Ｆ"],"2600806":[12,"千葉市中央区","宮崎"],"2608556":[12,"千葉市中央区","新宿","２丁目３－８"],"2600011":[12,"千葉市中央区","亀井町"],"2608534":[12,"千葉市中央区","問屋町","１４－２"],"2600033":[12,"千葉市中央区","春日"],"2600006":[12,"千葉市中央区","道場北"],"2608713":[12,"千葉市中央区","星久喜町","１２０３"],"2608633":[12,"千葉市中央区","富士見","１丁目１５－９"],"2608606":[12,"千葉市中央区","椿森","４丁目１－２"],"2608645":[12,"千葉市中央区","富士見","２丁目２０－１日本生命千葉ビル"],"2608550":[12,"千葉市中央区","神明町","５４２－１"],"2600007":[12,"千葉市中央区","祐光"],"2608667":[12,"千葉市中央区","市場町","１－１"],"2608557":[12,"千葉市中央区","新町","１０００"],"2608604":[12,"千葉市中央区","富士見","２－２０－１日本生命千葉ビル８Ｆ"],"2608503":[12,"千葉市中央区","中央港","１－１７－１"],"2600826":[12,"千葉市中央区","新浜町"],"2608660":[12,"千葉市中央区","市場町","１１－１"],"2608722":[12,"千葉市中央区","千葉港","１－１"],"2600002":[12,"千葉市中央区","旭町"],"2608619":[12,"千葉市中央区","市場町","１－１"],"2608701":[12,"千葉市中央区","大巌寺町","２００"],"2608572":[12,"千葉市中央区","本千葉町","１０－２３"],"2608682":[12,"千葉市中央区","青葉町","９５５－２"],"2600835":[12,"千葉市中央区","川崎町"],"2608626":[12,"千葉市中央区","中央","１丁目１１－１"],"2600804":[12,"千葉市中央区","赤井町"],"2608677":[12,"千葉市中央区","亥鼻","１丁目８－１"],"2600832":[12,"千葉市中央区","寒川町"],"2600814":[12,"千葉市中央区","南生実町"],"2608515":[12,"千葉市中央区","千葉港","３－３６"],"2608675":[12,"千葉市中央区","亥鼻","１丁目８－１"],"2600856":[12,"千葉市中央区","亥鼻"],"2608565":[12,"千葉市中央区","中央港","１丁目１６－１９"],"2608672":[12,"千葉市中央区","亥鼻","１丁目８－１"],"2600028":[12,"千葉市中央区","新町"],"2600808":[12,"千葉市中央区","星久喜町"],"2608707":[12,"千葉市中央区","宮崎","２丁目１１－１５"],"2608670":[12,"千葉市中央区","亥鼻","１丁目８－１"],"2600834":[12,"千葉市中央区","今井"],"2600824":[12,"千葉市中央区","浜野町"],"2600018":[12,"千葉市中央区","院内"],"2608621":[12,"千葉市中央区","中央","１丁目１番３号住友・りそな千葉ビル６Ｆ"],"2608505":[12,"千葉市中央区","千葉港","８－４"],"2600045":[12,"千葉市中央区","弁天"],"2600853":[12,"千葉市中央区","葛城"],"2600022":[12,"千葉市中央区","神明町"],"2608555":[12,"千葉市中央区","新町","２４－９"],"2600816":[12,"千葉市中央区","鵜の森町"],"2600012":[12,"千葉市中央区","本町"],"2608717":[12,"千葉市中央区","仁戸名町","６６６－２"],"2600844":[12,"千葉市中央区","千葉寺町"],"2608564":[12,"千葉市中央区","問屋町","１番３５号ポートサイドタワー２８階"],"2600016":[12,"千葉市中央区","栄町"],"2608648":[12,"千葉市中央区","富士見","２－２０－１日本生命千葉ビル５Ｆ"],"2608654":[12,"千葉市中央区","都町","１丁目１－２０"],"2608540":[12,"千葉市中央区","新町","１０００番地"],"2608535":[12,"千葉市中央区","問屋町","５－４２"],"2600014":[12,"千葉市中央区","本千葉町"],"2608511":[12,"千葉市中央区","中央","４丁目５－１"],"2600034":[12,"千葉市中央区","汐見丘町"],"2608580":[12,"千葉市中央区","祐光","１丁目１－１"],"2608577":[12,"千葉市中央区","祐光","１丁目１－１"],"2608703":[12,"千葉市中央区","仁戸名町","６７３"],"2608612":[12,"千葉市中央区","中央","４丁目１１－１"],"2608635":[12,"千葉市中央区","富士見","２丁目９－５"],"2600032":[12,"千葉市中央区","登戸"],"2608613":[12,"千葉市中央区","中央","３丁目１０－６北野京葉ビル２Ｆ"],"2608666":[12,"千葉市中央区","市場町","３－１"],"2600004":[12,"千葉市中央区","東本町"],"2608558":[12,"千葉市中央区","新宿","２丁目１－２４"],"2608509":[12,"千葉市中央区","千葉港","５番７号"],"2608523":[12,"千葉市中央区","問屋町","１－１１"],"2608513":[12,"千葉市中央区","中央港","１丁目１１－３"],"2608507":[12,"千葉市中央区","千葉港","５番７号"],"2600023":[12,"千葉市中央区","出洲港"],"2608637":[12,"千葉市中央区","問屋町","１－３５千葉ポートサイドタワー２３Ｆ"],"2600805":[12,"千葉市中央区","宮崎町"],"2608712":[12,"千葉市中央区","仁戸名町","６７３番地"],"2600842":[12,"千葉市中央区","南町"],"2608518":[12,"千葉市中央区","中央港","１丁目１１－３千葉地方合同庁舎"],"2600822":[12,"千葉市中央区","蘇我"],"2600813":[12,"千葉市中央区","生実町"],"2600025":[12,"千葉市中央区","問屋町"],"2608560":[12,"千葉市中央区","鶴沢町","２０番１６号"],"2608647":[12,"千葉市中央区","富士見","２－２０－１日本生命千葉ビル３Ｆ"]}
