{"4970043":[23,"海部郡蟹江町","新千秋"],"4978505":[23,"あま市","七宝町下田","矢倉下１４３２"],"4970052":[23,"海部郡蟹江町","西之森"],"4970050":[23,"海部郡蟹江町","学戸"],"4978533":[23,"海部郡蟹江町","大字西之森","字刎畑３８"],"4970053":[23,"海部郡蟹江町","平安"],"4970045":[23,"海部郡蟹江町","緑"],"4978512":[23,"あま市","七宝町川部","六反田２"],"4978538":[23,"海部郡蟹江町","須成西","１０丁目８"],"4970016":[23,"あま市","七宝町徳実"],"4970055":[23,"海部郡蟹江町","源氏"],"4978541":[23,"海部郡蟹江町","大字蟹江新田","字勝田場１０１"],"4978511":[23,"海部郡蟹江町","西之森","７丁目１１２番地"],"4978527":[23,"海部郡蟹江町","大字蟹江本町","字テノ割１－１"],"4970037":[23,"海部郡蟹江町","今西"],"4970036":[23,"海部郡蟹江町","須成西"],"4970057":[23,"海部郡蟹江町","上川田"],"4970014":[23,"あま市","七宝町鷹居"],"4970056":[23,"海部郡蟹江町","八幡"],"4970002":[23,"あま市","七宝町遠島"],"4970048":[23,"海部郡蟹江町","舟入"],"4978501":[23,"海部郡蟹江町","大字蟹江新田","字下市場１９－１"],"4978531":[23,"海部郡蟹江町","宝","１丁目２５"],"4970011":[23,"あま市","七宝町安松"],"4970003":[23,"あま市","七宝町秋竹"],"4970051":[23,"海部郡蟹江町","北新田"],"4970015":[23,"あま市","七宝町鯰橋"],"4970031":[23,"海部郡蟹江町","須成"],"4970042":[23,"海部郡蟹江町","鍋蓋新田"],"4970006":[23,"あま市","七宝町下之森"],"4970044":[23,"海部郡蟹江町","蟹江新田"],"4970013":[23,"あま市","七宝町川部"],"4970030":[23,"海部郡蟹江町","宝"],"4970033":[23,"海部郡蟹江町","蟹江本町"],"4970005":[23,"あま市","七宝町伊福"],"4978508":[23,"海部郡蟹江町","今","３丁目１７番地"],"4970040":[23,"海部郡蟹江町","城"],"4970046":[23,"海部郡蟹江町","旭"],"4970004":[23,"あま市","七宝町桂"],"4978522":[23,"あま市","七宝町桂","城之堀１番地"],"4978601":[23,"海部郡蟹江町","学戸","３丁目１番地"],"4978545":[23,"あま市","七宝町沖之島","東流１４５０"],"4970032":[23,"海部郡蟹江町","今"],"4978548":[23,"あま市","七宝町川部","佛供田７０"],"4970058":[23,"海部郡蟹江町","富吉"],"4970035":[23,"海部郡蟹江町","蟹江新町"],"4970001":[23,"あま市","七宝町沖之島"],"4970054":[23,"海部郡蟹江町","錦"],"4970012":[23,"あま市","七宝町下田"],"4978510":[23,"あま市","七宝町鷹居","７丁目３４－１"],"4970034":[23,"海部郡蟹江町","本町"],"4970047":[23,"海部郡蟹江町","泉"],"4970000":[23,"海部郡蟹江町",""]}
