{"0658609":[1,"札幌市東区","北十六条東","４丁目"],"0650014":[1,"札幌市東区","北十四条東"],"0650000":[1,"札幌市東区",""],"0658518":[1,"札幌市東区","北七条東","９丁目２番２０号"],"0650009":[1,"札幌市東区","北九条東"],"0650023":[1,"札幌市東区","北二十三条東"],"0658567":[1,"札幌市東区","北十六条東","９丁目"],"0650019":[1,"札幌市東区","北十九条東"],"0650033":[1,"札幌市東区","北三十三条東"],"0650016":[1,"札幌市東区","北十六条東"],"0650017":[1,"札幌市東区","北十七条東"],"0658550":[1,"札幌市東区","北六条東","８丁目１－１０"],"0658612":[1,"札幌市東区","北十一条東","７丁目"],"0658511":[1,"札幌市東区","北十三条東","４丁目３０番１３号"],"0650007":[1,"札幌市東区","北七条東"],"0650012":[1,"札幌市東区","北十二条東"],"0658508":[1,"札幌市東区","北十五条東","１８丁目１番２１号"],"0650008":[1,"札幌市東区","北八条東"],"0650030":[1,"札幌市東区","北三十条東"],"0658533":[1,"札幌市東区","北二十六条東","１４丁目１番１５号"],"0650013":[1,"札幌市東区","北十三条東"],"0650021":[1,"札幌市東区","北二十一条東"],"0650026":[1,"札幌市東区","北二十六条東"],"0658555":[1,"札幌市東区","北十七条東","１４丁目３－２"],"0658558":[1,"札幌市東区","北二十二条東","２１丁目１番１号"],"0650020":[1,"札幌市東区","北二十条東"],"0658639":[1,"札幌市東区","苗穂町","３丁目３－７"],"0658543":[1,"札幌市東区","北十三条東","１４丁目３番２７号"],"0658501":[1,"札幌市東区","北十七条東","２丁目２番７号"],"0650024":[1,"札幌市東区","北二十四条東"],"0650032":[1,"札幌市東区","北三十二条東"],"0650042":[1,"札幌市東区","本町二条"],"0650011":[1,"札幌市東区","北十一条東"],"0650018":[1,"札幌市東区","北十八条東"],"0658633":[1,"札幌市東区","北七条東","９丁目"],"0650027":[1,"札幌市東区","北二十七条東"],"0650006":[1,"札幌市東区","北六条東"],"0658510":[1,"札幌市東区","北十八条東","１７丁目１番１号"],"0650010":[1,"札幌市東区","北十条東"],"0658522":[1,"札幌市東区","苗穂町","９丁目１－１"],"0650031":[1,"札幌市東区","北三十一条東"],"0658611":[1,"札幌市東区","北十二条東","３丁目"],"0650015":[1,"札幌市東区","北十五条東"],"0650025":[1,"札幌市東区","北二十五条東"],"0650022":[1,"札幌市東区","北二十二条東"],"0650004":[1,"札幌市東区","北四条東"],"0658610":[1,"札幌市東区","北十九条東","１丁目１番１号"],"0658578":[1,"札幌市東区","北十五条東","２丁目１番１０号"],"0650043":[1,"札幌市東区","苗穂町"],"0650028":[1,"札幌市東区","北二十八条東"],"0650005":[1,"札幌市東区","北五条東"],"0658601":[1,"札幌市東区","北二十五条東","１丁目１番３８号"],"0650041":[1,"札幌市東区","本町一条"]}
