{"0330162":[2,"三沢市","越下"],"0330111":[2,"三沢市","六川目"],"0330134":[2,"三沢市","大津"],"0330133":[2,"三沢市","鹿中"],"0330022":[2,"三沢市","三沢"],"0338604":[2,"三沢市","大字三沢","字後久保１２５－７"],"0330073":[2,"上北郡六戸町","金矢"],"0330105":[2,"三沢市","新森"],"0330152":[2,"三沢市","深谷"],"0330104":[2,"三沢市","織笠"],"0330155":[2,"三沢市","さつきヶ丘"],"0330001":[2,"三沢市","中央町"],"0330061":[2,"三沢市","花園町"],"0330074":[2,"上北郡六戸町","小松ケ丘"],"0330045":[2,"三沢市","薬師町"],"0330154":[2,"三沢市","日の出"],"0330035":[2,"三沢市","松原町"],"0330101":[2,"三沢市","天ケ森"],"0330163":[2,"三沢市","富崎"],"0330051":[2,"三沢市","古間木"],"0330153":[2,"三沢市","泉町"],"0330103":[2,"三沢市","塩釜"],"0330102":[2,"三沢市","砂森"],"0330021":[2,"三沢市","岡三沢"],"0330141":[2,"三沢市","港町"],"0330166":[2,"三沢市","朝日"],"0330000":[2,"三沢市",""],"0330034":[2,"三沢市","東町"],"0330143":[2,"三沢市","前平"],"0338666":[2,"三沢市","桜町","１丁目１－３８"],"0330112":[2,"三沢市","細谷"],"0330151":[2,"三沢市","南山"],"0330011":[2,"三沢市","幸町"],"0330063":[2,"三沢市","上久保"],"0330123":[2,"三沢市","堀口"],"0330032":[2,"三沢市","緑町"],"0330072":[2,"上北郡六戸町","折茂"],"0330037":[2,"三沢市","松園町"],"0330062":[2,"三沢市","新町"],"0330041":[2,"三沢市","大町"],"0330167":[2,"三沢市","根井"],"0330113":[2,"三沢市","淋代"],"0330036":[2,"三沢市","南町"],"0330161":[2,"三沢市","八幡"],"0330023":[2,"三沢市","下久保"],"0330024":[2,"三沢市","東岡三沢"],"0330052":[2,"三沢市","本町"],"0330071":[2,"上北郡六戸町","犬落瀬"],"0330042":[2,"三沢市","栄町"],"0330165":[2,"三沢市","高野沢"],"0330053":[2,"三沢市","春日台"],"0330131":[2,"三沢市","五川目"],"0330031":[2,"三沢市","桜町"],"0330043":[2,"三沢市","千代田町"],"0330142":[2,"三沢市","三川目"],"0330164":[2,"三沢市","谷地頭"],"0330012":[2,"三沢市","平畑"],"0330033":[2,"三沢市","美野原"],"0330132":[2,"三沢市","四川目"],"0338688":[2,"三沢市","字古間木山","５６番地"],"0330044":[2,"三沢市","古間木山"]}
