{"3420000":[11,"吉川市",""],"3420023":[11,"吉川市","皿沼"],"3428601":[11,"吉川市","高富","１丁目３１番地４"],"3420047":[11,"吉川市","中川台"],"3420052":[11,"吉川市","川富"],"3420022":[11,"吉川市","加藤"],"3420017":[11,"吉川市","上笹塚"],"3420043":[11,"吉川市","小松川"],"3420050":[11,"吉川市","栄町"],"3420008":[11,"吉川市","旭"],"3420016":[11,"吉川市","会野谷"],"3420031":[11,"吉川市","中島"],"3420034":[11,"吉川市","道庭"],"3420046":[11,"吉川市","共保"],"3420055":[11,"吉川市","吉川"],"3420056":[11,"吉川市","平沼"],"3420004":[11,"吉川市","鍋小路"],"3420012":[11,"吉川市","平方新田"],"3420041":[11,"吉川市","保"],"3420033":[11,"吉川市","中曽根"],"3420042":[11,"吉川市","中野"],"3420024":[11,"吉川市","半割"],"3420044":[11,"吉川市","木売新田"],"3420057":[11,"吉川市","須賀"],"3420038":[11,"吉川市","美南"],"3420006":[11,"吉川市","南広島"],"3420032":[11,"吉川市","二ツ沼"],"3420035":[11,"吉川市","高久"],"3420003":[11,"吉川市","八子新田"],"3428501":[11,"吉川市","吉川","２丁目１－１"],"3420015":[11,"吉川市","中井"],"3420059":[11,"吉川市","新栄"],"3420027":[11,"吉川市","三輪野江"],"3420011":[11,"吉川市","深井新田"],"3428505":[11,"吉川市","旭","７－１"],"3420036":[11,"吉川市","高富"],"3420001":[11,"吉川市","上内川"],"3428502":[11,"吉川市","旭","３－８"],"3420037":[11,"吉川市","富新田"],"3420021":[11,"吉川市","鹿見塚"],"3420045":[11,"吉川市","木売"],"3420013":[11,"吉川市","吉屋"],"3420051":[11,"吉川市","川野"],"3420007":[11,"吉川市","拾壱軒"],"3420058":[11,"吉川市","きよみ野"],"3420053":[11,"吉川市","関"],"3420014":[11,"吉川市","関新田"],"3420002":[11,"吉川市","下内川"],"3420025":[11,"吉川市","飯島"],"3420054":[11,"吉川市","吉川団地"],"3420026":[11,"吉川市","土場"],"3420005":[11,"吉川市","川藤"]}
