{"0310054":[2,"八戸市","稲荷町"],"0310088":[2,"八戸市","岩泉町"],"0310007":[2,"八戸市","櫛引"],"0310001":[2,"八戸市","類家"],"0318601":[2,"八戸市","城下","１丁目３－１２"],"0310023":[2,"八戸市","是川"],"0310114":[2,"八戸市","南郷区中野"],"0318511":[2,"八戸市","大字堀端町","２－３"],"0318585":[2,"八戸市","江陽","２丁目１４－１"],"0318507":[2,"八戸市","湊高台","６丁目１４－５"],"0310086":[2,"八戸市","八日町"],"0318577":[2,"八戸市","江陽","４丁目１０－２４"],"0310053":[2,"八戸市","徒士町"],"0310821":[2,"八戸市","白銀"],"0310112":[2,"八戸市","南郷区大森"],"0310004":[2,"八戸市","南類家"],"0318551":[2,"八戸市","大字白銀町","字南ケ丘１番地"],"0310084":[2,"八戸市","十八日町"],"0310013":[2,"八戸市","石手洗"],"0310089":[2,"八戸市","長横町"],"0318655":[2,"八戸市","大字廿三日町","２"],"0310816":[2,"八戸市","新井田西"],"0318543":[2,"八戸市","大字十三日町","１番地"],"0318608":[2,"八戸市","大字河原木","字海岸１６－４"],"0310011":[2,"八戸市","田向"],"0310087":[2,"八戸市","朔日町"],"0310111":[2,"八戸市","南郷区市野沢"],"0318611":[2,"八戸市","江陽","２丁目９－４５"],"0310036":[2,"八戸市","大工町"],"0310115":[2,"八戸市","南郷区泥障作"],"0310052":[2,"八戸市","本徒士町"],"0310037":[2,"八戸市","鍛冶町"],"0318558":[2,"八戸市","城下","３丁目１３－１４"],"0318505":[2,"八戸市","大字妙","字大開６７"],"0318504":[2,"八戸市","築港街","１丁目１－４"],"0318570":[2,"八戸市","吹上","１丁目１５－９０"],"0310045":[2,"八戸市","本鍛冶町"],"0310831":[2,"八戸市","築港街"],"0310046":[2,"八戸市","町組町"],"0310032":[2,"八戸市","三日町"],"0310823":[2,"八戸市","湊高台"],"0310058":[2,"八戸市","上組町"],"0310083":[2,"八戸市","窪町"],"0318612":[2,"八戸市","大字八日町","１８"],"0310844":[2,"八戸市","美保野"],"0310082":[2,"八戸市","常海町"],"0310051":[2,"八戸市","堤町"],"0310085":[2,"八戸市","十一日町"],"0310801":[2,"八戸市","江陽"],"0318545":[2,"八戸市","湊高台","２丁目４－６"],"0310002":[2,"八戸市","中居林"],"0318520":[2,"八戸市","売市","３丁目２－１６イシガメビル１階"],"0310803":[2,"八戸市","諏訪"],"0310071":[2,"八戸市","沼館"],"0318555":[2,"八戸市","大字田向","字毘沙門平１"],"0310113":[2,"八戸市","南郷区泉清水"],"0318533":[2,"八戸市","大字十三日町","１３"],"0310055":[2,"八戸市","荒町"],"0310021":[2,"八戸市","長者"],"0310802":[2,"八戸市","小中野"],"0310076":[2,"八戸市","堀端町"],"0318538":[2,"八戸市","江陽","２丁目１４－１"],"0310811":[2,"八戸市","新湊"],"0310824":[2,"八戸市","旭ケ丘"],"0310822":[2,"八戸市","白銀町"],"0310074":[2,"八戸市","馬場町"],"0310841":[2,"八戸市","鮫町"],"0310035":[2,"八戸市","寺横町"],"0318501":[2,"八戸市","大字妙","字大開８８－１"],"0310077":[2,"八戸市","長根"],"0318686":[2,"八戸市","内丸","１丁目１－１"],"0310044":[2,"八戸市","廿六日町"],"0310813":[2,"八戸市","新井田"],"0310056":[2,"八戸市","新荒町"],"0318588":[2,"八戸市","大字美保野","１３－９８"],"0310047":[2,"八戸市","常番町"],"0310832":[2,"八戸市","白銀台"],"0310057":[2,"八戸市","上徒士町"],"0310034":[2,"八戸市","鷹匠小路"],"0310033":[2,"八戸市","六日町"],"0310202":[2,"八戸市","南郷区島守"],"0310812":[2,"八戸市","湊町"],"0310842":[2,"八戸市","岬台"],"0310042":[2,"八戸市","十三日町"],"0310201":[2,"八戸市","南郷区頃巻沢"],"0310075":[2,"八戸市","内丸"],"0310038":[2,"八戸市","山伏小路"],"0310012":[2,"八戸市","十日市"],"0310031":[2,"八戸市","番町"],"0318550":[2,"八戸市","大字堤町","１１－２"],"0310804":[2,"八戸市","青葉"],"0310081":[2,"八戸市","柏崎"],"0310039":[2,"八戸市","鳥屋部町"],"0310072":[2,"八戸市","城下"],"0310833":[2,"八戸市","大久保"],"0310843":[2,"八戸市","金浜"],"0310003":[2,"八戸市","吹上"],"0310041":[2,"八戸市","廿三日町"],"0310815":[2,"八戸市","松館"],"0318510":[2,"八戸市","城下","１丁目１６－２５"],"0310814":[2,"八戸市","妙"],"0318617":[2,"八戸市","大字河原木","字遠山新田５－２"],"0310022":[2,"八戸市","糠塚"],"0310043":[2,"八戸市","十六日町"],"0318544":[2,"八戸市","大字美保野","１３番地９８"],"0310000":[2,"八戸市",""],"0310834":[2,"八戸市","桜ケ丘"],"0310073":[2,"八戸市","売市"]}
