{"1760014":[13,"練馬区","豊玉南"],"1768515":[13,"練馬区","中村北","１丁目１２－７"],"1768540":[13,"練馬区","中村北","１丁目９－４"],"1768536":[13,"練馬区","豊玉北","５丁目２４－１５"],"1768511":[13,"練馬区","豊玉北","６丁目１３－１０"],"1768533":[13,"練馬区","豊玉上","１丁目２６－１"],"1768508":[13,"練馬区","羽沢","２丁目７－１"],"1768535":[13,"練馬区","豊玉上","１丁目２６－１"],"1760013":[13,"練馬区","豊玉中"],"1760024":[13,"練馬区","中村"],"1760003":[13,"練馬区","羽沢"],"1768585":[13,"練馬区","豊玉北","２丁目３－１"],"1768503":[13,"練馬区","栄町","２３－７"],"1768510":[13,"練馬区","桜台","１丁目１－６"],"1768522":[13,"練馬区","豊玉北","２丁目１６－１"],"1768502":[13,"練馬区","豊玉南","３丁目１－１５"],"1768530":[13,"練馬区","旭丘","１丁目２４－１"],"1760005":[13,"練馬区","旭丘"],"1768528":[13,"練馬区","貫井","１丁目１３－１７"],"1768521":[13,"練馬区","羽沢","１丁目１３－１"],"1768501":[13,"練馬区","豊玉北","６丁目１２－１"],"1760012":[13,"練馬区","豊玉北"],"1760002":[13,"練馬区","桜台"],"1768512":[13,"練馬区","小竹町","１丁目８－１"],"1768518":[13,"練馬区","豊玉上","１丁目７－１４"],"1760025":[13,"練馬区","中村南"],"1760006":[13,"練馬区","栄町"],"1760022":[13,"練馬区","向山"],"1768560":[13,"練馬区","豊玉北","２丁目２１－１１"],"1768534":[13,"練馬区","豊玉上","１丁目２６－１"],"1760011":[13,"練馬区","豊玉上"],"1768531":[13,"練馬区","向山","３丁目２５－１"],"1768507":[13,"練馬区","豊玉北","６丁目５－１５"],"1760004":[13,"練馬区","小竹町"],"1768525":[13,"練馬区","旭丘","２丁目４２－１"],"1760023":[13,"練馬区","中村北"],"1760021":[13,"練馬区","貫井"],"1760000":[13,"練馬区",""],"1760001":[13,"練馬区","練馬"],"1768516":[13,"練馬区","豊玉北","５丁目２９－１サンライトビル"]}
