{"3410024":[11,"三郷市","三郷"],"3410054":[11,"三郷市","泉"],"3410051":[11,"三郷市","天神"],"3418555":[11,"三郷市","鷹野","４丁目４９４－１"],"3410042":[11,"三郷市","谷口"],"3410037":[11,"三郷市","高州"],"3410023":[11,"三郷市","仁蔵"],"3410005":[11,"三郷市","彦川戸"],"3410025":[11,"三郷市","茂田井"],"3410001":[11,"三郷市","彦糸"],"3410006":[11,"三郷市","上彦川戸"],"3410021":[11,"三郷市","さつき平"],"3410026":[11,"三郷市","幸房"],"3410027":[11,"三郷市","笹塚"],"3410018":[11,"三郷市","早稲田"],"3410007":[11,"三郷市","下彦川戸"],"3410036":[11,"三郷市","東町"],"3410031":[11,"三郷市","岩野木"],"3410044":[11,"三郷市","戸ケ崎"],"3418527":[11,"三郷市","谷口","７１７"],"3418501":[11,"三郷市","花和田","６４８－１"],"3410002":[11,"三郷市","彦音"],"3410057":[11,"三郷市","彦沢"],"3410034":[11,"三郷市","新和"],"3410046":[11,"三郷市","鎌倉"],"3410015":[11,"三郷市","前間"],"3410008":[11,"三郷市","駒形"],"3410035":[11,"三郷市","鷹野"],"3410045":[11,"三郷市","寄巻"],"3410014":[11,"三郷市","後谷"],"3418526":[11,"三郷市","幸房","７４５"],"3410009":[11,"三郷市","新三郷ららシティ"],"3410052":[11,"三郷市","彦野"],"3410033":[11,"三郷市","市助"],"3410000":[11,"三郷市",""],"3410016":[11,"三郷市","田中新田"],"3410032":[11,"三郷市","谷中"],"3410012":[11,"三郷市","半田"],"3410017":[11,"三郷市","丹後"],"3410028":[11,"三郷市","南蓮沼"],"3410043":[11,"三郷市","栄"],"3410058":[11,"三郷市","彦江"],"3410053":[11,"三郷市","彦倉"],"3410011":[11,"三郷市","采女"],"3410041":[11,"三郷市","花和田"],"3410056":[11,"三郷市","番匠免"],"3410055":[11,"三郷市","上口"],"3410004":[11,"三郷市","上彦名"],"3418558":[11,"三郷市","高州","２丁目１９８"],"3410013":[11,"三郷市","小谷堀"],"3410022":[11,"三郷市","大広戸"],"3418550":[11,"三郷市","新三郷ららシティ","３－１－１"],"3410003":[11,"三郷市","彦成"]}
