{"5032124":[21,"不破郡垂井町","宮代"],"5031395":[21,"養老郡養老町","押越","１９７４"],"5032428":[21,"揖斐郡池田町","片山"],"5032319":[21,"安八郡神戸町","前田"],"5030813":[21,"大垣市","三本木"],"5038571":[21,"大垣市","林町","６丁目８０番２１"],"5030832":[21,"大垣市","寿町"],"5038564":[21,"大垣市","林町","６丁目８０"],"5038552":[21,"大垣市","万石","２丁目３１"],"5030536":[21,"海津市","南濃町吉田"],"5030126":[21,"安八郡安八町","中須"],"5031322":[21,"養老郡養老町","西岩道"],"5030997":[21,"大垣市","長松町"],"5030636":[21,"海津市","海津町帆引新田"],"5032406":[21,"揖斐郡池田町","宮地"],"5038519":[21,"大垣市","久瀬川町","７丁目５－８"],"5030857":[21,"大垣市","美和町"],"5031315":[21,"養老郡養老町","烏江"],"5032492":[21,"揖斐郡池田町","六之井","１４６８－１"],"5032501":[21,"揖斐郡揖斐川町","春日美束"],"5030601":[21,"海津市","海津町松木"],"5030845":[21,"大垣市","牧新田町"],"5030824":[21,"大垣市","旭町"],"5031264":[21,"養老郡養老町","一色"],"5030495":[21,"海津市","南濃町駒野","奥条入会９９－２"],"5030606":[21,"海津市","海津町田中"],"5030955":[21,"大垣市","友江"],"5032203":[21,"大垣市","興福地町"],"5031337":[21,"養老郡養老町","直江"],"5030837":[21,"大垣市","安井町"],"5032211":[21,"大垣市","南市橋町"],"5032425":[21,"揖斐郡池田町","六之井"],"5030841":[21,"大垣市","平町"],"5032225":[21,"大垣市","稲葉西"],"5030292":[21,"安八郡輪之内町","四郷","２５３０－１"],"5031624":[21,"大垣市","上石津町三ツ里"],"5030932":[21,"大垣市","本今町"],"5038558":[21,"大垣市","高屋町","１丁目５６"],"5032412":[21,"揖斐郡池田町","砂畑"],"5030904":[21,"大垣市","桐ケ崎町"],"5030961":[21,"大垣市","青柳町"],"5032401":[21,"揖斐郡池田町","沓井"],"5030408":[21,"海津市","南濃町庭田"],"5031543":[21,"不破郡関ケ原町","今須"],"5030907":[21,"大垣市","番組町"],"5032311":[21,"安八郡神戸町","川西"],"5030874":[21,"大垣市","今岡町"],"5030941":[21,"大垣市","川口"],"5030865":[21,"大垣市","寺内町"],"5031500":[21,"不破郡関ケ原町",""],"5030931":[21,"大垣市","本今"],"5030915":[21,"大垣市","北切石町"],"5031301":[21,"養老郡養老町","室原"],"5030106":[21,"大垣市","墨俣町さい川"],"5038513":[21,"大垣市","神田町","１丁目２５"],"5030976":[21,"大垣市","南若森町"],"5030101":[21,"大垣市","墨俣町先入方"],"5030003":[21,"大垣市","津村町"],"5030856":[21,"大垣市","新田町"],"5030821":[21,"大垣市","早苗町"],"5032223":[21,"大垣市","矢道町"],"5030002":[21,"大垣市","開発町"],"5031252":[21,"養老郡養老町","明徳"],"5030626":[21,"海津市","海津町万寿新田"],"5032306":[21,"安八郡神戸町","北一色"],"5031531":[21,"不破郡関ケ原町","大高"],"5030921":[21,"大垣市","新馬場町"],"5030614":[21,"海津市","海津町長瀬"],"5032327":[21,"安八郡神戸町","和泉"],"5031245":[21,"養老郡養老町","上方"],"5030653":[21,"海津市","海津町高須町"],"5032506":[21,"揖斐郡揖斐川町","春日香六"],"5032416":[21,"揖斐郡池田町","萩原"],"5030897":[21,"大垣市","伝馬町"],"5030204":[21,"安八郡輪之内町","四郷"],"5032405":[21,"揖斐郡池田町","願成寺"],"5030302":[21,"海津市","平田町勝賀"],"5031383":[21,"養老郡養老町","大野"],"5030647":[21,"海津市","海津町東小島"],"5032321":[21,"安八郡神戸町","末守"],"5030889":[21,"大垣市","高砂町"],"5030611":[21,"海津市","海津町秋江"],"5030233":[21,"安八郡輪之内町","中郷"],"5031385":[21,"養老郡養老町","上之郷"],"5030899":[21,"大垣市","錦町"],"5030127":[21,"安八郡安八町","城"],"5030964":[21,"大垣市","上笠"],"5030823":[21,"大垣市","鹿島町"],"5030957":[21,"大垣市","上屋"],"5038518":[21,"大垣市","久瀬川町","７丁目３－１"],"5032504":[21,"揖斐郡揖斐川町","春日中山"],"5030401":[21,"海津市","南濃町津屋"],"5030844":[21,"大垣市","難波野町"],"5031242":[21,"養老郡養老町","桜井"],"5032214":[21,"大垣市","赤坂新田"],"5038570":[21,"大垣市","林町","６丁目８０番２１"],"5030884":[21,"大垣市","中町"],"5038604":[21,"大垣市","神田町","２丁目１"],"5030604":[21,"海津市","海津町成戸"],"5030213":[21,"安八郡輪之内町","藻池新田"],"5030954":[21,"大垣市","外花"],"5030406":[21,"海津市","南濃町戸田"],"5030912":[21,"大垣市","鳩部屋町"],"5032125":[21,"不破郡垂井町","東神田"],"5030413":[21,"海津市","南濃町羽沢"],"5030322":[21,"海津市","平田町土倉"],"5032427":[21,"揖斐郡池田町","市橋"],"5032415":[21,"揖斐郡池田町","上田"],"5030113":[21,"安八郡安八町","北今ケ渕"],"5032100":[21,"不破郡垂井町",""],"5032305":[21,"安八郡神戸町","神戸"],"5031544":[21,"不破郡関ケ原町","山中"],"5030195":[21,"安八郡安八町","大森","１８０"],"5030937":[21,"大垣市","釜笛"],"5031335":[21,"養老郡養老町","宇田"],"5032114":[21,"不破郡垂井町","府中"],"5032192":[21,"不破郡垂井町","宮代","字尾崎１１１０－１"],"5030871":[21,"大垣市","魚屋町"],"5031253":[21,"養老郡養老町","柏尾"],"5031273":[21,"養老郡養老町","根古地"],"5030392":[21,"海津市","平田町今尾","５５７"],"5032224":[21,"大垣市","稲葉東"],"5031595":[21,"不破郡関ケ原町","大字関ケ原","２６８２"],"5032426":[21,"揖斐郡池田町","八幡"],"5032328":[21,"安八郡神戸町","南方"],"5030004":[21,"大垣市","新開町"],"5032404":[21,"揖斐郡池田町","小牛"],"5031336":[21,"養老郡養老町","飯積"],"5030622":[21,"海津市","海津町森下"],"5030975":[21,"大垣市","若森町"],"5030100":[21,"安八郡安八町",""],"5031614":[21,"大垣市","上石津町一之瀬"],"5031521":[21,"不破郡関ケ原町","宝有"],"5030206":[21,"安八郡輪之内町","下大榑新田"],"5030814":[21,"大垣市","大村"],"5031384":[21,"養老郡養老町","下笠"],"5030414":[21,"海津市","南濃町上野河戸"],"5030652":[21,"海津市","海津町馬目"],"5031278":[21,"養老郡養老町","横屋"],"5038504":[21,"大垣市","神田町","２丁目３５"],"5030922":[21,"大垣市","馬場町"],"5030009":[21,"大垣市","坂下町"],"5031396":[21,"養老郡養老町","蛇持","２２５"],"5030962":[21,"大垣市","入方"],"5030112":[21,"安八郡安八町","芝原"],"5031636":[21,"大垣市","上石津町西山"],"5032411":[21,"揖斐郡池田町","杉野"],"5031243":[21,"養老郡養老町","五日市"],"5030802":[21,"大垣市","東町"],"5030826":[21,"大垣市","恵比寿町北"],"5030021":[21,"大垣市","河間町"],"5030839":[21,"大垣市","長井町"],"5030211":[21,"安八郡輪之内町","福束新田"],"5038521":[21,"大垣市","南若森町","３０１－１"],"5032201":[21,"大垣市","草道島町"],"5032326":[21,"安八郡神戸町","中沢"],"5030013":[21,"大垣市","赤花町"],"5031512":[21,"不破郡関ケ原町","公門"],"5032101":[21,"不破郡垂井町","大滝"],"5030114":[21,"安八郡安八町","森部"],"5030651":[21,"海津市","海津町平原"],"5030301":[21,"海津市","平田町須賀"],"5030963":[21,"大垣市","西大外羽"],"5030808":[21,"大垣市","三塚町"],"5032206":[21,"大垣市","赤坂新町"],"5031613":[21,"大垣市","上石津町上鍛治屋"],"5031611":[21,"大垣市","上石津町奥"],"5038559":[21,"大垣市","河間町","３丁目２００"],"5030117":[21,"安八郡安八町","大明神"],"5030036":[21,"大垣市","古知丸"],"5031306":[21,"養老郡養老町","江月"],"5030934":[21,"大垣市","外渕"],"5032222":[21,"大垣市","榎戸町"],"5030876":[21,"大垣市","俵町"],"5030843":[21,"大垣市","今福町"],"5032423":[21,"揖斐郡池田町","青柳"],"5030855":[21,"大垣市","問屋町"],"5030612":[21,"海津市","海津町大和田"],"5038501":[21,"大垣市","田口町","１"],"5031523":[21,"不破郡関ケ原町","小池"],"5038505":[21,"大垣市","本今町","１６８２－２"],"5030913":[21,"大垣市","鷹匠町"],"5030415":[21,"海津市","南濃町山崎"],"5030628":[21,"海津市","海津町福江"],"5030192":[21,"大垣市","墨俣町上宿","４７３－１"],"5032111":[21,"不破郡垂井町","平尾"],"5030128":[21,"安八郡安八町","大野"],"5030638":[21,"海津市","海津町安田新田"],"5031545":[21,"不破郡関ケ原町","玉"],"5030203":[21,"安八郡輪之内町","楡俣新田"],"5031522":[21,"不破郡関ケ原町","陣場野"],"5030956":[21,"大垣市","大外羽"],"5030862":[21,"大垣市","二葉町"],"5031300":[21,"養老郡養老町",""],"5030831":[21,"大垣市","新長沢町"],"5030535":[21,"海津市","南濃町松山"],"5030643":[21,"海津市","海津町札野"],"5032109":[21,"不破郡垂井町","南新井"],"5032392":[21,"安八郡神戸町","大字神戸","１１１１"],"5030972":[21,"大垣市","宝和町"],"5038601":[21,"大垣市","丸の内","２丁目２９"],"5032403":[21,"揖斐郡池田町","田中"],"5031262":[21,"養老郡養老町","小倉"],"5030851":[21,"大垣市","禾森"],"5030983":[21,"大垣市","静里町"],"5030005":[21,"大垣市","和合本町"],"5030123":[21,"安八郡安八町","南條"],"5031334":[21,"養老郡養老町","豊"],"5030312":[21,"海津市","平田町三郷"],"5030977":[21,"大垣市","南若森"],"5030946":[21,"大垣市","浅中"],"5030235":[21,"安八郡輪之内町","福束"],"5030024":[21,"大垣市","宿地町"],"5031333":[21,"養老郡養老町","色目"],"5030875":[21,"大垣市","田町"],"5030621":[21,"海津市","海津町外浜"],"5031263":[21,"養老郡養老町","船見"],"5030933":[21,"大垣市","外野"],"5031612":[21,"大垣市","上石津町谷畑"],"5032212":[21,"大垣市","赤坂東町"],"5030918":[21,"大垣市","西崎町"],"5030602":[21,"海津市","海津町瀬古"],"5030006":[21,"大垣市","加賀野"],"5030806":[21,"大垣市","緑園"],"5030035":[21,"大垣市","荒尾玉池"],"5030959":[21,"大垣市","高渕町"],"5031638":[21,"大垣市","上石津町上"],"5032317":[21,"安八郡神戸町","柳瀬"],"5030807":[21,"大垣市","今宿"],"5032204":[21,"大垣市","池尻町"],"5030032":[21,"大垣市","熊野町"],"5031511":[21,"不破郡関ケ原町","東町"],"5030022":[21,"大垣市","中野町"],"5030817":[21,"大垣市","上面"],"5031275":[21,"養老郡養老町","大巻"],"5031254":[21,"養老郡養老町","養老公園"],"5030014":[21,"大垣市","領家町"],"5030801":[21,"大垣市","和合新町"],"5030115":[21,"安八郡安八町","南今ケ渕"],"5031325":[21,"養老郡養老町","飯ノ木"],"5031593":[21,"不破郡関ケ原町","大字関ケ原","２０６７"],"5030838":[21,"大垣市","江崎町"],"5032429":[21,"揖斐郡池田町","藤代"],"5030849":[21,"大垣市","東前町"],"5032397":[21,"安八郡神戸町","大字横井","１３０１"],"5032193":[21,"不破郡垂井町","","１５３２－１"],"5030205":[21,"安八郡輪之内町","下大榑"],"5030202":[21,"安八郡輪之内町","大藪"],"5038510":[21,"大垣市","新田町","２丁目１２３４丸順ＧＩＣビル"],"5030648":[21,"海津市","海津町西小島"],"5031276":[21,"養老郡養老町","釜段"],"5030407":[21,"海津市","南濃町徳田"],"5030215":[21,"安八郡輪之内町","松内"],"5031631":[21,"大垣市","上石津町前ケ瀬"],"5030129":[21,"安八郡安八町","外善光"],"5032424":[21,"揖斐郡池田町","池野"],"5030905":[21,"大垣市","宮町"],"5030637":[21,"海津市","海津町安田"],"5030534":[21,"海津市","南濃町境"],"5031317":[21,"養老郡養老町","滝見町"],"5032505":[21,"揖斐郡揖斐川町","春日小宮神"],"5031394":[21,"養老郡養老町","押越","９８６"],"5030842":[21,"大垣市","馬の瀬町"],"5032106":[21,"不破郡垂井町","伊吹"],"5030617":[21,"海津市","海津町立野"],"5030852":[21,"大垣市","禾森町"],"5030883":[21,"大垣市","清水町"],"5030995":[21,"大垣市","十六町"],"5030629":[21,"海津市","海津町石亀"],"5030234":[21,"安八郡輪之内町","里"],"5038554":[21,"大垣市","西之川町","１丁目１０９"],"5038517":[21,"大垣市","浅草","２丁目６６"],"5032503":[21,"揖斐郡揖斐川町","春日川合"],"5032318":[21,"安八郡神戸町","瀬古"],"5030311":[21,"海津市","平田町仏師川"],"5030122":[21,"安八郡安八町","善光"],"5030825":[21,"大垣市","花園町"],"5030861":[21,"大垣市","羽衣町"],"5030984":[21,"大垣市","綾野"],"5030296":[21,"安八郡輪之内町","下大榑新田","５３６"],"5030627":[21,"海津市","海津町七右衛門新田"],"5030873":[21,"大垣市","南高橋町"],"5032315":[21,"安八郡神戸町","付寄"],"5031626":[21,"大垣市","上石津町祢宜上"],"5031311":[21,"養老郡養老町","泉町"],"5030323":[21,"海津市","平田町脇野"],"5031601":[21,"大垣市","上石津町乙坂"],"5030881":[21,"大垣市","岐阜町"],"5030011":[21,"大垣市","曽根町"],"5030016":[21,"大垣市","八島町"],"5030201":[21,"安八郡輪之内町","楡俣"],"5030695":[21,"海津市","海津町高須","５１５"],"5032495":[21,"揖斐郡池田町","六之井","下向２４２－１"],"5030031":[21,"大垣市","牧野町"],"5038503":[21,"大垣市","青柳町","３００"],"5032394":[21,"安八郡神戸町","大字横井","１５２８－１"],"5032402":[21,"揖斐郡池田町","粕ケ原"],"5030827":[21,"大垣市","恵比寿町南"],"5032208":[21,"大垣市","菅野"],"5030892":[21,"大垣市","橘町"],"5031271":[21,"養老郡養老町","田"],"5030641":[21,"海津市","海津町内記"],"5030828":[21,"大垣市","恵比寿町"],"5032421":[21,"揖斐郡池田町","山洞"],"5030105":[21,"大垣市","墨俣町二ツ木"],"5030025":[21,"大垣市","見取町"],"5030306":[21,"海津市","平田町蛇池"],"5031381":[21,"養老郡養老町","栗笠"],"5031304":[21,"養老郡養老町","飯田"],"5030973":[21,"大垣市","木戸町"],"5032393":[21,"安八郡神戸町","大字末守","３７７－１"],"5031514":[21,"不破郡関ケ原町","稲荷"],"5030965":[21,"大垣市","多芸島"],"5030403":[21,"海津市","南濃町志津"],"5030958":[21,"大垣市","高渕"],"5030645":[21,"海津市","海津町五町"],"5031314":[21,"養老郡養老町","高田"],"5032221":[21,"大垣市","青墓町"],"5030893":[21,"大垣市","藤江町"],"5030993":[21,"大垣市","荒川町"],"5038516":[21,"大垣市","浅草","１丁目２８０"],"5031392":[21,"養老郡養老町","高田","７９８"],"5038520":[21,"大垣市","中曽根町","１４７－１"],"5030877":[21,"大垣市","御殿町"],"5030033":[21,"大垣市","福田町"],"5038511":[21,"大垣市","上屋","２丁目８０"],"5030942":[21,"大垣市","昭和"],"5030985":[21,"大垣市","野口"],"5031255":[21,"養老郡養老町","養老"],"5032322":[21,"安八郡神戸町","更屋敷"],"5038556":[21,"大垣市","丸の内","２丁目３０"],"5032302":[21,"安八郡神戸町","田"],"5030836":[21,"大垣市","大井"],"5030600":[21,"海津市",""],"5038566":[21,"大垣市","丸の内","１丁目１８"],"5030625":[21,"海津市","海津町油島"],"5032107":[21,"不破郡垂井町","岩手"],"5030926":[21,"大垣市","切石町"],"5038553":[21,"大垣市","寿町","１－１"],"5031305":[21,"養老郡養老町","祖父江"],"5031267":[21,"養老郡養老町","高林"],"5032301":[21,"安八郡神戸町","横井"],"5030618":[21,"海津市","海津町草場"],"5032202":[21,"大垣市","青木町"],"5030805":[21,"大垣市","鶴見町"],"5031633":[21,"大垣市","上石津町打上"],"5030533":[21,"海津市","南濃町田鶴"],"5030902":[21,"大垣市","栗屋町"],"5030996":[21,"大垣市","島町"],"5031268":[21,"養老郡養老町","西小倉"],"5032493":[21,"揖斐郡池田町","片山","２０００"],"5030864":[21,"大垣市","南頬町"],"5032227":[21,"大垣市","青野町"],"5030305":[21,"海津市","平田町者結"],"5030816":[21,"大垣市","小泉町"],"5030982":[21,"大垣市","久徳町"],"5032422":[21,"揖斐郡池田町","田畑"],"5038561":[21,"大垣市","河間町","１丁目６０番地"],"5031621":[21,"大垣市","上石津町下多良"],"5038522":[21,"大垣市","浅中","２丁目６９"],"5030908":[21,"大垣市","西外側町"],"5030911":[21,"大垣市","室本町"],"5030116":[21,"安八郡安八町","大森"],"5032409":[21,"揖斐郡池田町","舟子"],"5031501":[21,"不破郡関ケ原町","関ケ原"],"5032419":[21,"揖斐郡池田町","小寺"],"5031256":[21,"養老郡養老町","勢至"],"5030015":[21,"大垣市","林町"],"5031513":[21,"不破郡関ケ原町","中山"],"5030118":[21,"安八郡安八町","宝江"],"5030847":[21,"大垣市","米野町"],"5031303":[21,"養老郡養老町","蛇持"],"5030655":[21,"海津市","海津町福岡"],"5030644":[21,"海津市","海津町深浜"],"5030935":[21,"大垣市","島里"],"5031272":[21,"養老郡養老町","大場"],"5030314":[21,"海津市","平田町西島"],"5031524":[21,"不破郡関ケ原町","御祭田"],"5032205":[21,"大垣市","神明"],"5030971":[21,"大垣市","南一色町"],"5030295":[21,"安八郡輪之内町","楡俣","１６９５－１"],"5032121":[21,"不破郡垂井町",""],"5030916":[21,"大垣市","日の出町"],"5030214":[21,"安八郡輪之内町","海松新田"],"5030104":[21,"大垣市","墨俣町下宿"],"5030631":[21,"海津市","海津町稲山"],"5030633":[21,"海津市","海津町本阿弥新田"],"5030891":[21,"大垣市","千鳥町"],"5032316":[21,"安八郡神戸町","斉田"],"5030012":[21,"大垣市","三津屋町"],"5031312":[21,"養老郡養老町","三神町"],"5030307":[21,"海津市","平田町岡"],"5030951":[21,"大垣市","外野町"],"5031382":[21,"養老郡養老町","船附"],"5030000":[21,"大垣市",""],"5031602":[21,"大垣市","上石津町牧田"],"5030034":[21,"大垣市","荒尾町"],"5030804":[21,"大垣市","中ノ江"],"5032215":[21,"大垣市","赤坂大門"],"5031241":[21,"養老郡養老町","沢田"],"5030007":[21,"大垣市","貝曽根町"],"5030646":[21,"海津市","海津町萱野"],"5030402":[21,"海津市","南濃町志津新田"],"5032323":[21,"安八郡神戸町","西保"],"5030882":[21,"大垣市","東長町"],"5030943":[21,"大垣市","横曽根町"],"5030848":[21,"大垣市","古宮町"],"5038565":[21,"大垣市","小野","４丁目３５番地の１０"],"5030023":[21,"大垣市","笠木町"],"5030200":[21,"安八郡輪之内町",""],"5030532":[21,"海津市","南濃町太田"],"5031632":[21,"大垣市","上石津町下山"],"5038562":[21,"大垣市","荒尾町","１１２２"],"5031261":[21,"養老郡養老町","鷲巣"],"5030986":[21,"大垣市","中曽根町"],"5030863":[21,"大垣市","大池町"],"5030236":[21,"安八郡輪之内町","塩喰"],"5030853":[21,"大垣市","田口町"],"5030835":[21,"大垣市","東前"],"5031332":[21,"養老郡養老町","中"],"5030895":[21,"大垣市","代官町"],"5038515":[21,"大垣市","本今","５丁目１４１"],"5030994":[21,"大垣市","綾野町"],"5030313":[21,"海津市","平田町高田"],"5030947":[21,"大垣市","浅草"],"5030981":[21,"大垣市","桧町"],"5038603":[21,"大垣市","久徳町","１００"],"5031532":[21,"不破郡関ケ原町","野上"],"5030885":[21,"大垣市","本町"],"5030304":[21,"海津市","平田町幡長"],"5032300":[21,"安八郡神戸町",""],"5032408":[21,"揖斐郡池田町","段"],"5030198":[21,"安八郡安八町","氷取","１６１"],"5030634":[21,"海津市","海津町沼新田"],"5032304":[21,"安八郡神戸町","丈六道"],"5030903":[21,"大垣市","東外側町"],"5038506":[21,"大垣市","中曽根町","６１０"],"5030019":[21,"大垣市","北方町"],"5032418":[21,"揖斐郡池田町","草深"],"5038512":[21,"大垣市","田口町","１"],"5030917":[21,"大垣市","神田町"],"5030811":[21,"大垣市","波須"],"5038514":[21,"大垣市","河間町","１丁目６５番地"],"5030103":[21,"大垣市","墨俣町上宿"],"5032108":[21,"不破郡垂井町","大石"],"5031339":[21,"養老郡養老町","金屋"],"5030888":[21,"大垣市","丸の内"],"5032494":[21,"揖斐郡池田町","片山","２９５７－１"],"5032312":[21,"安八郡神戸町","下宮"],"5030321":[21,"海津市","平田町今尾"],"5030953":[21,"大垣市","割田"],"5030815":[21,"大垣市","直江町"],"5032122":[21,"不破郡垂井町","表佐"],"5030141":[21,"大垣市","平町"],"5030008":[21,"大垣市","楽田町"],"5032413":[21,"揖斐郡池田町","白鳥"],"5032213":[21,"大垣市","赤坂町"],"5030608":[21,"海津市","海津町鹿野"],"5030632":[21,"海津市","海津町宮地"],"5038557":[21,"大垣市","三塚町","３３６"],"5031635":[21,"大垣市","上石津町時山"],"5030803":[21,"大垣市","小野"],"5032113":[21,"不破郡垂井町","清水"],"5030945":[21,"大垣市","浅西"],"5032324":[21,"安八郡神戸町","八条"],"5030924":[21,"大垣市","今町"],"5032341":[21,"安八郡神戸町","西座倉"],"5030616":[21,"海津市","海津町長久保"],"5031274":[21,"養老郡養老町","瑞穂"],"5030858":[21,"大垣市","世安町"],"5030854":[21,"大垣市","築捨町"],"5032104":[21,"不破郡垂井町","市之尾"],"5038550":[21,"大垣市","北方町","５丁目５０"],"5032207":[21,"大垣市","枝郷"],"5030834":[21,"大垣市","犬ケ渕町"],"5030411":[21,"海津市","南濃町駒野"],"5031316":[21,"養老郡養老町","押越"],"5030603":[21,"海津市","海津町神桐"],"5038569":[21,"大垣市","加賀野","４丁目１－７"],"5032396":[21,"安八郡神戸町","大字安次","７００"],"5031265":[21,"養老郡養老町","若宮"],"5038509":[21,"大垣市","田口町","１"],"5032325":[21,"安八郡神戸町","加納"],"5030018":[21,"大垣市","西之川町"],"5031637":[21,"大垣市","上石津町堂之上"],"5030405":[21,"海津市","南濃町駒野新田"],"5030124":[21,"安八郡安八町","中"],"5038502":[21,"大垣市","南頬町","４丁目８６"],"5030923":[21,"大垣市","船町"],"5030531":[21,"海津市","南濃町安江"],"5030991":[21,"大垣市","木呂町"],"5032102":[21,"不破郡垂井町","敷原"],"5030232":[21,"安八郡輪之内町","本戸"],"5031592":[21,"不破郡関ケ原町","大字関ケ原","３２１０－１"],"5030896":[21,"大垣市","高橋町"],"5031323":[21,"養老郡養老町","口ケ島"],"5030623":[21,"海津市","海津町古中島"],"5030812":[21,"大垣市","万石"],"5030111":[21,"安八郡安八町","西結"],"5030952":[21,"大垣市","割田町"],"5031277":[21,"養老郡養老町","有尾"],"5030027":[21,"大垣市","笠縫町"],"5031541":[21,"不破郡関ケ原町","松尾"],"5038507":[21,"大垣市","美和町","１６８８"],"5032314":[21,"安八郡神戸町","落合"],"5031338":[21,"養老郡養老町","安久"],"5030936":[21,"大垣市","内原"],"5031313":[21,"養老郡養老町","高田馬場町"],"5031251":[21,"養老郡養老町","石畑"],"5032123":[21,"不破郡垂井町","栗原"],"5031622":[21,"大垣市","上石津町上原"],"5032414":[21,"揖斐郡池田町","下東野"],"5038523":[21,"大垣市","鶴見町","字上渡瀬６４１番地の２"],"5031515":[21,"不破郡関ケ原町","中町"],"5032407":[21,"揖斐郡池田町","般若畑"],"5032400":[21,"揖斐郡池田町",""],"5032216":[21,"大垣市","昼飯町"],"5038508":[21,"大垣市","築捨町","５丁目７７"],"5030216":[21,"安八郡輪之内町","大吉新田"],"5032313":[21,"安八郡神戸町","新屋敷"],"5031321":[21,"養老郡養老町","岩道"],"5030914":[21,"大垣市","西長町"],"5031393":[21,"養老郡養老町","高田","８００－３"],"5032502":[21,"揖斐郡揖斐川町","春日六合"],"5031331":[21,"養老郡養老町","橋爪"],"5030974":[21,"大垣市","久瀬川町"],"5030404":[21,"海津市","南濃町早瀬"],"5032112":[21,"不破郡垂井町","綾戸"],"5030212":[21,"安八郡輪之内町","中郷新田"],"5030102":[21,"大垣市","墨俣町墨俣"],"5030822":[21,"大垣市","住吉町"],"5030944":[21,"大垣市","横曽根"],"5030901":[21,"大垣市","高屋町"],"5032226":[21,"大垣市","稲葉北"],"5031634":[21,"大垣市","上石津町細野"],"5030635":[21,"海津市","海津町江東"],"5032105":[21,"不破郡垂井町","新井"],"5031244":[21,"養老郡養老町","竜泉寺"],"5030615":[21,"海津市","海津町日原"],"5030878":[21,"大垣市","竹島町"],"5030026":[21,"大垣市","室村町"],"5032103":[21,"不破郡垂井町","梅谷"],"5030833":[21,"大垣市","長沢町"],"5030001":[21,"大垣市","大島町"],"5030925":[21,"大垣市","南切石町"],"5030894":[21,"大垣市","新地町"],"5030654":[21,"海津市","海津町高須"],"5030017":[21,"大垣市","中川町"],"5032417":[21,"揖斐郡池田町","本郷"],"5030231":[21,"安八郡輪之内町","南波"],"5030872":[21,"大垣市","新町"],"5038567":[21,"大垣市","室本町","５丁目５１"],"5030605":[21,"海津市","海津町福一色"],"5030898":[21,"大垣市","歩行町"],"5032303":[21,"安八郡神戸町","安次"],"5030121":[21,"安八郡安八町","氷取"],"5031302":[21,"養老郡養老町","大坪"],"5032395":[21,"安八郡神戸町","大字安次","９００－１"],"5038560":[21,"大垣市","河間町","３丁目５５"],"5031623":[21,"大垣市","上石津町上多良"],"5031542":[21,"不破郡関ケ原町","藤下"],"5031324":[21,"養老郡養老町","大跡"],"5030906":[21,"大垣市","室町"],"5030125":[21,"安八郡安八町","牧"],"5030992":[21,"大垣市","新長松"],"5031625":[21,"大垣市","上石津町宮"],"5030303":[21,"海津市","平田町野寺"],"5030886":[21,"大垣市","郭町東"],"5030887":[21,"大垣市","郭町"],"5038568":[21,"大垣市","高屋町","１丁目１４５"],"5030624":[21,"海津市","海津町金廻"],"5030613":[21,"海津市","海津町駒ケ江"],"5030846":[21,"大垣市","深池町"],"5031266":[21,"養老郡養老町","京ケ脇"],"5030412":[21,"海津市","南濃町奥条"]}
