{"4810046":[23,"北名古屋市","石橋"],"4818535":[23,"北名古屋市","徳重","西沼６５番地"],"4818515":[23,"北名古屋市","熊之庄","十二社４５－２"],"4818504":[23,"北名古屋市","熊之庄","古井２８１"],"4818555":[23,"北名古屋市","山之腰","天神東１８"],"4810000":[23,"北名古屋市",""],"4810037":[23,"北名古屋市","鍜治ケ一色"],"4818503":[23,"北名古屋市","熊之庄","古井２８１"],"4818681":[23,"北名古屋市","沖村","権現３５－２"],"4810044":[23,"北名古屋市","加島新田"],"4818678":[23,"北名古屋市","宇福寺","神明５１"],"4818550":[23,"北名古屋市","沖村","山ノ神３０番地"],"4810003":[23,"北名古屋市","能田"],"4810033":[23,"北名古屋市","西之保"],"4810042":[23,"北名古屋市","野崎"],"4810005":[23,"北名古屋市","薬師寺"],"4810036":[23,"北名古屋市","山之腰"],"4810043":[23,"北名古屋市","沖村"],"4810038":[23,"北名古屋市","徳重"],"4818526":[23,"北名古屋市","井瀬木","高畑２６"],"4818601":[23,"北名古屋市","宇福寺","神明６５"],"4818615":[23,"北名古屋市","西之保","青野東７３"],"4810006":[23,"北名古屋市","熊之庄"],"4810031":[23,"北名古屋市","弥勒寺東"],"4810045":[23,"北名古屋市","中之郷"],"4810035":[23,"北名古屋市","宇福寺"],"4818558":[23,"北名古屋市","沖村","西ノ川１"],"4818510":[23,"北名古屋市","熊之庄","十二社６６－３"],"4818505":[23,"北名古屋市","六ツ師","女夫越１番地"],"4810012":[23,"北名古屋市","久地野"],"4810011":[23,"北名古屋市","高田寺"],"4810032":[23,"北名古屋市","弥勒寺西"],"4818533":[23,"北名古屋市","九之坪","半野２７"],"4810001":[23,"北名古屋市","六ツ師"],"4810004":[23,"北名古屋市","鹿田"],"4818588":[23,"北名古屋市","熊之庄","御榊５３番地"],"4818543":[23,"北名古屋市","九之坪","西城屋敷５１"],"4818513":[23,"北名古屋市","鹿田","東若宮３９６２－２"],"4818540":[23,"北名古屋市","沖村","岡１"],"4818508":[23,"北名古屋市","六ツ師","女夫越５"],"4810013":[23,"北名古屋市","二子"],"4818501":[23,"北名古屋市","熊之庄","御榊６０番地"],"4818539":[23,"北名古屋市","徳重","北出５２－２"],"4810034":[23,"北名古屋市","北野"],"4818531":[23,"北名古屋市","西之保","清水田１５番地"],"4810039":[23,"北名古屋市","法成寺"],"4810002":[23,"北名古屋市","片場"],"4810041":[23,"北名古屋市","九之坪"],"4818511":[23,"北名古屋市","高田寺","東の川１２"],"4818502":[23,"北名古屋市","熊之庄","古井２８１"],"4810014":[23,"北名古屋市","井瀬木"]}
