{"1200033":[13,"足立区","千住寿町"],"1200043":[13,"足立区","千住宮元町"],"1200012":[13,"足立区","青井"],"1200015":[13,"足立区","足立"],"1208536":[13,"足立区","千住関屋町","８－１２"],"1200002":[13,"足立区","中川"],"1200024":[13,"足立区","千住関屋町"],"1200013":[13,"足立区","弘道"],"1208530":[13,"足立区","千住","１－４－１東京芸術センター"],"1208551":[13,"足立区","千住旭町","５番"],"1200032":[13,"足立区","千住柳町"],"1200046":[13,"足立区","小台"],"1208510":[13,"足立区","中央本町","１丁目１７－１"],"1208601":[13,"足立区","千住緑町","１丁目１－１"],"1200005":[13,"足立区","綾瀬"],"1208512":[13,"足立区","中央本町","１丁目１７－１"],"1200035":[13,"足立区","千住中居町"],"1200037":[13,"足立区","千住河原町"],"1208550":[13,"足立区","千住橋戸町","５０"],"1200025":[13,"足立区","千住東"],"1200045":[13,"足立区","千住桜木"],"1208501":[13,"足立区","千住","３丁目９２"],"1208528":[13,"足立区","小台","２丁目１－３１"],"1208553":[13,"足立区","千住橋戸町","２"],"1208508":[13,"足立区","千住","１丁目３０－８"],"1200000":[13,"足立区",""],"1208556":[13,"足立区","千住橋戸町","５０"],"1208555":[13,"足立区","千住橋戸町","２３"],"1200044":[13,"足立区","千住緑町"],"1208507":[13,"足立区","千住桜木","１丁目１１－９"],"1200021":[13,"足立区","日ノ出町"],"1200022":[13,"足立区","柳原"],"1200034":[13,"足立区","千住"],"1200031":[13,"足立区","千住大川町"],"1208544":[13,"足立区","千住中居町","１７番２０号"],"1208539":[13,"足立区","千住宮元町","１－１２"],"1200014":[13,"足立区","西綾瀬"],"1200011":[13,"足立区","中央本町"],"1200004":[13,"足立区","東綾瀬"],"1208581":[13,"足立区","西綾瀬","２丁目２３－２２"],"1200006":[13,"足立区","谷中"],"1200026":[13,"足立区","千住旭町"],"1200003":[13,"足立区","東和"],"1200042":[13,"足立区","千住龍田町"],"1208575":[13,"足立区","綾瀬","１丁目３４－７－１０２"],"1200038":[13,"足立区","千住橋戸町"],"1208520":[13,"足立区","千住旭町","４－２１"],"1208526":[13,"足立区","小台","１－３－１"],"1200047":[13,"足立区","宮城"],"1200041":[13,"足立区","千住元町"],"1208558":[13,"足立区","千住橋戸町","５０"],"1200001":[13,"足立区","大谷田"],"1208570":[13,"足立区","千住仲町","１９－８"],"1208577":[13,"足立区","綾瀬","３丁目２４－６"],"1200036":[13,"足立区","千住仲町"],"1200023":[13,"足立区","千住曙町"],"1208534":[13,"足立区","千住東","１－３０－１"],"1208602":[13,"足立区","千住緑町","１丁目１－１"]}
