{"1108686":[13,"台東区","入谷","１丁目１４－９"],"1108507":[13,"台東区","上野","７丁目６－９"],"1108662":[13,"台東区","根岸","１丁目１－１２"],"1108605":[13,"台東区","上野","５－３－４クリエイティブＯｎｅ秋葉原ビル６Ｆ"],"1108628":[13,"台東区","東上野","１丁目１４－４上野三和ビル"],"1108721":[13,"台東区","秋葉原","１－８"],"1108716":[13,"台東区","上野公園","５－４５"],"1108697":[13,"台東区","竜泉","３丁目３５－１３"],"1108733":[13,"台東区","東上野","２丁目１１－８"],"1108621":[13,"台東区","北上野","１丁目１０－１４"],"1108588":[13,"台東区","台東","１丁目２４－９"],"1108723":[13,"台東区","秋葉原","５－７"],"1108782":[13,"台東区","池之端","１丁目４－２６"],"1108565":[13,"台東区","上野","５丁目２４－１１"],"1108537":[13,"台東区","上野","１丁目２０－１１"],"1108532":[13,"台東区","上野","５丁目１－１文昌堂ビル"],"1108513":[13,"台東区","上野","２丁目１１－１５"],"1108583":[13,"台東区","台東","４丁目３３－２"],"1108520":[13,"台東区","東上野","４丁目８番１号ＴＩＸＴＯＷＥＲＵＥＮＯ"],"1108626":[13,"台東区","東上野","２丁目２３－２５"],"1108521":[13,"台東区","上野","２丁目１１－１２"],"1108548":[13,"台東区","上野","２丁目７－１１"],"1108576":[13,"台東区","上野","５丁目２３－１１スグルビル６Ｆ"],"1108560":[13,"台東区","台東","１丁目５－１"],"1108550":[13,"台東区","台東","１丁目９－３"],"1108577":[13,"台東区","台東","１丁目１－１４"],"1108517":[13,"台東区","上野","３丁目２１－８"],"1108654":[13,"台東区","台東","１丁目３－５反町ビル"],"1108578":[13,"台東区","台東","４丁目１９－９山口ビル"],"1100002":[13,"台東区","上野桜木"],"1108609":[13,"台東区","東上野","４丁目１－２"],"1100008":[13,"台東区","池之端"],"1108562":[13,"台東区","台東","２丁目１－１東秋葉原ビル"],"1108534":[13,"台東区","上野","１丁目１－１０"],"1108736":[13,"台東区","上野","３丁目２３－９"],"1108725":[13,"台東区","秋葉原","１－１０"],"1108685":[13,"台東区","入谷","２丁目７－１"],"1108509":[13,"台東区","上野","１丁目１５－５"],"1100004":[13,"台東区","下谷"],"1108630":[13,"台東区","東上野","１丁目２８－１２"],"1100003":[13,"台東区","根岸"],"1108631":[13,"台東区","東上野","４丁目２４番１１号ＮＢＦ上野ビル"],"1100007":[13,"台東区","上野公園"],"1108503":[13,"台東区","上野","３丁目２９－５"],"1108615":[13,"台東区","東上野","４丁目５－６"],"1108505":[13,"台東区","上野","５丁目１５－１３"],"1108567":[13,"台東区","台東","４丁目２３－１０ヴェラハイツ御徒町４０２号"],"1108642":[13,"台東区","東上野","４丁目２４－１２"],"1108676":[13,"台東区","下谷","３丁目１０－１０"],"1108558":[13,"台東区","台東","４丁目２４－８新御徒町ビル"],"1108584":[13,"台東区","台東","４丁目３０－７"],"1108622":[13,"台東区","東上野","２丁目５－１０"],"1108530":[13,"台東区","上野","５丁目１２－８"],"1108559":[13,"台東区","台東","１丁目３０－８宮内ビル９Ｆ"],"1108561":[13,"台東区","台東","１丁目２６－２"],"1108541":[13,"台東区","上野","４丁目８－４"],"1108619":[13,"台東区","東上野","１丁目７－２"],"1108644":[13,"台東区","上野","６丁目２－１"],"1100005":[13,"台東区","上野"],"1108511":[13,"台東区","上野","４丁目１－８"],"1108653":[13,"台東区","下谷","１丁目７番５号"],"1108712":[13,"台東区","上野公園","１３－９"],"1108533":[13,"台東区","上野","４丁目１０－５"],"1108549":[13,"台東区","上野","５丁目２－２"],"1108620":[13,"台東区","東上野","５－１６－５新明和上野ビル"],"1108539":[13,"台東区","上野","１丁目２０－１０"],"1108680":[13,"台東区","入谷","１丁目２７－４"],"1108586":[13,"台東区","台東","１丁目１１－３"],"1108575":[13,"台東区","台東","１丁目２３－６"],"1108613":[13,"台東区","台東","２丁目１３番１１号"],"1108524":[13,"台東区","上野","２丁目１３－１０"],"1108678":[13,"台東区","下谷","３丁目１５－９"],"1108645":[13,"台東区","東上野","２丁目２３－１６"],"1108787":[13,"台東区","上野","１丁目１０－１２"],"1108522":[13,"台東区","上野","５丁目２２番８号"],"1108669":[13,"台東区","根岸","５丁目１４－１６"],"1108708":[13,"台東区","東上野","５丁目２－２"],"1108673":[13,"台東区","下谷","１丁目３－１０"],"1108502":[13,"台東区","上野","６丁目１５－１"],"1100001":[13,"台東区","谷中"],"1108745":[13,"台東区","上野","１丁目１０－１２商工中金第一生命上野ビル６Ｆ"],"1108713":[13,"台東区","上野公園","１３－４３"],"1108602":[13,"台東区","東上野","４丁目２－４"],"1108408":[13,"台東区","台東","４丁目１９－９"],"1108501":[13,"台東区","上野","２丁目１－８"],"1100015":[13,"台東区","東上野"],"1108681":[13,"台東区","入谷","１丁目１９－２"],"1108715":[13,"台東区","上野公園","４－５８"],"1108675":[13,"台東区","下谷","３丁目１３－１１"],"1108566":[13,"台東区","台東","２丁目３０－５"],"1108660":[13,"台東区","池之端","１－２－１８ＭＧ池之端ビル"],"1108677":[13,"台東区","下谷","３丁目４－４"],"1108618":[13,"台東区","東上野","１丁目６－２"],"1108582":[13,"台東区","台東","１丁目２８－２"],"1108610":[13,"台東区","東上野","１丁目１８－９"],"1100014":[13,"台東区","北上野"],"1108706":[13,"台東区","池之端","１丁目２－２３"],"1108543":[13,"台東区","上野","４丁目４－３"],"1108555":[13,"台東区","台東","１丁目３１－７"],"1108635":[13,"台東区","東上野","２丁目７－５"],"1108714":[13,"台東区","上野公園","１２－８"],"1108722":[13,"台東区","秋葉原","２－３"],"1108510":[13,"台東区","上野","７丁目６－１１第一下谷ビル"],"1108807":[13,"台東区","竜泉","２丁目１８－５"],"1100016":[13,"台東区","台東"],"1108625":[13,"台東区","東上野","２丁目８－７"],"1108515":[13,"台東区","上野","２丁目１３－１０"],"1100012":[13,"台東区","竜泉"],"1100006":[13,"台東区","秋葉原"],"1108665":[13,"台東区","根岸","５丁目７－４"],"1100011":[13,"台東区","三ノ輪"],"1108780":[13,"台東区","下谷","１丁目４－１２"],"1100013":[13,"台東区","入谷"],"1108638":[13,"台東区","東上野","６－２７－５レジディア上野１０１"],"1108546":[13,"台東区","上野","１丁目１５－３"],"1108531":[13,"台東区","上野","５丁目６－１０"],"1108540":[13,"台東区","東上野","１－６－１０ＡＲＴビル４階"],"1108614":[13,"台東区","東上野","３丁目１９－６"],"1100000":[13,"台東区",""],"1108536":[13,"台東区","東上野","４丁目８番１号"],"1108687":[13,"台東区","入谷","１丁目１８－７"]}
