{"1780061":[13,"練馬区","大泉学園町"],"1788567":[13,"練馬区","東大泉","２丁目１０－５"],"1788601":[13,"練馬区","東大泉","１丁目２９－１"],"1788501":[13,"練馬区","","大泉学園町"],"1780066":[13,"練馬区","西大泉町"],"1780064":[13,"練馬区","南大泉"],"1780063":[13,"練馬区","東大泉"],"1780065":[13,"練馬区","西大泉"],"1780062":[13,"練馬区","大泉町"],"1788666":[13,"練馬区","東大泉","２丁目３４－５"],"1788624":[13,"練馬区","東大泉","７丁目３１－３５"],"1788511":[13,"練馬区","東大泉","１丁目１９－４３"],"1788502":[13,"練馬区","東大泉","２丁目１０－１１"],"1788686":[13,"練馬区","大泉学園町","７丁目２４－１４"]}
