{"1160014":[13,"荒川区","東日暮里"],"1160001":[13,"荒川区","町屋"],"1168522":[13,"荒川区","南千住","３丁目１３－１"],"1168561":[13,"荒川区","西尾久","７丁目４９－８"],"1168543":[13,"荒川区","東日暮里","５丁目４７－１０"],"1168537":[13,"荒川区","東日暮里","３丁目２７－６"],"1168581":[13,"荒川区","西日暮里","２丁目４０－１０"],"1168524":[13,"荒川区","南千住","５丁目１９－５"],"1168585":[13,"荒川区","西日暮里","２丁目５０－１０"],"1168546":[13,"荒川区","西日暮里","２丁目３９－４"],"1160002":[13,"荒川区","荒川"],"1168587":[13,"荒川区","西日暮里","６丁目２２－２２"],"1168502":[13,"荒川区","荒川","２丁目１１－１"],"1168505":[13,"荒川区","荒川","７丁目１９－１"],"1168521":[13,"荒川区","南千住","６丁目４０－１"],"1168540":[13,"荒川区","西日暮里","５丁目３－１４"],"1160013":[13,"荒川区","西日暮里"],"1168611":[13,"荒川区","南千住","６丁目５６－１０"],"1168554":[13,"荒川区","東尾久","７－２－３５"],"1168541":[13,"荒川区","西日暮里","５丁目３－１４"],"1168548":[13,"荒川区","西日暮里","６丁目５２－２"],"1168567":[13,"荒川区","西尾久","２丁目１－１０"],"1168508":[13,"荒川区","荒川","３丁目６２－４"],"1160011":[13,"荒川区","西尾久"],"1168532":[13,"荒川区","東日暮里","４丁目３１－２"],"1168551":[13,"荒川区","東尾久","７丁目２－１０"],"1168501":[13,"荒川区","荒川","２丁目２－３"],"1168562":[13,"荒川区","西尾久","７丁目３８－１"],"1168550":[13,"荒川区","東尾久","５丁目３１－１１"],"1168503":[13,"荒川区","荒川","３丁目３３－１"],"1160000":[13,"荒川区",""],"1168588":[13,"荒川区","西日暮里","６丁目７－２"],"1168571":[13,"荒川区","東日暮里","４丁目４－１０"],"1168552":[13,"荒川区","荒川","２丁目１－５セントラル荒川ビル８Ｆ"],"1168549":[13,"荒川区","西日暮里","１丁目６１－１８"],"1168523":[13,"荒川区","南千住","８丁目１７番１号"],"1168580":[13,"荒川区","西日暮里","２丁目２７－５"],"1168586":[13,"荒川区","西日暮里","２丁目２５－１－６０１"],"1168584":[13,"荒川区","西日暮里","５丁目５－２"],"1160003":[13,"荒川区","南千住"],"1168507":[13,"荒川区","荒川","２丁目１１－１"],"1160012":[13,"荒川区","東尾久"],"1168533":[13,"荒川区","東日暮里","４丁目１２－１"],"1168556":[13,"荒川区","西日暮里","２丁目２０－１ステーションポートタワービル６０２"]}
