{"4710815":[23,"豊田市","大見町"],"4710872":[23,"豊田市","竜宮町"],"4718585":[23,"豊田市","常盤町","１丁目１０５番地３"],"4710028":[23,"豊田市","神明町"],"4710005":[23,"豊田市","京ケ峰"],"4710000":[23,"豊田市",""],"4710044":[23,"豊田市","新町"],"4710051":[23,"豊田市","花丘町"],"4718566":[23,"豊田市","元城町","４丁目４５番地"],"4718603":[23,"豊田市","西町","４丁目５"],"4710054":[23,"豊田市","天王町"],"4710832":[23,"豊田市","丸山町"],"4718601":[23,"豊田市","元城町","１丁目４８"],"4710055":[23,"豊田市","久岡町"],"4718525":[23,"豊田市","栄生町","２丁目１"],"4710876":[23,"豊田市","金谷町"],"4710024":[23,"豊田市","元城町"],"4718560":[23,"豊田市","西町","６丁目８５番地１"],"4710007":[23,"豊田市","美和町"],"4710847":[23,"豊田市","千足町"],"4710879":[23,"豊田市","長興寺"],"4718515":[23,"豊田市","トヨタ町","６"],"4718501":[23,"豊田市","西町","３丁目６０"],"4718527":[23,"豊田市","元町","２"],"4710035":[23,"豊田市","小坂町"],"4718521":[23,"豊田市","常盤町","１丁目１０５番３号"],"4710842":[23,"豊田市","土橋町"],"4710812":[23,"豊田市","野見町"],"4718508":[23,"豊田市","新生町","４丁目１"],"4710803":[23,"豊田市","泉町"],"4710003":[23,"豊田市","岩滝町"],"4718565":[23,"豊田市","白山町","七曲１２－３３"],"4710825":[23,"豊田市","明和町"],"4718609":[23,"豊田市","常盤町","３丁目２５－７"],"4710047":[23,"豊田市","西新町"],"4710073":[23,"豊田市","川田町"],"4710077":[23,"豊田市","竹生町"],"4710867":[23,"豊田市","常盤町"],"4710026":[23,"豊田市","若宮町"],"4710059":[23,"豊田市","貞宝町"],"4710014":[23,"豊田市","東山町"],"4710011":[23,"豊田市","平井町"],"4710878":[23,"豊田市","下林町"],"4710062":[23,"豊田市","西山町"],"4710816":[23,"豊田市","琴平町"],"4710041":[23,"豊田市","汐見町"],"4710806":[23,"豊田市","森町"],"4710013":[23,"豊田市","高上"],"4710037":[23,"豊田市","三軒町"],"4710057":[23,"豊田市","太平町"],"4710834":[23,"豊田市","寿町"],"4718535":[23,"豊田市","柿本町","１丁目９"],"4710069":[23,"豊田市","高原町"],"4718502":[23,"豊田市","緑ケ丘","３丁目６５"],"4718555":[23,"豊田市","神池町","２丁目１２３６"],"4710828":[23,"豊田市","前山町"],"4710052":[23,"豊田市","逢妻町"],"4718531":[23,"豊田市","喜多町","２丁目６４－１"],"4710038":[23,"豊田市","宮上町"],"4718573":[23,"豊田市","元町","１"],"4710065":[23,"豊田市","平芝町"],"4710858":[23,"豊田市","朝日ケ丘"],"4718571":[23,"豊田市","トヨタ町","１"],"4710862":[23,"豊田市","砂町"],"4710033":[23,"豊田市","月見町"],"4710043":[23,"豊田市","宮町"],"4710067":[23,"豊田市","栄生町"],"4710072":[23,"豊田市","落合町"],"4710048":[23,"豊田市","高崎町"],"4710022":[23,"豊田市","白浜町"],"4710818":[23,"豊田市","室町"],"4710853":[23,"豊田市","細谷町"],"4710079":[23,"豊田市","陣中町"],"4710008":[23,"豊田市","百々町"],"4710021":[23,"豊田市","中島町"],"4710846":[23,"豊田市","田代町"],"4710874":[23,"豊田市","前田町"],"4718602":[23,"豊田市","神明町","３丁目３３－２"],"4710074":[23,"豊田市","川端町"],"4718507":[23,"豊田市","細谷町","４丁目５０"],"4718517":[23,"豊田市","西町","３丁目６０番地"],"4710814":[23,"豊田市","五ケ丘"],"4718537":[23,"豊田市","元城町","４丁目４５番地"],"4710804":[23,"豊田市","神池町"],"4710836":[23,"豊田市","鴻ノ巣町"],"4710006":[23,"豊田市","市木町"],"4710831":[23,"豊田市","司町"],"4710029":[23,"豊田市","桜町"],"4718510":[23,"豊田市","鴻ノ巣町","２丁目２６番地"],"4710034":[23,"豊田市","小坂本町"],"4710826":[23,"豊田市","トヨタ町"],"4718574":[23,"豊田市","貞宝町","貞宝７"],"4710871":[23,"豊田市","元宮町"],"4710002":[23,"豊田市","矢並町"],"4710018":[23,"豊田市","社町"],"4710031":[23,"豊田市","朝日町"],"4710824":[23,"豊田市","河合町"],"4710004":[23,"豊田市","双美町"],"4718532":[23,"豊田市","大池町","汐取１"],"4710848":[23,"豊田市","本地町"],"4710822":[23,"豊田市","水源町"],"4710861":[23,"豊田市","八幡町"],"4710001":[23,"豊田市","池田町"],"4710823":[23,"豊田市","今町"],"4710844":[23,"豊田市","聖心町"],"4710864":[23,"豊田市","広路町"],"4710078":[23,"豊田市","昭和町"],"4718512":[23,"豊田市","寿町","７丁目６６番地"],"4710019":[23,"豊田市","高橋町"],"4710868":[23,"豊田市","神田町"],"4710058":[23,"豊田市","大池町"],"4710817":[23,"豊田市","渡合町"],"4710857":[23,"豊田市","小川町"],"4710866":[23,"豊田市","上挙母"],"4710843":[23,"豊田市","清水町"],"4710875":[23,"豊田市","下市場町"],"4710075":[23,"豊田市","日之出町"],"4710802":[23,"豊田市","志賀町"],"4710809":[23,"豊田市","宝来町"],"4710046":[23,"豊田市","本新町"],"4710838":[23,"豊田市","緑ケ丘"],"4710042":[23,"豊田市","宮口町"],"4710076":[23,"豊田市","久保町"],"4710877":[23,"豊田市","錦町"],"4710012":[23,"豊田市","水間町"],"4710068":[23,"豊田市","横山町"],"4710015":[23,"豊田市","上野町"],"4710056":[23,"豊田市","白山町"],"4710855":[23,"豊田市","柿本町"],"4710805":[23,"豊田市","美里"],"4710835":[23,"豊田市","曙町"],"4710027":[23,"豊田市","喜多町"],"4718503":[23,"豊田市","元城町","４丁目４５"],"4710813":[23,"豊田市","野見山町"],"4710017":[23,"豊田市","寺部町"],"4710845":[23,"豊田市","田中町"],"4710053":[23,"豊田市","丸根町"],"4718513":[23,"豊田市","平和町","１丁目１"],"4718572":[23,"豊田市","トヨタ町","１"],"4710016":[23,"豊田市","千石町"],"4710064":[23,"豊田市","梅坪町"],"4710801":[23,"豊田市","古瀬間町"],"4710821":[23,"豊田市","平和町"],"4718550":[23,"豊田市","神池町","２丁目１２３６"],"4710827":[23,"豊田市","平山町"],"4710807":[23,"豊田市","広川町"],"4710856":[23,"豊田市","衣ケ原"],"4710063":[23,"豊田市","京町"],"4710009":[23,"豊田市","扶桑町"],"4710023":[23,"豊田市","挙母町"],"4718588":[23,"豊田市","下市場町","３丁目３０"],"4710036":[23,"豊田市","広久手町"],"4710049":[23,"豊田市","田町"],"4710061":[23,"豊田市","若草町"],"4718522":[23,"豊田市","梅坪町","９丁目３０－３"],"4710851":[23,"豊田市","樹木町"],"4710032":[23,"豊田市","日南町"],"4718530":[23,"豊田市","喜多町","２丁目１０１番地"],"4710066":[23,"豊田市","栄町"],"4710849":[23,"豊田市","美山町"],"4710819":[23,"豊田市","宮前町"],"4710863":[23,"豊田市","瑞穂町"],"4710873":[23,"豊田市","秋葉町"],"4710854":[23,"豊田市","元町"],"4718516":[23,"豊田市","西町","３丁目６０番地"],"4710869":[23,"豊田市","十塚町"],"4718506":[23,"豊田市","小坂本町","１丁目２５"],"4710071":[23,"豊田市","東梅坪町"],"4710833":[23,"豊田市","山之手"],"4710045":[23,"豊田市","東新町"],"4718518":[23,"豊田市","西町","３丁目６０番地"],"4710025":[23,"豊田市","西町"],"4710837":[23,"豊田市","新生町"],"4710841":[23,"豊田市","深田町"],"4718536":[23,"豊田市","山之手","４丁目４６"],"4710811":[23,"豊田市","御立町"],"4710808":[23,"豊田市","渋谷町"],"4710852":[23,"豊田市","御幸町"],"4710865":[23,"豊田市","松ケ枝町"]}
