{"4890977":[23,"瀬戸市","坂上町"],"4890851":[23,"瀬戸市","西山路町"],"4890076":[23,"瀬戸市","深川町"],"4890018":[23,"瀬戸市","西白坂町"],"4890048":[23,"瀬戸市","窯神町"],"4890987":[23,"瀬戸市","西山町"],"4898550":[23,"瀬戸市","暁町","３－４５"],"4890979":[23,"瀬戸市","坊金町"],"4890033":[23,"瀬戸市","須原町"],"4890037":[23,"瀬戸市","東古瀬戸町"],"4890881":[23,"瀬戸市","熊野町"],"4890985":[23,"瀬戸市","松原町"],"4890803":[23,"瀬戸市","追分町"],"4890066":[23,"瀬戸市","東横山町"],"4890949":[23,"瀬戸市","新田町"],"4890884":[23,"瀬戸市","西茨町"],"4890801":[23,"瀬戸市","汗干町"],"4890822":[23,"瀬戸市","杉塚町"],"4890965":[23,"瀬戸市","南山口町"],"4890913":[23,"瀬戸市","水南町"],"4890001":[23,"瀬戸市","川平町"],"4890941":[23,"瀬戸市","瀬戸口町"],"4890944":[23,"瀬戸市","東米泉町"],"4890910":[23,"瀬戸市","北みずの坂"],"4890974":[23,"瀬戸市","駒前町"],"4898645":[23,"瀬戸市","暁町","３－２４"],"4890908":[23,"瀬戸市","ききょう台"],"4890005":[23,"瀬戸市","中水野町"],"4890074":[23,"瀬戸市","宮脇町"],"4890989":[23,"瀬戸市","山手町"],"4890954":[23,"瀬戸市","台六町"],"4890814":[23,"瀬戸市","末広町"],"4890805":[23,"瀬戸市","陶原町"],"4890864":[23,"瀬戸市","若宮町"],"4898555":[23,"瀬戸市","南山口町","５３９－３"],"4890022":[23,"瀬戸市","赤津町"],"4890904":[23,"瀬戸市","すみれ台"],"4890077":[23,"瀬戸市","宮里町"],"4890807":[23,"瀬戸市","西吉田町"],"4890069":[23,"瀬戸市","東松山町"],"4890879":[23,"瀬戸市","瘤木町"],"4890861":[23,"瀬戸市","八幡台"],"4890896":[23,"瀬戸市","宝ケ丘町"],"4890025":[23,"瀬戸市","凧山町"],"4890877":[23,"瀬戸市","東赤重町"],"4898520":[23,"瀬戸市","熊野町","７６番地１"],"4890837":[23,"瀬戸市","西洞町"],"4890812":[23,"瀬戸市","西蔵所町"],"4898610":[23,"瀬戸市","穴田町","９９１番地"],"4890888":[23,"瀬戸市","原山台"],"4890982":[23,"瀬戸市","さつき台"],"4890846":[23,"瀬戸市","太子町"],"4890838":[23,"瀬戸市","寺本町"],"4890971":[23,"瀬戸市","西本地町"],"4890026":[23,"瀬戸市","東明町"],"4890072":[23,"瀬戸市","東印所町"],"4890848":[23,"瀬戸市","西拝戸町"],"4890972":[23,"瀬戸市","西原町"],"4890843":[23,"瀬戸市","惣作町"],"4890028":[23,"瀬戸市","西窯町"],"4890887":[23,"瀬戸市","菱野台"],"4890079":[23,"瀬戸市","西印所町"],"4890824":[23,"瀬戸市","仲郷町"],"4890816":[23,"瀬戸市","東本町"],"4890873":[23,"瀬戸市","新郷町"],"4890829":[23,"瀬戸市","西郷町"],"4890023":[23,"瀬戸市","窯元町"],"4890921":[23,"瀬戸市","田端町"],"4890882":[23,"瀬戸市","西権現町"],"4890856":[23,"瀬戸市","広久手町"],"4890938":[23,"瀬戸市","幡西町"],"4890953":[23,"瀬戸市","柳ケ坪町"],"4890898":[23,"瀬戸市","秋葉町"],"4890842":[23,"瀬戸市","小空町"],"4890937":[23,"瀬戸市","南菱野町"],"4890006":[23,"瀬戸市","三沢町"],"4890976":[23,"瀬戸市","井戸金町"],"4890024":[23,"瀬戸市","八王子町"],"4890808":[23,"瀬戸市","見付町"],"4890895":[23,"瀬戸市","塩草町"],"4890902":[23,"瀬戸市","内田町"],"4890858":[23,"瀬戸市","屋戸町"],"4890011":[23,"瀬戸市","針原町"],"4890804":[23,"瀬戸市","京町"],"4890818":[23,"瀬戸市","幸町"],"4890946":[23,"瀬戸市","幡中町"],"4890916":[23,"瀬戸市","平町"],"4890036":[23,"瀬戸市","西古瀬戸町"],"4890045":[23,"瀬戸市","陶本町"],"4890926":[23,"瀬戸市","川西町"],"4890924":[23,"瀬戸市","城ケ根町"],"4890948":[23,"瀬戸市","幡山町"],"4890915":[23,"瀬戸市","北浦町"],"4890067":[23,"瀬戸市","小田妻町"],"4890027":[23,"瀬戸市","東拝戸町"],"4890854":[23,"瀬戸市","東山路町"],"4890823":[23,"瀬戸市","東郷町"],"4890817":[23,"瀬戸市","銀杏木町"],"4890835":[23,"瀬戸市","中山町"],"4890934":[23,"瀬戸市","菱野町"],"4890032":[23,"瀬戸市","古瀬戸町"],"4890922":[23,"瀬戸市","市場町"],"4890003":[23,"瀬戸市","穴田町"],"4890016":[23,"瀬戸市","南白坂町"],"4890014":[23,"瀬戸市","北白坂町"],"4890892":[23,"瀬戸市","上ノ切町"],"4890962":[23,"瀬戸市","大坪町"],"4890865":[23,"瀬戸市","山口町"],"4890901":[23,"瀬戸市","十軒町"],"4890017":[23,"瀬戸市","白坂町"],"4890062":[23,"瀬戸市","上水野町"],"4890052":[23,"瀬戸市","安戸町"],"4890002":[23,"瀬戸市","余床町"],"4890911":[23,"瀬戸市","北松山町"],"4890029":[23,"瀬戸市","中畑町"],"4890906":[23,"瀬戸市","本郷町"],"4890866":[23,"瀬戸市","矢形町"],"4890832":[23,"瀬戸市","王子沢町"],"4890813":[23,"瀬戸市","蔵所町"],"4890928":[23,"瀬戸市","東寺山町"],"4890043":[23,"瀬戸市","朝日町"],"4890918":[23,"瀬戸市","北脇町"],"4890909":[23,"瀬戸市","みずの坂"],"4890047":[23,"瀬戸市","西谷町"],"4890857":[23,"瀬戸市","吉野町"],"4890000":[23,"瀬戸市",""],"4890063":[23,"瀬戸市","上陣屋町"],"4898450":[23,"瀬戸市","仲切町","２２番地"],"4898585":[23,"瀬戸市","南山口町","５３９番地３"],"4890021":[23,"瀬戸市","馬ケ城町"],"4890897":[23,"瀬戸市","東茨町"],"4890964":[23,"瀬戸市","上之山町"],"4890862":[23,"瀬戸市","八幡町"],"4890075":[23,"瀬戸市","新道町"],"4898642":[23,"瀬戸市","西追分町","１６０"],"4890827":[23,"瀬戸市","陶生町"],"4890802":[23,"瀬戸市","今池町"],"4890893":[23,"瀬戸市","春雨町"],"4890821":[23,"瀬戸市","薬師町"],"4890811":[23,"瀬戸市","山脇町"],"4890004":[23,"瀬戸市","日の出町"],"4890849":[23,"瀬戸市","新明町"],"4890073":[23,"瀬戸市","泉町"],"4890836":[23,"瀬戸市","一里塚町"],"4890853":[23,"瀬戸市","上山路町"],"4890876":[23,"瀬戸市","白山町"],"4898611":[23,"瀬戸市","暁町","３－８６"],"4890833":[23,"瀬戸市","仲洞町"],"4890855":[23,"瀬戸市","海上町"],"4890847":[23,"瀬戸市","東町"],"4890034":[23,"瀬戸市","刎田町"],"4890054":[23,"瀬戸市","道泉町"],"4890885":[23,"瀬戸市","萩殿町"],"4890932":[23,"瀬戸市","美濃池町"],"4890981":[23,"瀬戸市","ひまわり台"],"4890046":[23,"瀬戸市","元町"],"4890806":[23,"瀬戸市","東吉田町"],"4890945":[23,"瀬戸市","弁天町"],"4890834":[23,"瀬戸市","南東町"],"4890058":[23,"瀬戸市","進陶町"],"4890825":[23,"瀬戸市","祖母懐町"],"4890984":[23,"瀬戸市","北山町"],"4890845":[23,"瀬戸市","鐘場町"],"4890914":[23,"瀬戸市","孫田町"],"4890041":[23,"瀬戸市","背戸側町"],"4890983":[23,"瀬戸市","苗場町"],"4890978":[23,"瀬戸市","小坂町"],"4890943":[23,"瀬戸市","西米泉町"],"4890078":[23,"瀬戸市","湯之根町"],"4890008":[23,"瀬戸市","曽野町"],"4890068":[23,"瀬戸市","上松山町"],"4890056":[23,"瀬戸市","東十三塚町"],"4890065":[23,"瀬戸市","西追分町"],"4890889":[23,"瀬戸市","原山町"],"4890874":[23,"瀬戸市","幡野町"],"4890871":[23,"瀬戸市","東長根町"],"4898680":[23,"瀬戸市","道泉町","７０"],"4890828":[23,"瀬戸市","前田町"],"4890886":[23,"瀬戸市","萩山台"],"4890961":[23,"瀬戸市","田中町"],"4890013":[23,"瀬戸市","中白坂町"],"4890883":[23,"瀬戸市","東権現町"],"4890872":[23,"瀬戸市","水無瀬町"],"4898650":[23,"瀬戸市","東横山町","１１９－１"],"4890966":[23,"瀬戸市","掛下町"],"4890064":[23,"瀬戸市","小金町"],"4890015":[23,"瀬戸市","東白坂町"],"4890878":[23,"瀬戸市","赤重町"],"4890815":[23,"瀬戸市","南仲之切町"],"4890931":[23,"瀬戸市","高根町"],"4890963":[23,"瀬戸市","宮地町"],"4898567":[23,"瀬戸市","西原町","１丁目８６インロック社ビル２階"],"4890942":[23,"瀬戸市","東菱野町"],"4890955":[23,"瀬戸市","南ケ丘町"],"4890844":[23,"瀬戸市","門前町"],"4898511":[23,"瀬戸市","見付町","３８－２"],"4890009":[23,"瀬戸市","水北町"],"4890044":[23,"瀬戸市","栄町"],"4890905":[23,"瀬戸市","はぎの台"],"4890973":[23,"瀬戸市","東本地町"],"4890919":[23,"瀬戸市","川端町"],"4890809":[23,"瀬戸市","共栄通"],"4890071":[23,"瀬戸市","暁町"],"4890852":[23,"瀬戸市","巡間町"],"4890051":[23,"瀬戸市","下陣屋町"],"4890933":[23,"瀬戸市","神川町"],"4890980":[23,"瀬戸市","やまて坂"],"4890947":[23,"瀬戸市","羽根町"],"4890867":[23,"瀬戸市","大坂町"],"4890012":[23,"瀬戸市","長谷口町"],"4890951":[23,"瀬戸市","石田町"],"4890035":[23,"瀬戸市","紺屋田町"],"4890863":[23,"瀬戸市","せいれい町"],"4890826":[23,"瀬戸市","蛭子町"],"4890925":[23,"瀬戸市","西寺山町"],"4898510":[23,"瀬戸市","暁町","１"],"4890903":[23,"瀬戸市","ゆりの台"],"4890055":[23,"瀬戸市","滝之湯町"],"4890927":[23,"瀬戸市","川北町"],"4890042":[23,"瀬戸市","仲切町"],"4890936":[23,"瀬戸市","西脇町"],"4890859":[23,"瀬戸市","山路町"],"4890819":[23,"瀬戸市","西本町"],"4890912":[23,"瀬戸市","西松山町"],"4890986":[23,"瀬戸市","南山町"],"4890891":[23,"瀬戸市","陶栄町"],"4890894":[23,"瀬戸市","川合町"],"4890875":[23,"瀬戸市","緑町"],"4890031":[23,"瀬戸市","五位塚町"],"4890988":[23,"瀬戸市","東山町"],"4890831":[23,"瀬戸市","藤四郎町"],"4898701":[23,"瀬戸市","追分町","６４－１"],"4890929":[23,"瀬戸市","西長根町"],"4890868":[23,"瀬戸市","今林町"],"4890057":[23,"瀬戸市","西十三塚町"],"4890007":[23,"瀬戸市","鹿乗町"],"4890841":[23,"瀬戸市","東洞町"],"4890061":[23,"瀬戸市","上本町"],"4890053":[23,"瀬戸市","東安戸町"],"4890917":[23,"瀬戸市","效範町"],"4890952":[23,"瀬戸市","池田町"],"4890975":[23,"瀬戸市","山の田町"],"4890907":[23,"瀬戸市","ふじの台"],"4890923":[23,"瀬戸市","城屋敷町"],"4890935":[23,"瀬戸市","福元町"],"4898777":[23,"瀬戸市","西原町","１丁目７６番地"]}
