{"0120868":[5,"湯沢市","西愛宕町"],"0121112":[5,"雄勝郡羽後町","睦合"],"0120813":[5,"湯沢市","前森"],"0120827":[5,"湯沢市","表町"],"0120031":[5,"湯沢市","鶴館"],"0120821":[5,"湯沢市","山谷"],"0120008":[5,"湯沢市","高前"],"0120013":[5,"湯沢市","栄田"],"0121135":[5,"雄勝郡羽後町","鹿内"],"0120855":[5,"湯沢市","愛宕町"],"0120862":[5,"湯沢市","関口"],"0120004":[5,"湯沢市","二井田"],"0120803":[5,"湯沢市","杉沢新所"],"0120801":[5,"湯沢市","岩崎"],"0128511":[5,"湯沢市","深堀","字中川原１２０－８"],"0120852":[5,"湯沢市","荒町"],"0120814":[5,"湯沢市","大工町"],"0121125":[5,"雄勝郡羽後町","野中"],"0120021":[5,"湯沢市","黄金原"],"0120045":[5,"湯沢市","岡田町"],"0120000":[5,"湯沢市",""],"0121106":[5,"雄勝郡羽後町","払体"],"0120106":[5,"湯沢市","三梨町"],"0120864":[5,"湯沢市","上関"],"0120014":[5,"湯沢市","大倉谷地"],"0120054":[5,"湯沢市","西中川原"],"0121131":[5,"雄勝郡羽後町","西馬音内"],"0121101":[5,"雄勝郡羽後町","大沢"],"0120011":[5,"湯沢市","森"],"0121126":[5,"雄勝郡羽後町","杉宮"],"0120025":[5,"湯沢市","前島"],"0120842":[5,"湯沢市","内舘町"],"0120036":[5,"湯沢市","両神"],"0121351":[5,"雄勝郡羽後町","下仙道"],"0121124":[5,"雄勝郡羽後町","赤袴"],"0120812":[5,"湯沢市","東赤土山"],"0120824":[5,"湯沢市","裏門"],"0120022":[5,"湯沢市","祝田"],"0120016":[5,"湯沢市","千刈"],"0120056":[5,"湯沢市","藤花"],"0121134":[5,"雄勝郡羽後町","田沢"],"0121102":[5,"雄勝郡羽後町","新町"],"0120822":[5,"湯沢市","下山谷"],"0120841":[5,"湯沢市","大町"],"0121353":[5,"雄勝郡羽後町","上仙道"],"0120869":[5,"湯沢市","若葉町"],"0121104":[5,"雄勝郡羽後町","堀内"],"0120867":[5,"湯沢市","南台"],"0120863":[5,"湯沢市","下関"],"0128501":[5,"湯沢市","佐竹町","１－１"],"0120042":[5,"湯沢市","小豆田"],"0120052":[5,"湯沢市","下中川原"],"0120034":[5,"湯沢市","西新町"],"0120834":[5,"湯沢市","岩ノ沢山"],"0121242":[5,"雄勝郡羽後町","上到米"],"0120003":[5,"湯沢市","上二井田"],"0120845":[5,"湯沢市","材木町"],"0120853":[5,"湯沢市","新町"],"0120836":[5,"湯沢市","金堀沢山"],"0120833":[5,"湯沢市","カツクイ沢山"],"0121121":[5,"雄勝郡羽後町","大久保"],"0121114":[5,"雄勝郡羽後町","糠塚"],"0128604":[5,"湯沢市","柳町","２丁目１－４８"],"0120037":[5,"湯沢市","沖鶴"],"0120837":[5,"湯沢市","西金堀沢山"],"0120826":[5,"湯沢市","柳町"],"0120105":[5,"湯沢市","川連町"],"0121105":[5,"雄勝郡羽後町","水沢"],"0120005":[5,"湯沢市","金谷"],"0120026":[5,"湯沢市","大島"],"0120062":[5,"湯沢市","石塚"],"0121111":[5,"雄勝郡羽後町","嶋田新田"],"0120035":[5,"湯沢市","幸町"],"0120802":[5,"湯沢市","成沢"],"0121136":[5,"雄勝郡羽後町","飯沢"],"0121113":[5,"雄勝郡羽後町","郡山"],"0120057":[5,"湯沢市","雄勝田"],"0120831":[5,"湯沢市","角間沢"],"0120012":[5,"湯沢市","大森"],"0128651":[5,"湯沢市","千石町","４丁目２－５０"],"0120044":[5,"湯沢市","中野々目"],"0120107":[5,"湯沢市","稲庭町"],"0121100":[5,"雄勝郡羽後町",""],"0120854":[5,"湯沢市","鳶ケ沢山"],"0120865":[5,"湯沢市","沼樋"],"0121116":[5,"雄勝郡羽後町","高尾田"],"0120856":[5,"湯沢市","御囲地町"],"0120007":[5,"湯沢市","八幡"],"0120061":[5,"湯沢市","松岡"],"0120183":[5,"湯沢市","皆瀬"],"0120851":[5,"湯沢市","吹張"],"0121132":[5,"雄勝郡羽後町","大戸"],"0120001":[5,"湯沢市","角間"],"0120861":[5,"湯沢市","東松沢"],"0120838":[5,"湯沢市","蛇野"],"0120832":[5,"湯沢市","広沢山"],"0120811":[5,"湯沢市","桜通り"],"0121115":[5,"雄勝郡羽後町","足田"],"0121137":[5,"雄勝郡羽後町","西馬音内堀回"],"0120002":[5,"湯沢市","下二井田"],"0120823":[5,"湯沢市","湯ノ上山"],"0121123":[5,"雄勝郡羽後町","貝沢"],"0120835":[5,"湯沢市","鉦打沢"],"0120006":[5,"湯沢市","柳田"],"0120053":[5,"湯沢市","中川原"],"0120844":[5,"湯沢市","田町"],"0120825":[5,"湯沢市","北荒町"],"0121103":[5,"雄勝郡羽後町","林崎"],"0120017":[5,"湯沢市","富士見"],"0120843":[5,"湯沢市","内町"],"0120041":[5,"湯沢市","中野"],"0120033":[5,"湯沢市","清水町"],"0120815":[5,"湯沢市","古館"],"0121122":[5,"雄勝郡羽後町","柏原"],"0120043":[5,"湯沢市","万石"],"0120024":[5,"湯沢市","赤土"],"0121133":[5,"雄勝郡羽後町","床舞"],"0120032":[5,"湯沢市","元清水"],"0121352":[5,"雄勝郡羽後町","中仙道"],"0120055":[5,"湯沢市","山田"],"0120857":[5,"湯沢市","千石町"],"0121241":[5,"雄勝郡羽後町","田代"],"0120104":[5,"湯沢市","駒形町"],"0120015":[5,"湯沢市","倉内"],"0121243":[5,"雄勝郡羽後町","軽井沢"],"0128601":[5,"湯沢市","表町","２丁目５－２３"],"0120023":[5,"湯沢市","沖田"],"0120051":[5,"湯沢市","深堀"],"0120866":[5,"湯沢市","西松沢"],"0128502":[5,"湯沢市","大工町","２－３２"],"0120804":[5,"湯沢市","杉沢"]}
