{"0350034":[2,"むつ市","田名部町"],"0350046":[2,"むつ市","南町"],"0350055":[2,"むつ市","苫生町"],"0350003":[2,"下北郡東通村","野牛"],"0350043":[2,"むつ市","南赤川町"],"0350004":[2,"下北郡東通村","蒲野沢"],"0350104":[2,"下北郡東通村","蒲野沢"],"0350096":[2,"むつ市","大湊"],"0350005":[2,"下北郡東通村","田屋"],"0350112":[2,"下北郡東通村","尻労"],"0350066":[2,"むつ市","緑ヶ丘"],"0350103":[2,"下北郡東通村","野牛"],"0350085":[2,"むつ市","大湊浜町"],"0350035":[2,"むつ市","本町"],"0350074":[2,"むつ市","大平"],"0350000":[2,"むつ市",""],"0350041":[2,"むつ市","金曲"],"0350053":[2,"むつ市","緑町"],"0350033":[2,"むつ市","横迎町"],"0350073":[2,"むつ市","中央"],"0358686":[2,"むつ市","中央","１丁目８番１号"],"0350092":[2,"むつ市","宇田町"],"0350068":[2,"むつ市","美里町"],"0350064":[2,"むつ市","港町"],"0350022":[2,"むつ市","関根"],"0350078":[2,"むつ市","松森町"],"0350032":[2,"むつ市","上川町"],"0350065":[2,"むつ市","松山町"],"0350031":[2,"むつ市","柳町"],"0350079":[2,"むつ市","荒川町"],"0350084":[2,"むつ市","大湊新町"],"0350067":[2,"むつ市","十二林"],"0350093":[2,"むつ市","大湊町"],"0350094":[2,"むつ市","桜木町"],"0350054":[2,"むつ市","海老川町"],"0350044":[2,"むつ市","赤川町"],"0350063":[2,"むつ市","若松町"],"0350113":[2,"下北郡東通村","岩屋"],"0350086":[2,"むつ市","大湊上町"],"0350045":[2,"むつ市","松原町"],"0350052":[2,"むつ市","昭和町"],"0350011":[2,"むつ市","奥内"],"0350077":[2,"むつ市","山田町"],"0350001":[2,"下北郡東通村","大利"],"0350111":[2,"下北郡東通村","尻屋"],"0350021":[2,"むつ市","田名部"],"0350036":[2,"むつ市","栗山町"],"0350076":[2,"むつ市","旭町"],"0350071":[2,"むつ市","小川町"],"0350061":[2,"むつ市","下北町"],"0350072":[2,"むつ市","金谷"],"0350012":[2,"むつ市","中野沢"],"0350062":[2,"むつ市","仲町"],"0350051":[2,"むつ市","新町"],"0350081":[2,"むつ市","並川町"],"0350075":[2,"むつ市","真砂町"],"0350091":[2,"むつ市","川守町"],"0350083":[2,"むつ市","大平町"],"0350095":[2,"むつ市","城ケ沢"],"0350082":[2,"むつ市","文京町"],"0350002":[2,"下北郡東通村","目名"],"0350042":[2,"むつ市","大曲"]}
