{"0220000":[3,"大船渡市",""],"0220211":[3,"大船渡市","三陸町綾里"],"0220005":[3,"大船渡市","日頃市町"],"0228508":[3,"大船渡市","赤崎町","字鳥沢１６４－２"],"0228512":[3,"大船渡市","大船渡町","字山馬越１０－１"],"0220003":[3,"大船渡市","盛町"],"0228501":[3,"大船渡市","盛町","字宇津野沢１５"],"0228602":[3,"大船渡市","大船渡町","字欠ノ下向１－１２５"],"0228502":[3,"大船渡市","猪川町","字前田６－１"],"0228505":[3,"大船渡市","大船渡町","字永沢６－１６"],"0228504":[3,"大船渡市","盛町","字二本枠５"],"0220004":[3,"大船渡市","猪川町"],"0220006":[3,"大船渡市","立根町"],"0220001":[3,"大船渡市","末崎町"],"0220007":[3,"大船渡市","赤崎町"],"0228503":[3,"大船渡市","大船渡町","字茶屋前１０１"],"0220102":[3,"大船渡市","三陸町吉浜"],"0228507":[3,"大船渡市","盛町","字下舘下７番地１６"],"0220002":[3,"大船渡市","大船渡町"],"0220101":[3,"大船渡市","三陸町越喜来"]}
