{"2138586":[14,"川崎市高津区","坂戸","１丁目１７番３号"],"2130011":[14,"川崎市高津区","久本"],"2138511":[14,"川崎市高津区","北見方","２丁目６－１"],"2130023":[14,"川崎市高津区","子母口"],"2130004":[14,"川崎市高津区","諏訪"],"2138570":[14,"川崎市高津区","下作延","２７４－２"],"2138505":[14,"川崎市高津区","下野毛","２丁目１２－１"],"2130033":[14,"川崎市高津区","下作延"],"2130013":[14,"川崎市高津区","末長"],"2138525":[14,"川崎市高津区","久本","３丁目３－１７"],"2138576":[14,"川崎市高津区","下作延","２丁目７番６０号"],"2138522":[14,"川崎市高津区","下作延","１６０４"],"2130026":[14,"川崎市高津区","久末"],"2138550":[14,"川崎市高津区","坂戸","１丁目１３－３"],"2138587":[14,"川崎市高津区","梶ケ谷","１丁目３－１"],"2138580":[14,"川崎市高津区","久本","２丁目３－１"],"2138545":[14,"川崎市高津区","坂戸","３丁目２番１号かながわサイエンスパークＲ＆Ｄビジネスパークビル"],"2138559":[14,"川崎市高津区","二子","１丁目１７－１"],"2138558":[14,"川崎市高津区","溝口","１丁目２４－１６"],"2138589":[14,"川崎市高津区","下作延","６９２番地"],"2138551":[14,"川崎市高津区","下野毛","３丁目１３－１"],"2130000":[14,"川崎市高津区",""],"2138588":[14,"川崎市高津区","宇奈根","７３１－１"],"2138503":[14,"川崎市高津区","久本","２丁目４－３"],"2130025":[14,"川崎市高津区","蟹ケ谷"],"2130002":[14,"川崎市高津区","二子"],"2130035":[14,"川崎市高津区","向ケ丘"],"2130022":[14,"川崎市高津区","千年"],"2130021":[14,"川崎市高津区","千年新町"],"2130024":[14,"川崎市高津区","明津"],"2130031":[14,"川崎市高津区","宇奈根"],"2138512":[14,"川崎市高津区","下野毛","３丁目１６－１"],"2138521":[14,"川崎市高津区","二子","４丁目９－１"],"2138520":[14,"川崎市高津区","野川","３６９６"],"2130032":[14,"川崎市高津区","久地"],"2130012":[14,"川崎市高津区","坂戸"],"2138585":[14,"川崎市高津区","二子","６丁目１３－１０"],"2138535":[14,"川崎市高津区","久本","３丁目５－８"],"2138577":[14,"川崎市高津区","梶ケ谷","２丁目３－３"],"2138566":[14,"川崎市高津区","二子","６丁目２－３"],"2138573":[14,"川崎市高津区","千年","６９８－１"],"2138523":[14,"川崎市高津区","溝口","２丁目１１－８リバーストーン第３ビル３階"],"2138515":[14,"川崎市高津区","溝口","１丁目６－１２"],"2130003":[14,"川崎市高津区","瀬田"],"2138502":[14,"川崎市高津区","末長","１１１６"],"2138533":[14,"川崎市高津区","坂戸","１丁目２０－１"],"2130034":[14,"川崎市高津区","上作延"],"2130005":[14,"川崎市高津区","北見方"],"2138507":[14,"川崎市高津区","溝口","３丁目８－３"],"2130027":[14,"川崎市高津区","野川"],"2130014":[14,"川崎市高津区","新作"],"2138553":[14,"川崎市高津区","宇奈根","７１５－１"],"2130001":[14,"川崎市高津区","溝口"],"2130015":[14,"川崎市高津区","梶ケ谷"],"2138546":[14,"川崎市高津区","坂戸","３丁目２番１号かながわサイエンスパークＲ＆Ｄビジネスパークビル"],"2138581":[14,"川崎市高津区","下野毛","３丁目１５－２"],"2130006":[14,"川崎市高津区","下野毛"]}
