{"4850034":[23,"小牧市","市之久田"],"4850039":[23,"小牧市","外堀"],"4850035":[23,"小牧市","多気東町"],"4850085":[23,"小牧市","河内屋新田"],"4850823":[23,"小牧市","郷西町"],"4850000":[23,"小牧市",""],"4858521":[23,"小牧市","大字河内屋新田","２６２"],"4858653":[23,"小牧市","小牧原","４丁目１０３番地"],"4850075":[23,"小牧市","三ツ渕"],"4850066":[23,"小牧市","藤島町出口"],"4850081":[23,"小牧市","横内"],"4858516":[23,"小牧市","大字三ツ渕","西ノ門８７８"],"4858530":[23,"小牧市","大字三ツ渕","西坪１１３８"],"4850031":[23,"小牧市","若草町"],"4850824":[23,"小牧市","長治町"],"4850001":[23,"小牧市","久保一色東"],"4850072":[23,"小牧市","元町"],"4850815":[23,"小牧市","篠岡"],"4850067":[23,"小牧市","藤島町居屋敷"],"4850825":[23,"小牧市","下末"],"4850021":[23,"小牧市","二重堀"],"4858655":[23,"小牧市","大字村中","前田１５３"],"4858512":[23,"小牧市","大字間々原新田","下新池９８７番地"],"4850052":[23,"小牧市","多気中町"],"4850801":[23,"小牧市","大山"],"4858654":[23,"小牧市","小針","３丁目６７番地"],"4850061":[23,"小牧市","藤島町向江"],"4850084":[23,"小牧市","入鹿出新田"],"4850048":[23,"小牧市","間々本町"],"4858562":[23,"小牧市","大字上末","字東山３５０９－１９０"],"4850077":[23,"小牧市","西之島"],"4850014":[23,"小牧市","安田町"],"4850017":[23,"小牧市","岩崎原"],"4858652":[23,"小牧市","春日寺","１丁目１"],"4858561":[23,"小牧市","大字東田中","１２００"],"4858563":[23,"小牧市","大字大草","字年上坂６００４"],"4858511":[23,"小牧市","大字西之島","１１６８"],"4850068":[23,"小牧市","藤島"],"4858650":[23,"小牧市","堀の内","三丁目１番地"],"4850051":[23,"小牧市","下小針中島"],"4850003":[23,"小牧市","久保一色"],"4850053":[23,"小牧市","多気南町"],"4858540":[23,"小牧市","下小針中島","２丁目１５８番地"],"4850804":[23,"小牧市","池之内"],"4858505":[23,"小牧市","大字本庄","１２５１－３"],"4850002":[23,"小牧市","葭原"],"4850812":[23,"小牧市","城山"],"4850069":[23,"小牧市","藤島町梵天"],"4850822":[23,"小牧市","上末"],"4850076":[23,"小牧市","三ツ渕原新田"],"4850814":[23,"小牧市","古雅"],"4850803":[23,"小牧市","高根"],"4850044":[23,"小牧市","常普請"],"4850055":[23,"小牧市","多気北町"],"4850008":[23,"小牧市","寺西"],"4858555":[23,"小牧市","大字林","２１０－３"],"4850015":[23,"小牧市","間々"],"4850041":[23,"小牧市","小牧"],"4850028":[23,"小牧市","東新町"],"4850022":[23,"小牧市","北外山入鹿新田"],"4850802":[23,"小牧市","大草"],"4858533":[23,"小牧市","新小木","３丁目２０"],"4850027":[23,"小牧市","緑町"],"4850033":[23,"小牧市","郷中"],"4850064":[23,"小牧市","藤島町徳願寺"],"4850049":[23,"小牧市","山北町"],"4850831":[23,"小牧市","東"],"4850813":[23,"小牧市","桃ケ丘"],"4858520":[23,"小牧市","常普請","１丁目２０"],"4850043":[23,"小牧市","桜井本町"],"4850011":[23,"小牧市","岩崎"],"4850026":[23,"小牧市","大山"],"4850037":[23,"小牧市","小針"],"4850042":[23,"小牧市","桜井"],"4850036":[23,"小牧市","下小針天神"],"4850024":[23,"小牧市","南外山"],"4850071":[23,"小牧市","弥生町"],"4858510":[23,"小牧市","大字岩崎","２８０８"],"4850074":[23,"小牧市","新小木"],"4850059":[23,"小牧市","小木東"],"4850811":[23,"小牧市","光ケ丘"],"4850083":[23,"小牧市","村中新町"],"4858651":[23,"小牧市","中央","１丁目４２４"],"4850006":[23,"小牧市","久保新町"],"4850025":[23,"小牧市","春日寺"],"4850826":[23,"小牧市","東田中"],"4850805":[23,"小牧市","林"],"4850073":[23,"小牧市","舟津"],"4850012":[23,"小牧市","小牧原新田"],"4850023":[23,"小牧市","北外山"],"4850058":[23,"小牧市","小木"],"4850078":[23,"小牧市","西島町"],"4850046":[23,"小牧市","堀の内"],"4850821":[23,"小牧市","本庄"],"4850827":[23,"小牧市","文津"],"4850806":[23,"小牧市","野口"],"4850828":[23,"小牧市","小松寺"],"4850013":[23,"小牧市","新町"],"4850047":[23,"小牧市","曙町"],"4858550":[23,"小牧市","東","３丁目１番地"],"4858522":[23,"小牧市","大字河内屋新田","高笹４８０－１"],"4850054":[23,"小牧市","多気西町"],"4850832":[23,"小牧市","応時"],"4850007":[23,"小牧市","久保一色南"],"4850057":[23,"小牧市","小木西"],"4850063":[23,"小牧市","藤島町鏡池"],"4850016":[23,"小牧市","間々原新田"],"4850004":[23,"小牧市","田県町"],"4850065":[23,"小牧市","藤島町五才田"],"4858565":[23,"小牧市","大字大草","字年上坂５９６９－３"],"4858552":[23,"小牧市","小牧","５丁目２５３"],"4858523":[23,"小牧市","堀の内","４丁目１５４"],"4858551":[23,"小牧市","応時","２丁目２５０番地"],"4858750":[23,"小牧市","大字久保一色","佃１０１０－１"],"4850056":[23,"小牧市","小木南"],"4850005":[23,"小牧市","久保本町"],"4850029":[23,"小牧市","中央"],"4850032":[23,"小牧市","掛割町"],"4850062":[23,"小牧市","藤島町中島"],"4850045":[23,"小牧市","川西"],"4850082":[23,"小牧市","村中"],"4858531":[23,"小牧市","大字舟津","１３６０"],"4850829":[23,"小牧市","小牧原"]}
