{"1248501":[13,"葛飾区","新小岩","１丁目５２－８"],"1240005":[13,"葛飾区","宝町"],"1248524":[13,"葛飾区","立石","２丁目４－２"],"1248538":[13,"葛飾区","西新小岩","３丁目８－４"],"1240024":[13,"葛飾区","新小岩"],"1248588":[13,"葛飾区","立石","３丁目７－９"],"1240001":[13,"葛飾区","小菅"],"1248502":[13,"葛飾区","小菅","４丁目２０－２４"],"1240004":[13,"葛飾区","東堀切"],"1240006":[13,"葛飾区","堀切"],"1248539":[13,"葛飾区","立石","２丁目９－１"],"1248560":[13,"葛飾区","立石","８丁目３１－６"],"1240023":[13,"葛飾区","東新小岩"],"1248535":[13,"葛飾区","西新小岩","３丁目５－１"],"1248503":[13,"葛飾区","四つ木","５丁目２５－１２"],"1240011":[13,"葛飾区","四つ木"],"1248511":[13,"葛飾区","立石","７丁目９－１０"],"1240000":[13,"葛飾区",""],"1248520":[13,"葛飾区","立石","５丁目１３－１"],"1248533":[13,"葛飾区","立石","８丁目３３－１"],"1248555":[13,"葛飾区","立石","５丁目１３－１"],"1248509":[13,"葛飾区","西新小岩","４丁目６－７"],"1240013":[13,"葛飾区","東立石"],"1248577":[13,"葛飾区","奥戸","１丁目２９－１"],"1240025":[13,"葛飾区","西新小岩"],"1248510":[13,"葛飾区","堀切","４丁目６６－１"],"1240014":[13,"葛飾区","東四つ木"],"1240002":[13,"葛飾区","西亀有"],"1240012":[13,"葛飾区","立石"],"1240021":[13,"葛飾区","細田"],"1240022":[13,"葛飾区","奥戸"],"1240003":[13,"葛飾区","お花茶屋"],"1248550":[13,"葛飾区","四つ木","３丁目１９－１"],"1248585":[13,"葛飾区","東四つ木","４丁目４２－５"]}
