{"0980508":[1,"名寄市","風連町瑞生"],"0980502":[1,"名寄市","風連町北栄町"],"0980123":[1,"上川郡和寒町","東丘"],"0981216":[1,"上川郡下川町","上名寄"],"0982622":[1,"中川郡中川町","佐久"],"0985821":[1,"枝幸郡枝幸町","栄町"],"0983395":[1,"天塩郡天塩町","字川口","２３４３番地"],"0984468":[1,"天塩郡豊富町","落合"],"0982235":[1,"中川郡美深町","南町"],"0985801":[1,"枝幸郡枝幸町","徳志別"],"0981704":[1,"紋別郡雄武町","上沢木"],"0983503":[1,"天塩郡遠別町","啓明"],"0982501":[1,"中川郡音威子府村","音威子府"],"0983143":[1,"天塩郡天塩町","泉源"],"0985202":[1,"枝幸郡枝幸町","歌登東歌登"],"0983228":[1,"天塩郡幌延町","下沼"],"0984115":[1,"天塩郡豊富町","西五条"],"0984112":[1,"天塩郡豊富町","西二条"],"0986563":[1,"稚内市","声問村"],"0985213":[1,"枝幸郡枝幸町","歌登本幌別"],"0985745":[1,"枝幸郡浜頓別町","常盤"],"0986104":[1,"宗谷郡猿払村","猿払"],"0983133":[1,"天塩郡天塩町","オヌプナイ"],"0985954":[1,"枝幸郡枝幸町","上音標"],"0985725":[1,"枝幸郡浜頓別町","大通"],"0983201":[1,"天塩郡幌延町","一条北"],"0986575":[1,"稚内市","声問村"],"0985825":[1,"枝幸郡枝幸町","新栄町"],"0985562":[1,"枝幸郡中頓別町","神崎"],"0984456":[1,"天塩郡豊富町","開源"],"0980132":[1,"上川郡和寒町","西町"],"0981503":[1,"紋別郡西興部村","中興部"],"0982364":[1,"中川郡美深町","報徳"],"0985221":[1,"枝幸郡枝幸町","歌登毛登別"],"0985717":[1,"枝幸郡浜頓別町","浜頓別"],"0981202":[1,"上川郡下川町","緑町"],"0984465":[1,"天塩郡豊富町","豊田"],"0982203":[1,"中川郡美深町","六郷"],"0981944":[1,"紋別郡興部町","豊野"],"0980335":[1,"上川郡剣淵町","南桜町"],"0980114":[1,"上川郡和寒町","西和"],"0985713":[1,"枝幸郡浜頓別町","北３条"],"0981602":[1,"紋別郡興部町","興部"],"0985816":[1,"枝幸郡枝幸町","目梨泊"],"0984134":[1,"天塩郡豊富町","豊幌"],"0982625":[1,"中川郡中川町","安川"],"0985751":[1,"枝幸郡浜頓別町","金ヶ丘"],"0985595":[1,"枝幸郡中頓別町","字中頓別","１７２番地"],"0981941":[1,"紋別郡興部町","沙留"],"0985764":[1,"枝幸郡浜頓別町","安別"],"0985103":[1,"枝幸郡中頓別町","秋田"],"0984133":[1,"天塩郡豊富町","本流"],"0981708":[1,"紋別郡雄武町","上幌内"],"0985554":[1,"枝幸郡中頓別町","旭台"],"0983221":[1,"天塩郡幌延町","栄町"],"0985824":[1,"枝幸郡枝幸町","北栄町"],"0983211":[1,"天塩郡幌延町","一条南"],"0985703":[1,"枝幸郡浜頓別町","斜内"],"0983531":[1,"天塩郡遠別町","旭"],"0983305":[1,"天塩郡天塩町","新開通"],"0982220":[1,"中川郡美深町","大通北"],"0982233":[1,"中川郡美深町","東三条南"],"0982621":[1,"中川郡中川町","共和"],"0985807":[1,"枝幸郡枝幸町","本町"],"0985442":[1,"枝幸郡枝幸町","歌登豊沃"],"0982253":[1,"中川郡美深町","西三条北"],"0983541":[1,"天塩郡遠別町","北浜"],"0981206":[1,"上川郡下川町","幸町"],"0981612":[1,"紋別郡興部町","興部"],"0981623":[1,"紋別郡興部町","興部"],"0980631":[1,"名寄市","風連町日進"],"0980513":[1,"名寄市","風連町池の上"],"0981607":[1,"紋別郡興部町","興部"],"0981701":[1,"紋別郡雄武町","北雄武"],"0986225":[1,"宗谷郡猿払村","芦野"],"0981622":[1,"紋別郡興部町","北興"],"0981702":[1,"紋別郡雄武町","雄武"],"0980332":[1,"上川郡剣淵町","緑町"],"0981611":[1,"紋別郡興部町","興部"],"0980135":[1,"上川郡和寒町","東和"],"0980516":[1,"名寄市","風連町緑町"],"0982226":[1,"中川郡美深町","東六条北"],"0980103":[1,"上川郡和寒町","北原"],"0982207":[1,"中川郡美深町","辺渓"],"0981211":[1,"上川郡下川町","珊瑠"],"0981203":[1,"上川郡下川町","共栄町"],"0984104":[1,"天塩郡豊富町","修徳"],"0986234":[1,"宗谷郡猿払村","鬼志別北町"],"0983206":[1,"天塩郡幌延町","六条北"],"0986644":[1,"稚内市","宗谷村"],"0980341":[1,"上川郡剣淵町","東町"],"0983316":[1,"天塩郡天塩町","振老"],"0985500":[1,"枝幸郡中頓別町",""],"0983398":[1,"天塩郡天塩町","新栄通","８丁目"],"0985955":[1,"枝幸郡枝幸町","音標"],"0981624":[1,"紋別郡興部町","宇津"],"0985792":[1,"枝幸郡浜頓別町","中央南","１番地"],"0985741":[1,"枝幸郡浜頓別町","旭ケ丘"],"0986561":[1,"稚内市","声問村"],"0984122":[1,"天塩郡豊富町","東二条"],"0982801":[1,"中川郡中川町","歌内"],"0981331":[1,"上川郡下川町","一の橋"],"0983151":[1,"天塩郡幌延町","雄興"],"0982241":[1,"中川郡美深町","西一条南"],"0983396":[1,"天塩郡天塩町","新栄通","９丁目"],"0985815":[1,"枝幸郡枝幸町","問牧"],"0986751":[1,"稚内市","宗谷村"],"0980113":[1,"上川郡和寒町","菊野"],"0984467":[1,"天塩郡豊富町","豊里"],"0980507":[1,"名寄市","風連町西町"],"0982234":[1,"中川郡美深町","東四条南"],"0982892":[1,"中川郡中川町","字中川",""],"0986292":[1,"宗谷郡猿払村","鬼志別西町","１７２番地"],"0985712":[1,"枝幸郡浜頓別町","北２条"],"0981792":[1,"紋別郡雄武町","","本町"],"0984125":[1,"天塩郡豊富町","東五条"],"0984107":[1,"天塩郡豊富町","稚咲内"],"0985826":[1,"枝幸郡枝幸町","北浜町"],"0983542":[1,"天塩郡遠別町","幸和"],"0982361":[1,"中川郡美深町","恩根内"],"0980131":[1,"上川郡和寒町","南町"],"0981942":[1,"紋別郡興部町","富丘"],"0981600":[1,"紋別郡興部町",""],"0985753":[1,"枝幸郡浜頓別町","高砂"],"0982624":[1,"中川郡中川町","豊里"],"0986754":[1,"稚内市","宗谷村"],"0981506":[1,"紋別郡西興部村","中藻"],"0985561":[1,"枝幸郡中頓別町","兵安"],"0981706":[1,"紋別郡雄武町","中雄武"],"0985800":[1,"枝幸郡枝幸町",""],"0985953":[1,"枝幸郡枝幸町","風烈布"],"0985203":[1,"枝幸郡枝幸町","歌登辺毛内"],"0981213":[1,"上川郡下川町","三の橋"],"0985704":[1,"枝幸郡浜頓別町","中央北"],"0982227":[1,"中川郡美深町","北町"],"0985555":[1,"枝幸郡中頓別町","豊泉"],"0980337":[1,"上川郡剣淵町","西岡町"],"0983504":[1,"天塩郡遠別町","丸松"],"0986562":[1,"稚内市","声問村"],"0983522":[1,"天塩郡遠別町","大成"],"0986101":[1,"宗谷郡猿払村","浅茅野"],"0983215":[1,"天塩郡幌延町","五条南"],"0985113":[1,"枝幸郡中頓別町","敏音知"],"0982802":[1,"中川郡中川町","中川"],"0985205":[1,"枝幸郡枝幸町","歌登桧垣町"],"0981606":[1,"紋別郡興部町","興部"],"0980300":[1,"上川郡剣淵町",""],"0985705":[1,"枝幸郡浜頓別町","中央南"],"0983202":[1,"天塩郡幌延町","二条北"],"0980124":[1,"上川郡和寒町","南丘"],"0985761":[1,"枝幸郡浜頓別町","智福"],"0982202":[1,"中川郡美深町","玉川"],"0982502":[1,"中川郡音威子府村","咲来"],"0985206":[1,"枝幸郡枝幸町","歌登西町"],"0981601":[1,"紋別郡興部町","興部"],"0986576":[1,"稚内市","声問村"],"0985744":[1,"枝幸郡浜頓別町","宇曽丹"],"0984121":[1,"天塩郡豊富町","東一条"],"0985701":[1,"枝幸郡浜頓別町","栄和"],"0985112":[1,"枝幸郡中頓別町","豊平"],"0985752":[1,"枝幸郡浜頓別町","下頓別"],"0985714":[1,"枝幸郡浜頓別町","北４条"],"0981424":[1,"紋別郡西興部村","奥興部"],"0984102":[1,"天塩郡豊富町","目梨別"],"0983212":[1,"天塩郡幌延町","二条南"],"0981500":[1,"紋別郡西興部村",""],"0985765":[1,"枝幸郡浜頓別町","共和"],"0980512":[1,"名寄市","風連町東風連"],"0985700":[1,"枝幸郡浜頓別町",""],"0985805":[1,"枝幸郡枝幸町","幸町"],"0982232":[1,"中川郡美深町","東二条南"],"0986231":[1,"宗谷郡猿払村","鬼志別東町"],"0983227":[1,"天塩郡幌延町","浜里"],"0983222":[1,"天塩郡幌延町","東町"],"0983534":[1,"天塩郡遠別町","富士見"],"0980506":[1,"名寄市","風連町仲町"],"0984100":[1,"天塩郡豊富町",""],"0981201":[1,"上川郡下川町","旭町"],"0986228":[1,"宗谷郡猿払村","小石"],"0984111":[1,"天塩郡豊富町","西一条"],"0980336":[1,"上川郡剣淵町","旭町"],"0983142":[1,"天塩郡天塩町","新成"],"0985734":[1,"枝幸郡浜頓別町","日の出"],"0984463":[1,"天塩郡豊富町","瑞穂南"],"0985822":[1,"枝幸郡枝幸町","北幸町"],"0981943":[1,"紋別郡興部町","住吉"],"0981700":[1,"紋別郡雄武町",""],"0986757":[1,"稚内市","宗谷村"],"0986643":[1,"稚内市","声問村"],"0984114":[1,"天塩郡豊富町","西四条"],"0980392":[1,"上川郡剣淵町","仲町","３７番１号"],"0982206":[1,"中川郡美深町","菊丘"],"0982213":[1,"中川郡美深町","吉野"],"0984466":[1,"天塩郡豊富町","清明"],"0983311":[1,"天塩郡天塩町","産士"],"0981705":[1,"紋別郡雄武町","南雄武"],"0986642":[1,"稚内市","声問"],"0982366":[1,"中川郡美深町","紋穂内"],"0983315":[1,"天塩郡天塩町","天塩"],"0986755":[1,"稚内市","宗谷村"],"0983207":[1,"天塩郡幌延町","宮園町"],"0980112":[1,"上川郡和寒町","三和"],"0980102":[1,"上川郡和寒町","大成"],"0984140":[1,"天塩郡豊富町","停車場通"],"0981212":[1,"上川郡下川町","北町"],"0986571":[1,"稚内市","声問村"],"0983134":[1,"天塩郡天塩町","円山"],"0985806":[1,"枝幸郡枝幸町","梅ケ枝町"],"0982221":[1,"中川郡美深町","東一条北"],"0982242":[1,"中川郡美深町","西二条南"],"0982238":[1,"中川郡美深町","開運町"],"0983302":[1,"天塩郡天塩町","山手裏通"],"0986200":[1,"宗谷郡猿払村",""],"0985443":[1,"枝幸郡枝幸町","歌登上徳志別"],"0981616":[1,"紋別郡興部町","興部"],"0984137":[1,"天塩郡豊富町","徳満"],"0981204":[1,"上川郡下川町","南町"],"0984105":[1,"天塩郡豊富町","幌加"],"0981205":[1,"上川郡下川町","西町"],"0981821":[1,"紋別郡雄武町","北幌内"],"0980338":[1,"上川郡剣淵町","仲町"],"0983131":[1,"天塩郡天塩町","タツネウシ"],"0983393":[1,"天塩郡天塩町","字川口","１４６４番地"],"0982804":[1,"中川郡中川町","大富"],"0983203":[1,"天塩郡幌延町","三条北"],"0980515":[1,"名寄市","風連町中央"],"0983301":[1,"天塩郡天塩町","山手通"],"0980111":[1,"上川郡和寒町","三笠"],"0982211":[1,"中川郡美深町","富岡"],"0984136":[1,"天塩郡豊富町","新生"],"0986572":[1,"稚内市","声問村"],"0983523":[1,"天塩郡遠別町","東野"],"0982205":[1,"中川郡美深町","美深"],"0985298":[1,"枝幸郡枝幸町","歌登東町",""],"0980126":[1,"上川郡和寒町","朝日"],"0985738":[1,"枝幸郡浜頓別町","緑ケ丘"],"0980503":[1,"名寄市","風連町大町"],"0980192":[1,"上川郡和寒町","字西町","１２０番地"],"0981505":[1,"紋別郡西興部村","上藻"],"0981332":[1,"上川郡下川町","二の橋"],"0982237":[1,"中川郡美深町","若松町"],"0983512":[1,"天塩郡遠別町","中央"],"0986102":[1,"宗谷郡猿払村","浅茅野台地"],"0984124":[1,"天塩郡豊富町","東四条"],"0983303":[1,"天塩郡天塩町","新栄通"],"0985723":[1,"枝幸郡浜頓別町","南３条"],"0982941":[1,"天塩郡幌延町","上問寒"],"0982224":[1,"中川郡美深町","東四条北"],"0985711":[1,"枝幸郡浜頓別町","北１条"],"0986233":[1,"宗谷郡猿払村","鬼志別南町"],"0983361":[1,"天塩郡遠別町","北里"],"0985743":[1,"枝幸郡浜頓別町","楓"],"0984139":[1,"天塩郡豊富町","仲通り"],"0983306":[1,"天塩郡天塩町","海岸通"],"0985762":[1,"枝幸郡浜頓別町","ポン仁達内"],"0982252":[1,"中川郡美深町","西町"],"0984461":[1,"天塩郡豊富町","瑞穂東"],"0980100":[1,"上川郡和寒町",""],"0983141":[1,"天塩郡天塩町","西雄信内"],"0985552":[1,"枝幸郡中頓別町","寿"],"0984106":[1,"天塩郡豊富町","豊徳"],"0981605":[1,"紋別郡興部町","興部"],"0982362":[1,"中川郡美深町","大手"],"0986758":[1,"稚内市","宗谷岬"],"0980125":[1,"上川郡和寒町","塩狩"],"0983501":[1,"天塩郡遠別町","北里"],"0985564":[1,"枝幸郡中頓別町","上駒"],"0982201":[1,"中川郡美深町","泉"],"0986565":[1,"稚内市","声問村"],"0986645":[1,"稚内市","声問村"],"0984110":[1,"天塩郡豊富町","大通り"],"0981214":[1,"上川郡下川町","渓和"],"0985204":[1,"枝幸郡枝幸町","歌登南町"],"0983216":[1,"天塩郡幌延町","六条南"],"0983204":[1,"天塩郡幌延町","四条北"],"0985111":[1,"枝幸郡中頓別町","上頓別"],"0984131":[1,"天塩郡豊富町","東豊富"],"0985892":[1,"枝幸郡枝幸町","字本町",""],"0980339":[1,"上川郡剣淵町","西原町"],"0980509":[1,"名寄市","風連町西風連"],"0985563":[1,"枝幸郡中頓別町","藤井"],"0984141":[1,"天塩郡豊富町","三条通り"],"0983533":[1,"天塩郡遠別町","金浦"],"0983543":[1,"天塩郡遠別町","本町"],"0982243":[1,"中川郡美深町","西三条南"],"0981504":[1,"紋別郡西興部村","忍路子"],"0985101":[1,"枝幸郡中頓別町","岩手"],"0985444":[1,"枝幸郡枝幸町","歌登大奮"],"0985763":[1,"枝幸郡浜頓別町","仁達内"],"0980134":[1,"上川郡和寒町","東町"],"0982367":[1,"中川郡美深町","楠"],"0983223":[1,"天塩郡幌延町","幌延"],"0981501":[1,"紋別郡西興部村","西興部"],"0980505":[1,"名寄市","風連町南町"],"0986105":[1,"宗谷郡猿払村","浜猿払"],"0985952":[1,"枝幸郡枝幸町","乙忠部"],"0986232":[1,"宗谷郡猿払村","鬼志別西町"],"0986385":[1,"稚内市","宗谷村"],"0982623":[1,"中川郡中川町","富和"],"0982231":[1,"中川郡美深町","東一条南"],"0985754":[1,"枝幸郡浜頓別町","宇津内"],"0982363":[1,"中川郡美深町","小車"],"0981200":[1,"上川郡下川町",""],"0980475":[1,"士別市","多寄町"],"0980511":[1,"名寄市","風連町新生町"],"0981692":[1,"紋別郡興部町","字興部","７１０番地"],"0980121":[1,"上川郡和寒町","川西"],"0985803":[1,"枝幸郡枝幸町","下幌別"],"0984457":[1,"天塩郡豊富町","沼向"],"0981614":[1,"紋別郡興部町","興部"],"0981423":[1,"紋別郡西興部村","札滑"],"0983312":[1,"天塩郡天塩町","川口"],"0984117":[1,"天塩郡豊富町","落合"],"0982222":[1,"中川郡美深町","東二条北"],"0982942":[1,"天塩郡幌延町","中問寒"],"0980333":[1,"上川郡剣淵町","元町"],"0983314":[1,"天塩郡天塩町","更岸"],"0982212":[1,"中川郡美深町","班渓"],"0986756":[1,"稚内市","宗谷村"],"0982803":[1,"中川郡中川町","琴平"],"0983225":[1,"天塩郡幌延町","上幌延"],"0983226":[1,"天塩郡幌延町","開進"],"0982225":[1,"中川郡美深町","東五条北"],"0981603":[1,"紋別郡興部町","興部"],"0983511":[1,"天塩郡遠別町","久光"],"0985804":[1,"枝幸郡枝幸町","南浜町"],"0980101":[1,"上川郡和寒町","日ノ出"],"0980122":[1,"上川郡和寒町","中和"],"0981703":[1,"紋別郡雄武町","沢木"],"0982943":[1,"天塩郡幌延町","問寒別"],"0984132":[1,"天塩郡豊富町","温泉"],"0983217":[1,"天塩郡幌延町","元町"],"0980501":[1,"名寄市","風連町豊里"],"0982365":[1,"中川郡美深町","西里"],"0986341":[1,"宗谷郡猿払村","知来別"],"0983135":[1,"天塩郡天塩町","東産士"],"0983392":[1,"天塩郡天塩町","新栄通","６丁目"],"0985551":[1,"枝幸郡中頓別町","中頓別"],"0982236":[1,"中川郡美深町","東六条南"],"0985565":[1,"枝幸郡中頓別町","松音知"],"0982626":[1,"中川郡中川町","安川"],"0985722":[1,"枝幸郡浜頓別町","南２条"],"0985102":[1,"枝幸郡中頓別町","小頓別"],"0984113":[1,"天塩郡豊富町","西三条"],"0980504":[1,"名寄市","風連町本町"],"0984582":[1,"稚内市","声問村"],"0985201":[1,"枝幸郡枝幸町","歌登パンケナイ"],"0984101":[1,"天塩郡豊富町","福永"],"0984455":[1,"天塩郡豊富町","芦川"],"0981502":[1,"紋別郡西興部村","六興"],"0986106":[1,"宗谷郡猿払村","上猿払"],"0984464":[1,"天塩郡豊富町","豊栄"],"0982200":[1,"中川郡美深町",""],"0983213":[1,"天塩郡幌延町","三条南"],"0985739":[1,"枝幸郡浜頓別町","クッチャロ湖畔"],"0981421":[1,"紋別郡西興部村","上興部"],"0986103":[1,"宗谷郡猿払村","狩別"],"0983304":[1,"天塩郡天塩町","新地通"],"0983300":[1,"天塩郡天塩町",""],"0981604":[1,"紋別郡興部町","興部"],"0982805":[1,"中川郡中川町","誉"],"0986574":[1,"稚内市","声問村"],"0980514":[1,"名寄市","風連町旭"],"0983214":[1,"天塩郡幌延町","四条南"],"0985702":[1,"枝幸郡浜頓別町","豊牛"],"0985441":[1,"枝幸郡枝幸町","歌登志美宇丹"],"0983200":[1,"天塩郡幌延町",""],"0986222":[1,"宗谷郡猿払村","浜鬼志別"],"0982951":[1,"天塩郡天塩町","下コクネップ"],"0980115":[1,"上川郡和寒町","福原"],"0982251":[1,"中川郡美深町","西一条北"],"0984138":[1,"天塩郡豊富町","駅前通"],"0981707":[1,"紋別郡雄武町","上雄武"],"0984451":[1,"天塩郡豊富町","兜沼"],"0985742":[1,"枝幸郡浜頓別町","戸出"],"0985951":[1,"枝幸郡枝幸町","山臼"],"0982500":[1,"中川郡音威子府村",""],"0982223":[1,"中川郡美深町","東三条北"],"0983521":[1,"天塩郡遠別町","共栄"],"0984462":[1,"天塩郡豊富町","阿沙流"],"0984103":[1,"天塩郡豊富町","有明"],"0980133":[1,"上川郡和寒町","北町"],"0983224":[1,"天塩郡幌延町","北進"],"0986573":[1,"稚内市","声問村"],"0985212":[1,"枝幸郡枝幸町","歌登中央"],"0985207":[1,"枝幸郡枝幸町","歌登東町"],"0984123":[1,"天塩郡豊富町","東三条"],"0981615":[1,"紋別郡興部町","興部"],"0985721":[1,"枝幸郡浜頓別町","南１条"],"0983500":[1,"天塩郡遠別町",""],"0986564":[1,"稚内市","声問村"],"0982806":[1,"中川郡中川町","国府"],"0985211":[1,"枝幸郡枝幸町","歌登西歌登"],"0984126":[1,"天塩郡豊富町","東六条"],"0985755":[1,"枝幸郡浜頓別町","茂宇津内"],"0985553":[1,"枝幸郡中頓別町","弥生"],"0980632":[1,"名寄市","風連町東生"],"0984135":[1,"天塩郡豊富町","豊川"],"0981207":[1,"上川郡下川町","錦町"],"0981613":[1,"紋別郡興部町","興部"],"0981422":[1,"紋別郡西興部村","東興"],"0983132":[1,"天塩郡天塩町","東雄信内"],"0983502":[1,"天塩郡遠別町","清川"],"0982208":[1,"中川郡美深町","仁宇布"],"0986384":[1,"稚内市","宗谷村"],"0980342":[1,"上川郡剣淵町","藤本町"],"0984581":[1,"稚内市","抜海村"],"0982214":[1,"中川郡美深町","敷島"],"0985827":[1,"枝幸郡枝幸町","宇遠内"],"0985445":[1,"枝幸郡枝幸町","歌登大曲"],"0981621":[1,"紋別郡興部町","秋里"],"0980331":[1,"上川郡剣淵町","西町"],"0985823":[1,"枝幸郡枝幸町","三笠町"],"0985808":[1,"枝幸郡枝幸町","新港町"],"0980104":[1,"上川郡和寒町","松岡"],"0981215":[1,"上川郡下川町","班渓"],"0982230":[1,"中川郡美深町","大通南"],"0986226":[1,"宗谷郡猿払村","豊里"],"0980334":[1,"上川郡剣淵町","屯田町"],"0981693":[1,"紋別郡興部町","字興部","５１８番地"],"0982800":[1,"中川郡中川町",""],"0983205":[1,"天塩郡幌延町","五条北"],"0982368":[1,"中川郡美深町","清水"],"0982204":[1,"中川郡美深町","川西"],"0983532":[1,"天塩郡遠別町","歌越"],"0985802":[1,"枝幸郡枝幸町","岡島"],"0984116":[1,"天塩郡豊富町","西豊富"],"0983144":[1,"天塩郡天塩町","男能富"],"0983313":[1,"天塩郡天塩町","作返"],"0985814":[1,"枝幸郡枝幸町","岬町"],"0982181":[1,"名寄市","智恵文"]}
