{"1830026":[13,"府中市","南町"],"1830044":[13,"府中市","日鋼町"],"1830004":[13,"府中市","紅葉丘"],"1830016":[13,"府中市","八幡町"],"1838524":[13,"府中市","武蔵台","２丁目８－２９"],"1838528":[13,"府中市","武蔵台","１－１－１５"],"1830033":[13,"府中市","分梅町"],"1830052":[13,"府中市","新町"],"1830031":[13,"府中市","西府町"],"1838514":[13,"府中市","是政","４丁目１１"],"1838501":[13,"府中市","日新町","１丁目１０"],"1838561":[13,"府中市","武蔵台","２丁目８－２９"],"1838502":[13,"府中市","住吉町","５丁目２２－５"],"1838512":[13,"府中市","片町","３丁目２２"],"1838522":[13,"府中市","白糸台","１丁目２９－６"],"1830034":[13,"府中市","住吉町"],"1838551":[13,"府中市","日新町","１丁目１０"],"1838706":[13,"府中市","多磨町","３丁目１"],"1838506":[13,"府中市","多磨町","３丁目１番１号"],"1830021":[13,"府中市","片町"],"1830015":[13,"府中市","清水が丘"],"1838703":[13,"府中市","宮西町","２丁目２４"],"1838521":[13,"府中市","浅間町","１丁目５－５"],"1830014":[13,"府中市","是政"],"1830035":[13,"府中市","四谷"],"1838541":[13,"府中市","宮町","１丁目４１－２"],"1838553":[13,"府中市","武蔵台","２丁目９－２"],"1830011":[13,"府中市","白糸台"],"1830043":[13,"府中市","東芝町"],"1838505":[13,"府中市","府中町","２丁目１２－２"],"1838539":[13,"府中市","美好町","２丁目１２－２"],"1838516":[13,"府中市","府中町","１丁目９番地"],"1838526":[13,"府中市","武蔵台","２丁目６"],"1838534":[13,"府中市","朝日町","３丁目１１－１"],"1830051":[13,"府中市","栄町"],"1830042":[13,"府中市","武蔵台"],"1830023":[13,"府中市","宮町"],"1830045":[13,"府中市","美好町"],"1838548":[13,"府中市","本町","４丁目２"],"1838525":[13,"府中市","浅間町","１丁目７"],"1830054":[13,"府中市","幸町"],"1830055":[13,"府中市","府中町"],"1838701":[13,"府中市","日鋼町","１番１０号"],"1830005":[13,"府中市","若松町"],"1830012":[13,"府中市","押立町"],"1830046":[13,"府中市","西原町"],"1830003":[13,"府中市","朝日町"],"1830041":[13,"府中市","北山町"],"1830024":[13,"府中市","日吉町"],"1830027":[13,"府中市","本町"],"1830025":[13,"府中市","矢崎町"],"1838705":[13,"府中市","住吉町","２丁目３０－７"],"1830032":[13,"府中市","本宿町"],"1838707":[13,"府中市","寿町","１丁目６－３"],"1830001":[13,"府中市","浅間町"],"1830036":[13,"府中市","日新町"],"1838513":[13,"府中市","東芝町","１"],"1830006":[13,"府中市","緑町"],"1830013":[13,"府中市","小柳町"],"1838530":[13,"府中市","矢崎町","４丁目１６"],"1838549":[13,"府中市","寿町","３－４－６"],"1830053":[13,"府中市","天神町"],"1838540":[13,"府中市","府中町","１丁目９京王府中１丁目ビル"],"1830000":[13,"府中市",""],"1838702":[13,"府中市","日鋼町","１－１９"],"1830022":[13,"府中市","宮西町"],"1830002":[13,"府中市","多磨町"],"1830057":[13,"府中市","晴見町"],"1838532":[13,"府中市","武蔵台","１丁目１－１５"],"1838550":[13,"府中市","日吉町","１"],"1838529":[13,"府中市","矢崎町","４丁目１"],"1838511":[13,"府中市","東芝町","１"],"1830056":[13,"府中市","寿町"]}
