{"2318311":[14,"横浜市中区","日本大通","１１横浜情報文化センター"],"2318470":[14,"横浜市中区","尾上町","４丁目５７三井ビル６Ｆ"],"2310844":[14,"横浜市中区","西之谷町"],"2318536":[14,"横浜市中区","山下町","７０－７"],"2318313":[14,"横浜市中区","真砂町","２－２２関内中央ビル９階"],"2310824":[14,"横浜市中区","本牧三之谷"],"2310826":[14,"横浜市中区","本牧荒井"],"2310813":[14,"横浜市中区","かもめ町"],"2310863":[14,"横浜市中区","諏訪町"],"2318542":[14,"横浜市中区","山下町","６９－１"],"2310803":[14,"横浜市中区","本牧十二天"],"2318315":[14,"横浜市中区","本町","６丁目５０－１"],"2310011":[14,"横浜市中区","太田町"],"2318478":[14,"横浜市中区","桜木町","１丁目１－８"],"2310057":[14,"横浜市中区","曙町"],"2310835":[14,"横浜市中区","根岸加曽台"],"2318434":[14,"横浜市中区","北仲通","５丁目５７横浜第２合同庁舎８階"],"2318771":[14,"横浜市中区","尾上町","１－６住友生命横浜関内ビル３階"],"2310827":[14,"横浜市中区","本牧和田"],"2310044":[14,"横浜市中区","福富町東通"],"2310062":[14,"横浜市中区","桜木町"],"2310036":[14,"横浜市中区","山田町"],"2310002":[14,"横浜市中区","海岸通"],"2318320":[14,"横浜市中区","山下町","１番地"],"2318534":[14,"横浜市中区","山下町","３４"],"2310055":[14,"横浜市中区","末吉町"],"2310048":[14,"横浜市中区","蓬莱町"],"2310064":[14,"横浜市中区","野毛町"],"2310852":[14,"横浜市中区","西竹之丸"],"2310854":[14,"横浜市中区","根岸旭台"],"2310861":[14,"横浜市中区","元町"],"2310037":[14,"横浜市中区","富士見町"],"2310043":[14,"横浜市中区","福富町仲通"],"2310033":[14,"横浜市中区","長者町"],"2310022":[14,"横浜市中区","横浜公園"],"2310013":[14,"横浜市中区","住吉町"],"2310847":[14,"横浜市中区","竹之丸"],"2310041":[14,"横浜市中区","吉田町"],"2310812":[14,"横浜市中区","錦町"],"2310838":[14,"横浜市中区","豆口台"],"2310821":[14,"横浜市中区","本牧原"],"2318461":[14,"横浜市中区","尾上町","６丁目８６－１"],"2318419":[14,"横浜市中区","南仲通","２丁目１５"],"2318321":[14,"横浜市中区","桜木町","１丁目１－６７"],"2310868":[14,"横浜市中区","石川町"],"2310836":[14,"横浜市中区","根岸町"],"2310046":[14,"横浜市中区","末広町"],"2310842":[14,"横浜市中区","上野町"],"2310053":[14,"横浜市中区","初音町"],"2310845":[14,"横浜市中区","立野"],"2310815":[14,"横浜市中区","千鳥町"],"2310023":[14,"横浜市中区","山下町"],"2310012":[14,"横浜市中区","相生町"],"2318520":[14,"横浜市中区","山下町","１０"],"2310017":[14,"横浜市中区","港町"],"2310047":[14,"横浜市中区","羽衣町"],"2310031":[14,"横浜市中区","万代町"],"2310025":[14,"横浜市中区","松影町"],"2318580":[14,"横浜市中区","尾上町","５－７８"],"2310015":[14,"横浜市中区","尾上町"],"2310005":[14,"横浜市中区","本町"],"2310051":[14,"横浜市中区","赤門町"],"2318711":[14,"横浜市中区","本町","４丁目３４"],"2318323":[14,"横浜市中区","元浜町","４丁目３２県民共済馬車道ビル"],"2318550":[14,"横浜市中区","山下町","３７－９"],"2310801":[14,"横浜市中区","新山下"],"2310058":[14,"横浜市中区","弥生町"],"2310849":[14,"横浜市中区","麦田町"],"2318445":[14,"横浜市中区","太田町","２丁目２３"],"2310003":[14,"横浜市中区","北仲通"],"2310811":[14,"横浜市中区","本牧ふ頭"],"2310831":[14,"横浜市中区","矢口台"],"2310814":[14,"横浜市中区","豊浦町"],"2310021":[14,"横浜市中区","日本大通"],"2318682":[14,"横浜市中区","新山下","３丁目１２－１"],"2310823":[14,"横浜市中区","本牧大里町"],"2310065":[14,"横浜市中区","宮川町"],"2310806":[14,"横浜市中区","本牧町"],"2310038":[14,"横浜市中区","山吹町"],"2318772":[14,"横浜市中区","尾上町","１－６住友生命横浜関内ビル３階"],"2310855":[14,"横浜市中区","寺久保"],"2310063":[14,"横浜市中区","花咲町"],"2318484":[14,"横浜市中区","花咲町","２丁目６５－６"],"2318331":[14,"横浜市中区","桜木町","１丁目１－７"],"2310857":[14,"横浜市中区","塚越"],"2318966":[14,"横浜市中区","桜木町","１丁目１－８"],"2310833":[14,"横浜市中区","本牧満坂"],"2310825":[14,"横浜市中区","本牧間門"],"2318008":[14,"横浜市中区","桜木町","１丁目１番地"],"2310859":[14,"横浜市中区","大平町"],"2310032":[14,"横浜市中区","不老町"],"2318316":[14,"横浜市中区","真砂町","２－２２関内中央ビル９階"],"2318324":[14,"横浜市中区","本町","１丁目４"],"2310027":[14,"横浜市中区","扇町"],"2310862":[14,"横浜市中区","山手町"],"2310816":[14,"横浜市中区","南本牧"],"2310866":[14,"横浜市中区","柏葉"],"2310066":[14,"横浜市中区","日ノ出町"],"2318338":[14,"横浜市中区","桜木町","１丁目１－８"],"2318312":[14,"横浜市中区","真砂町","２－２２関内中央ビル９階"],"2310042":[14,"横浜市中区","福富町西通"],"2310837":[14,"横浜市中区","滝之上"],"2318080":[14,"横浜市中区","桜木町","１丁目１－１８"],"2318616":[14,"横浜市中区","長者町","６丁目９６番２第二有楽ビル"],"2318566":[14,"横浜市中区","山下町","３３"],"2310061":[14,"横浜市中区","内田町"],"2310856":[14,"横浜市中区","簑沢"],"2310804":[14,"横浜市中区","本牧宮原"],"2310004":[14,"横浜市中区","元浜町"],"2310853":[14,"横浜市中区","根岸台"],"2318314":[14,"横浜市中区","真砂町","２－２２関内中央ビル９階"],"2310001":[14,"横浜市中区","新港"],"2310851":[14,"横浜市中区","山元町"],"2310834":[14,"横浜市中区","池袋"],"2310848":[14,"横浜市中区","鷺山"],"2310035":[14,"横浜市中区","千歳町"],"2310843":[14,"横浜市中区","本郷町"],"2318562":[14,"横浜市中区","山手町","２２６"],"2318477":[14,"横浜市中区","尾上町","６丁目８４"],"2318654":[14,"横浜市中区","山手町","８３番地"],"2310034":[14,"横浜市中区","三吉町"],"2310000":[14,"横浜市中区",""],"2310026":[14,"横浜市中区","寿町"],"2310846":[14,"横浜市中区","大和町"],"2318001":[14,"横浜市中区","太田町","２丁目２３"],"2310056":[14,"横浜市中区","若葉町"],"2310016":[14,"横浜市中区","真砂町"],"2318588":[14,"横浜市中区","日本大通","１"],"2310839":[14,"横浜市中区","仲尾台"],"2310865":[14,"横浜市中区","北方町"],"2310045":[14,"横浜市中区","伊勢佐木町"],"2310014":[14,"横浜市中区","常盤町"],"2310802":[14,"横浜市中区","小港町"],"2310822":[14,"横浜市中区","本牧元町"],"2310028":[14,"横浜市中区","翁町"],"2310007":[14,"横浜市中区","弁天通"],"2318330":[14,"横浜市中区","本町","１丁目３番地"],"2310867":[14,"横浜市中区","打越"],"2318310":[14,"横浜市中区","山下町","２番地"],"2310841":[14,"横浜市中区","妙香寺台"],"2310054":[14,"横浜市中区","黄金町"],"2310864":[14,"横浜市中区","千代崎町"],"2318343":[14,"横浜市中区","真砂町","２－２２関内中央ビル１０階"],"2310024":[14,"横浜市中区","吉浜町"],"2318411":[14,"横浜市中区","北仲通","５丁目５７横浜第２合同庁舎"],"2310052":[14,"横浜市中区","英町"],"2310858":[14,"横浜市中区","大芝台"],"2310832":[14,"横浜市中区","本牧緑ケ丘"],"2310805":[14,"横浜市中区","和田山"],"2310006":[14,"横浜市中区","南仲通"]}
