{"4140035":[22,"伊東市","南町"],"4140005":[22,"伊東市","松原湯端町"],"4140023":[22,"伊東市","渚町"],"4148555":[22,"伊東市","大原","２丁目１－１"],"4140024":[22,"伊東市","和田"],"4140003":[22,"伊東市","中央町"],"4140012":[22,"伊東市","宝町"],"4140037":[22,"伊東市","桜が丘"],"4140052":[22,"伊東市","十足"],"4140018":[22,"伊東市","寿町"],"4140006":[22,"伊東市","松原"],"4140027":[22,"伊東市","竹の内"],"4140026":[22,"伊東市","竹の台"],"4140042":[22,"伊東市","静海町"],"4140011":[22,"伊東市","松川町"],"4140054":[22,"伊東市","鎌田"],"4140053":[22,"伊東市","荻"],"4140000":[22,"伊東市",""],"4140033":[22,"伊東市","馬場町"],"4140017":[22,"伊東市","幸町"],"4140032":[22,"伊東市","音無町"],"4140034":[22,"伊東市","瓶山"],"4140015":[22,"伊東市","末広町"],"4140055":[22,"伊東市","岡"],"4140002":[22,"伊東市","湯川"],"4140016":[22,"伊東市","岡広町"],"4140045":[22,"伊東市","玖須美元和田"],"4140038":[22,"伊東市","広野"],"4140021":[22,"伊東市","松原本町"],"4140046":[22,"伊東市","大原"],"4148550":[22,"伊東市","馬場町","１丁目１１－６"],"4140004":[22,"伊東市","猪戸"],"4140041":[22,"伊東市","芝町"],"4140031":[22,"伊東市","湯田町"],"4140013":[22,"伊東市","桜木町"],"4148511":[22,"伊東市","渚町","２番２８号"],"4140036":[22,"伊東市","宮川町"],"4140051":[22,"伊東市","吉田"],"4140014":[22,"伊東市","弥生町"],"4140001":[22,"伊東市","宇佐美"],"4140044":[22,"伊東市","川奈"],"4140028":[22,"伊東市","銀座元町"],"4140022":[22,"伊東市","東松原町"],"4140043":[22,"伊東市","新井"],"4140025":[22,"伊東市","物見が丘"]}
