{"1420051":[13,"品川区","平塚"],"1428558":[13,"品川区","小山","１丁目３－２６"],"1420052":[13,"品川区","東中延"],"1420043":[13,"品川区","二葉"],"1428666":[13,"品川区","旗の台","１丁目５－８"],"1428611":[13,"品川区","荏原","５丁目２－１"],"1428501":[13,"品川区","荏原","２丁目４－４１"],"1420062":[13,"品川区","小山"],"1428533":[13,"品川区","戸越","１丁目１７－８"],"1420053":[13,"品川区","中延"],"1420063":[13,"品川区","荏原"],"1428511":[13,"品川区","戸越","６丁目５－５"],"1428540":[13,"品川区","中延","１丁目１－５"],"1428555":[13,"品川区","旗の台","１丁目５－８"],"1428550":[13,"品川区","二葉","１丁目６－６"],"1420061":[13,"品川区","小山台"],"1420054":[13,"品川区","西中延"],"1420041":[13,"品川区","戸越"],"1420064":[13,"品川区","旗の台"],"1420042":[13,"品川区","豊町"]}
