{"2250024":[14,"横浜市青葉区","市ケ尾町"],"2258503":[14,"横浜市青葉区","鉄町","１６１４番地"],"2250014":[14,"横浜市青葉区","荏田西"],"2250015":[14,"横浜市青葉区","荏田北"],"2250025":[14,"横浜市青葉区","鉄町"],"2258550":[14,"横浜市青葉区","市ケ尾町","２２－３"],"2250023":[14,"横浜市青葉区","大場町"],"2258585":[14,"横浜市青葉区","あざみ野","１丁目２４－７"],"2250012":[14,"横浜市青葉区","あざみ野南"],"2250005":[14,"横浜市青葉区","荏子田"],"2250002":[14,"横浜市青葉区","美しが丘"],"2250026":[14,"横浜市青葉区","もみの木台"],"2258508":[14,"横浜市青葉区","新石川","２丁目１４－１０"],"2258525":[14,"横浜市青葉区","市ケ尾町","１１７０－１クリザンテム市が尾１階"],"2258539":[14,"横浜市青葉区","美しが丘","４丁目５４－６"],"2250001":[14,"横浜市青葉区","美しが丘西"],"2258502":[14,"横浜市青葉区","鉄町","１６１４"],"2258560":[14,"横浜市青葉区","市ケ尾町","５４１－１"],"2258535":[14,"横浜市青葉区","新石川","２丁目２番地１"],"2258513":[14,"横浜市青葉区","市ケ尾町","２７－５"],"2250016":[14,"横浜市青葉区","みすずが丘"],"2250021":[14,"横浜市青葉区","すすき野"],"2250003":[14,"横浜市青葉区","新石川"],"2250004":[14,"横浜市青葉区","元石川町"],"2258501":[14,"横浜市青葉区","荏田町","１４７４－４"],"2258530":[14,"横浜市青葉区","新石川","２－１－１５"],"2250011":[14,"横浜市青葉区","あざみ野"],"2250022":[14,"横浜市青葉区","黒須田"],"2250013":[14,"横浜市青葉区","荏田町"]}
