{"1868798":[13,"国立市","西","２丁目１８－４"],"1860004":[13,"国立市","中"],"1868686":[13,"国立市","中","１丁目９－５２"],"1860005":[13,"国立市","西"],"1868603":[13,"国立市","中","２丁目１"],"1860014":[13,"国立市","石田"],"1868650":[13,"国立市","谷保","１７９６"],"1860012":[13,"国立市","泉"],"1868688":[13,"国立市","東","１丁目４－１１"],"1868619":[13,"国立市","中","１丁目８－３３"],"1860011":[13,"国立市","谷保"],"1860002":[13,"国立市","東"],"1868611":[13,"国立市","東","１丁目４"],"1868666":[13,"国立市","富士見台","２丁目４３－４"],"1860013":[13,"国立市","青柳"],"1860000":[13,"国立市",""],"1868519":[13,"国立市","中","１丁目８－５"],"1868501":[13,"国立市","富士見台","２丁目４７－１"],"1868680":[13,"国立市","谷保","３６７"],"1860015":[13,"国立市","矢川"],"1868668":[13,"国立市","富士見台","４丁目３０－１"],"1868601":[13,"国立市","中","２丁目１"],"1860003":[13,"国立市","富士見台"],"1868585":[13,"国立市","東","１丁目７－５弥生ビル"],"1868797":[13,"国立市","西","２丁目１８－４"],"1868602":[13,"国立市","中","２丁目１"],"1868001":[13,"国立市","富士見台","２丁目３６"],"1860001":[13,"国立市","北"]}
