{"0431233":[1,"檜山郡厚沢部町","旭丘"],"0430405":[1,"二海郡八雲町","熊石大谷町"],"0430051":[1,"檜山郡江差町","津花町"],"0430331":[1,"二海郡八雲町","熊石折戸町"],"0430502":[1,"久遠郡せたな町","大成区富磯"],"0430042":[1,"檜山郡江差町","上野町"],"0431367":[1,"檜山郡厚沢部町","新栄"],"0431103":[1,"檜山郡厚沢部町","滝野"],"0431405":[1,"奥尻郡奥尻町","稲穂"],"0430511":[1,"久遠郡せたな町","大成区久遠"],"0431400":[1,"奥尻郡奥尻町",""],"0430231":[1,"爾志郡乙部町","豊浜"],"0431231":[1,"檜山郡厚沢部町","共和"],"0430035":[1,"檜山郡江差町","桧岱"],"0431234":[1,"檜山郡厚沢部町","木間内"],"0431236":[1,"檜山郡厚沢部町","社の山"],"0430418":[1,"二海郡八雲町","熊石関内町"],"0430417":[1,"二海郡八雲町","熊石鳴神町"],"0431523":[1,"奥尻郡奥尻町","松江"],"0430101":[1,"爾志郡乙部町","滝瀬"],"0430045":[1,"檜山郡江差町","鴎島"],"0430513":[1,"久遠郡せたな町","大成区宮野"],"0430233":[1,"爾志郡乙部町","潮見"],"0430063":[1,"檜山郡江差町","南浜町"],"0430504":[1,"久遠郡せたな町","大成区都"],"0430011":[1,"檜山郡江差町","五厘沢町"],"0431361":[1,"檜山郡厚沢部町","社の山"],"0430055":[1,"檜山郡江差町","円山"],"0430031":[1,"檜山郡江差町","愛宕町"],"0430053":[1,"檜山郡江差町","新地町"],"0430515":[1,"久遠郡せたな町","大成区貝取澗"],"0431404":[1,"奥尻郡奥尻町","宮津"],"0431401":[1,"奥尻郡奥尻町","奥尻"],"0431100":[1,"檜山郡厚沢部町",""],"0430057":[1,"檜山郡江差町","海岸町"],"0430065":[1,"檜山郡江差町","砂川"],"0430112":[1,"爾志郡乙部町","栄野"],"0438558":[1,"檜山郡江差町","字陣屋町","３３６－３"],"0431101":[1,"檜山郡厚沢部町","清水"],"0431232":[1,"檜山郡厚沢部町","相生"],"0430495":[1,"二海郡八雲町","熊石根崎町","１１６"],"0430103":[1,"爾志郡乙部町","緑町"],"0431114":[1,"檜山郡厚沢部町","本町"],"0430041":[1,"檜山郡江差町","姥神町"],"0431237":[1,"檜山郡厚沢部町","鶉町"],"0431116":[1,"檜山郡厚沢部町","上の山"],"0430025":[1,"檜山郡江差町","泊町"],"0430401":[1,"二海郡八雲町","熊石見日町"],"0430000":[1,"檜山郡江差町",""],"0438651":[1,"檜山郡江差町","字本町","１３２"],"0431117":[1,"檜山郡厚沢部町","美和"],"0431112":[1,"檜山郡厚沢部町","緑町"],"0430114":[1,"爾志郡乙部町","元和"],"0430334":[1,"二海郡八雲町","熊石泊川町"],"0431363":[1,"檜山郡厚沢部町","富里"],"0430595":[1,"久遠郡せたな町","大成区都","４２７番地"],"0431365":[1,"檜山郡厚沢部町","南館町"],"0430022":[1,"檜山郡江差町","伏木戸町"],"0430234":[1,"爾志郡乙部町","三ツ谷"],"0430052":[1,"檜山郡江差町","茂尻町"],"0431238":[1,"檜山郡厚沢部町","鶉"],"0431402":[1,"奥尻郡奥尻町","赤石"],"0430012":[1,"檜山郡江差町","鰔川町"],"0430061":[1,"檜山郡江差町","南が丘"],"0430054":[1,"檜山郡江差町","緑丘"],"0430111":[1,"爾志郡乙部町","鳥山"],"0430421":[1,"久遠郡せたな町","大成区長磯"],"0430056":[1,"檜山郡江差町","陣屋町"],"0430100":[1,"爾志郡乙部町",""],"0430333":[1,"二海郡八雲町","熊石館平町"],"0430512":[1,"久遠郡せたな町","大成区花歌"],"0430416":[1,"二海郡八雲町","熊石雲石町"],"0430046":[1,"檜山郡江差町","江差港北埠頭"],"0430032":[1,"檜山郡江差町","新栄町"],"0430335":[1,"二海郡八雲町","熊石黒岩町"],"0431118":[1,"檜山郡厚沢部町","富栄"],"0430066":[1,"檜山郡江差町","とど川町"],"0430503":[1,"久遠郡せたな町","大成区上浦"],"0431102":[1,"檜山郡厚沢部町","稲見"],"0430023":[1,"檜山郡江差町","田沢町"],"0431235":[1,"檜山郡厚沢部町","峠下"],"0430064":[1,"檜山郡江差町","柏町"],"0430034":[1,"檜山郡江差町","中歌町"],"0431364":[1,"檜山郡厚沢部町","城丘"],"0430024":[1,"檜山郡江差町","尾山町"],"0430116":[1,"爾志郡乙部町","旭岱"],"0430332":[1,"二海郡八雲町","熊石相沼町"],"0430015":[1,"檜山郡江差町","中網町"],"0430232":[1,"爾志郡乙部町","花磯"],"0431362":[1,"檜山郡厚沢部町","須賀"],"0430043":[1,"檜山郡江差町","本町"],"0430403":[1,"二海郡八雲町","熊石平町"],"0431521":[1,"奥尻郡奥尻町","青苗"],"0430044":[1,"檜山郡江差町","橋本町"],"0431406":[1,"奥尻郡奥尻町","湯浜"],"0430017":[1,"檜山郡江差町","水堀町"],"0431403":[1,"奥尻郡奥尻町","球浦"],"0431498":[1,"奥尻郡奥尻町","字奥尻","８０６"],"0431368":[1,"檜山郡厚沢部町","中館"],"0431525":[1,"奥尻郡奥尻町","湯浜"],"0430501":[1,"久遠郡せたな町","大成区太田"],"0430036":[1,"檜山郡江差町","東山"],"0431351":[1,"檜山郡厚沢部町","館町"],"0430505":[1,"久遠郡せたな町","大成区本陣"],"0430016":[1,"檜山郡江差町","越前町"],"0431104":[1,"檜山郡厚沢部町","上里"],"0438609":[1,"檜山郡江差町","字姥神町","１６７"],"0431524":[1,"奥尻郡奥尻町","米岡"],"0430014":[1,"檜山郡江差町","小黒部町"],"0430021":[1,"檜山郡江差町","柳崎町"],"0430514":[1,"久遠郡せたな町","大成区平浜"],"0430117":[1,"爾志郡乙部町","姫川"],"0438560":[1,"檜山郡江差町","字中歌町","１９３－１"],"0430402":[1,"二海郡八雲町","熊石鮎川町"],"0430026":[1,"檜山郡江差町","大澗町"],"0430104":[1,"爾志郡乙部町","館浦"],"0430013":[1,"檜山郡江差町","朝日町"],"0430102":[1,"爾志郡乙部町","元町"],"0431522":[1,"奥尻郡奥尻町","富里"],"0430115":[1,"爾志郡乙部町","富岡"],"0430062":[1,"檜山郡江差町","萩の岱"],"0430033":[1,"檜山郡江差町","豊川町"],"0430113":[1,"爾志郡乙部町","栄浜"],"0431113":[1,"檜山郡厚沢部町","新町"],"0430419":[1,"二海郡八雲町","熊石西浜町"],"0431366":[1,"檜山郡厚沢部町","当路"],"0430415":[1,"二海郡八雲町","熊石根崎町"],"0430404":[1,"二海郡八雲町","熊石畳岩町"],"0431111":[1,"檜山郡厚沢部町","赤沼町"],"0431115":[1,"檜山郡厚沢部町","松園町"]}
