{"3540011":[11,"富士見市","水子"],"3540042":[11,"入間郡三芳町","みよし台"],"3540005":[11,"富士見市","みどり野北"],"3548505":[11,"入間郡三芳町","みよし台","１３－１０"],"3540023":[11,"富士見市","諏訪"],"3540033":[11,"富士見市","羽沢"],"3540034":[11,"富士見市","上沢"],"3540014":[11,"富士見市","水谷"],"3540003":[11,"富士見市","南畑新田"],"3540044":[11,"入間郡三芳町","北永井"],"3540021":[11,"富士見市","鶴馬"],"3548555":[11,"入間郡三芳町","大字藤久保","１１００－１"],"3540035":[11,"富士見市","ふじみ野西"],"3548577":[11,"入間郡三芳町","大字竹間沢","２８３－１"],"3540016":[11,"富士見市","榎町"],"3540015":[11,"富士見市","東みずほ台"],"3540018":[11,"富士見市","西みずほ台"],"3540045":[11,"入間郡三芳町","上富"],"3548558":[11,"入間郡三芳町","大字竹間沢","３１１"],"3540006":[11,"富士見市","みどり野東"],"3548501":[11,"入間郡三芳町","大字藤久保","１１３１"],"3540007":[11,"富士見市","みどり野南"],"3548510":[11,"入間郡三芳町","大字藤久保","１１５０－１"],"3540031":[11,"富士見市","勝瀬"],"3540041":[11,"入間郡三芳町","藤久保"],"3540026":[11,"富士見市","鶴瀬西"],"3540017":[11,"富士見市","針ケ谷"],"3540032":[11,"富士見市","渡戸"],"3540000":[11,"富士見市",""],"3540001":[11,"富士見市","東大久保"],"3540046":[11,"入間郡三芳町","竹間沢東"],"3540002":[11,"富士見市","上南畑"],"3540012":[11,"富士見市","貝塚"],"3548504":[11,"入間郡三芳町","大字上富","２７９－１"],"3540036":[11,"富士見市","ふじみ野東"],"3540004":[11,"富士見市","下南畑"],"3548533":[11,"入間郡三芳町","竹間沢東","７番地５"],"3540025":[11,"富士見市","関沢"],"3540008":[11,"富士見市","みどり野西"],"3540024":[11,"富士見市","鶴瀬東"],"3540043":[11,"入間郡三芳町","竹間沢"],"3548585":[11,"入間郡三芳町","大字竹間沢","１１"],"3540022":[11,"富士見市","山室"],"3548511":[11,"富士見市","大字鶴馬","１８００－１"],"3540013":[11,"富士見市","水谷東"],"3548580":[11,"入間郡三芳町","大字藤久保","１１０６"]}
