{"4480835":[23,"刈谷市","港町"],"4480049":[23,"刈谷市","中手町"],"4480853":[23,"刈谷市","高松町"],"4480811":[23,"刈谷市","田町"],"4480823":[23,"刈谷市","中川町"],"4480042":[23,"刈谷市","広見町"],"4480838":[23,"刈谷市","逢妻町"],"4480832":[23,"刈谷市","八幡町"],"4480842":[23,"刈谷市","東陽町"],"4480816":[23,"刈谷市","半城土西町"],"4488550":[23,"刈谷市","一ツ木町","沖田６０"],"4488601":[23,"刈谷市","一ツ木町","東新割５７－７"],"4480015":[23,"刈谷市","新田町"],"4480037":[23,"刈谷市","高倉町"],"4480034":[23,"刈谷市","神明町"],"4488653":[23,"刈谷市","半城土町","三ツ又２０"],"4480036":[23,"刈谷市","山池町"],"4480027":[23,"刈谷市","相生町"],"4480043":[23,"刈谷市","小山町"],"4480026":[23,"刈谷市","中山町"],"4480862":[23,"刈谷市","野田新町"],"4488655":[23,"刈谷市","南桜町","１丁目７３"],"4480032":[23,"刈谷市","朝日町"],"4480814":[23,"刈谷市","荒井町"],"4480041":[23,"刈谷市","一番町"],"4488666":[23,"刈谷市","一里山町","金山１００"],"4480855":[23,"刈谷市","大正町"],"4480841":[23,"刈谷市","南桜町"],"4488677":[23,"刈谷市","小垣江町","西高根２０４番地１"],"4488650":[23,"刈谷市","朝日町","２丁目１"],"4480822":[23,"刈谷市","松坂町"],"4480843":[23,"刈谷市","新栄町"],"4488622":[23,"刈谷市","一里山町","伐払１２３"],"4480825":[23,"刈谷市","元町"],"4480014":[23,"刈谷市","青山町"],"4488525":[23,"刈谷市","相生町","３丁目３番地"],"4488731":[23,"刈谷市","中山町","３丁目３８番地"],"4480834":[23,"刈谷市","司町"],"4488686":[23,"刈谷市","城町","１丁目２５－４"],"4488670":[23,"刈谷市","新栄町","２丁目３８"],"4488671":[23,"刈谷市","豊田町","２丁目１番地"],"4480846":[23,"刈谷市","寺横町"],"4480038":[23,"刈谷市","稲場町"],"4480824":[23,"刈谷市","天王町"],"4480856":[23,"刈谷市","寿町"],"4480802":[23,"刈谷市","末広町"],"4480861":[23,"刈谷市","半城土北町"],"4480845":[23,"刈谷市","銀座"],"4488602":[23,"刈谷市","稲場町","３丁目３０３"],"4488661":[23,"刈谷市","昭和町","１丁目１"],"4480004":[23,"刈谷市","泉田町"],"4480039":[23,"刈谷市","原崎町"],"4480854":[23,"刈谷市","富士見町"],"4488610":[23,"刈谷市","幸町","３丁目３－１"],"4480005":[23,"刈谷市","今川町"],"4480836":[23,"刈谷市","浜町"],"4488543":[23,"刈谷市","井ケ谷町","広沢１"],"4480801":[23,"刈谷市","板倉町"],"4488609":[23,"刈谷市","若松町","１丁目４６－３"],"4480003":[23,"刈谷市","一ツ木町"],"4480831":[23,"刈谷市","熊野町"],"4480045":[23,"刈谷市","新富町"],"4488660":[23,"刈谷市","大手町","４丁目６"],"4480013":[23,"刈谷市","恩田町"],"4480821":[23,"刈谷市","御幸町"],"4488605":[23,"刈谷市","相生町","１丁目１番地１ＪＲＦ刈谷駅前ビル７階・８階"],"4488523":[23,"刈谷市","若松町","１丁目４６番地１"],"4480837":[23,"刈谷市","衣崎町"],"4480012":[23,"刈谷市","上重原町"],"4480844":[23,"刈谷市","広小路"],"4488651":[23,"刈谷市","豊田町","１丁目１"],"4480851":[23,"刈谷市","神田町"],"4480858":[23,"刈谷市","若松町"],"4480847":[23,"刈谷市","宝町"],"4480812":[23,"刈谷市","高須町"],"4480002":[23,"刈谷市","一里山町"],"4480833":[23,"刈谷市","城町"],"4488506":[23,"刈谷市","住吉町","３丁目１２番地"],"4480810":[23,"刈谷市","場割町"],"4480022":[23,"刈谷市","一色町"],"4480033":[23,"刈谷市","丸田町"],"4488657":[23,"刈谷市","幸町","１丁目１－１"],"4480001":[23,"刈谷市","井ケ谷町"],"4480805":[23,"刈谷市","半城土中町"],"4488688":[23,"刈谷市","昭和町","２丁目１番地"],"4488665":[23,"刈谷市","小垣江町","南藤１"],"4480031":[23,"刈谷市","東新町"],"4480011":[23,"刈谷市","築地町"],"4480028":[23,"刈谷市","桜町"],"4480007":[23,"刈谷市","東境町"],"4480029":[23,"刈谷市","昭和町"],"4480006":[23,"刈谷市","西境町"],"4480047":[23,"刈谷市","高津波町"],"4480857":[23,"刈谷市","大手町"],"4488542":[23,"刈谷市","井ケ谷町","広沢１"],"4480046":[23,"刈谷市","日高町"],"4480809":[23,"刈谷市","南沖野町"],"4488531":[23,"刈谷市","中山町","５丁目１０番地"],"4480008":[23,"刈谷市","今岡町"],"4480806":[23,"刈谷市","松栄町"],"4488652":[23,"刈谷市","朝日町","１丁目１番地"],"4480815":[23,"刈谷市","中島町"],"4480000":[23,"刈谷市",""],"4480021":[23,"刈谷市","八軒町"],"4480048":[23,"刈谷市","三田町"],"4480803":[23,"刈谷市","野田町"],"4480852":[23,"刈谷市","住吉町"],"4480804":[23,"刈谷市","半城土町"],"4480024":[23,"刈谷市","下重原町"],"4488656":[23,"刈谷市","小垣江町","北高根１１５"],"4480848":[23,"刈谷市","豊田町"],"4480025":[23,"刈谷市","幸町"],"4480035":[23,"刈谷市","矢場町"],"4488534":[23,"刈谷市","一ツ木町","茶煎坊下１"],"4480808":[23,"刈谷市","沖野町"],"4480023":[23,"刈谷市","重原本町"],"4480813":[23,"刈谷市","小垣江町"],"4488501":[23,"刈谷市","東陽町","１丁目１番地"],"4480044":[23,"刈谷市","池田町"],"4480807":[23,"刈谷市","東刈谷町"]}
