{"3670036":[11,"本庄市","今井"],"3670002":[11,"本庄市","仁手"],"3670023":[11,"本庄市","寿"],"3670192":[11,"児玉郡美里町","大字甘粕","１６１１"],"3670252":[11,"本庄市","児玉町元田"],"3670056":[11,"本庄市","照若町"],"3670301":[11,"児玉郡神川町","渡瀬"],"3670244":[11,"児玉郡神川町","八日市"],"3670296":[11,"児玉郡神川町","大字元原","２００－２２"],"3670063":[11,"本庄市","下野堂"],"3670112":[11,"児玉郡美里町","木部"],"3670043":[11,"本庄市","緑"],"3670234":[11,"児玉郡神川町","池田"],"3670225":[11,"本庄市","児玉町飯倉"],"3670117":[11,"児玉郡美里町","白石"],"3670074":[11,"本庄市","杉山"],"3670212":[11,"本庄市","児玉町児玉"],"3670102":[11,"児玉郡美里町","関"],"3670018":[11,"本庄市","諏訪町"],"3670203":[11,"本庄市","児玉町入浅見"],"3670205":[11,"本庄市","児玉町上真下"],"3670223":[11,"本庄市","児玉町塩谷"],"3670053":[11,"本庄市","中央"],"3670017":[11,"本庄市","傍示堂"],"3670204":[11,"本庄市","児玉町蛭川"],"3670046":[11,"本庄市","栄"],"3670013":[11,"本庄市","滝瀬"],"3670241":[11,"児玉郡神川町","元原"],"3670248":[11,"児玉郡神川町","四軒在家"],"3670003":[11,"本庄市","台町"],"3670118":[11,"児玉郡美里町","広木"],"3670214":[11,"本庄市","児玉町小平"],"3670217":[11,"本庄市","児玉町八幡山"],"3670014":[11,"本庄市","堀田"],"3670200":[11,"児玉郡神川町",""],"3670198":[11,"児玉郡美里町","大字広木","９５０"],"3670073":[11,"本庄市","都島"],"3670238":[11,"児玉郡神川町","肥土"],"3670061":[11,"本庄市","小島"],"3670114":[11,"児玉郡美里町","中里"],"3670236":[11,"児玉郡神川町","小浜"],"3670247":[11,"児玉郡神川町","元阿保"],"3670001":[11,"本庄市","下仁手"],"3670041":[11,"本庄市","駅南"],"3670048":[11,"本庄市","南"],"3670006":[11,"本庄市","田中"],"3670101":[11,"児玉郡美里町","小茂田"],"3670116":[11,"児玉郡美里町","円良田"],"3670027":[11,"本庄市","五十子"],"3670055":[11,"本庄市","若泉"],"3670044":[11,"本庄市","見福"],"3678501":[11,"本庄市","本庄","３丁目５－３"],"3670207":[11,"本庄市","児玉町下真下"],"3670005":[11,"本庄市","久々宇"],"3670071":[11,"本庄市","山王堂"],"3670254":[11,"本庄市","児玉町太駄"],"3670103":[11,"児玉郡美里町","阿那志"],"3670232":[11,"児玉郡神川町","新里"],"3670035":[11,"本庄市","西富田"],"3670100":[11,"児玉郡美里町",""],"3670037":[11,"本庄市","共栄"],"3670039":[11,"本庄市","四季の里"],"3670032":[11,"本庄市","栗崎"],"3670221":[11,"本庄市","児玉町保木野"],"3670025":[11,"本庄市","西五十子"],"3670030":[11,"本庄市","早稲田の杜"],"3670313":[11,"児玉郡神川町","矢納"],"3670201":[11,"本庄市","児玉町高関"],"3670064":[11,"本庄市","万年寺"],"3670222":[11,"本庄市","児玉町田端"],"3670298":[11,"本庄市","児玉町八幡山","３６８"],"3670042":[11,"本庄市","けや木"],"3670245":[11,"児玉郡神川町","植竹"],"3670211":[11,"本庄市","児玉町吉田林"],"3670016":[11,"本庄市","鵜森"],"3670206":[11,"本庄市","児玉町共栄"],"3670246":[11,"児玉郡神川町","関口"],"3670119":[11,"児玉郡美里町","駒衣"],"3670075":[11,"本庄市","新井"],"3670106":[11,"児玉郡美里町","南十条"],"3670297":[11,"児玉郡神川町","大字元原","３００－１８"],"3670111":[11,"児玉郡美里町","古郡"],"3670108":[11,"児玉郡美里町","下児玉"],"3670202":[11,"本庄市","児玉町下浅見"],"3670251":[11,"本庄市","児玉町稲沢"],"3670000":[11,"本庄市",""],"3670243":[11,"児玉郡神川町","熊野堂"],"3670115":[11,"児玉郡美里町","猪俣"],"3670062":[11,"本庄市","小島南"],"3670213":[11,"本庄市","児玉町秋山"],"3670218":[11,"本庄市","児玉町児玉南"],"3670216":[11,"本庄市","児玉町金屋"],"3670024":[11,"本庄市","東五十子"],"3678686":[11,"本庄市","小島南","４丁目１－１"],"3670215":[11,"本庄市","児玉町長沖"],"3670051":[11,"本庄市","本庄"],"3670012":[11,"本庄市","宮戸"],"3670015":[11,"本庄市","牧西"],"3670052":[11,"本庄市","銀座"],"3670011":[11,"本庄市","小和瀬"],"3670054":[11,"本庄市","千代田"],"3670312":[11,"児玉郡神川町","上阿久原"],"3670292":[11,"児玉郡神川町","大字植竹","９０９"],"3670231":[11,"児玉郡神川町","中新里"],"3670033":[11,"本庄市","東富田"],"3670253":[11,"本庄市","児玉町河内"],"3670104":[11,"児玉郡美里町","根木"],"3670311":[11,"児玉郡神川町","下阿久原"],"3670235":[11,"児玉郡神川町","新宿"],"3670022":[11,"本庄市","日の出"],"3670007":[11,"本庄市","上仁手"],"3670031":[11,"本庄市","北堀"],"3670194":[11,"児玉郡美里町","大字木部","３２３－１"],"3670242":[11,"児玉郡神川町","原新田"],"3670004":[11,"本庄市","本町"],"3670113":[11,"児玉郡美里町","甘粕"],"3670224":[11,"本庄市","児玉町高柳"],"3670105":[11,"児玉郡美里町","沼上"],"3670034":[11,"本庄市","四方田"],"3670026":[11,"本庄市","朝日町"],"3670045":[11,"本庄市","柏"],"3670237":[11,"児玉郡神川町","貫井"],"3670072":[11,"本庄市","沼和田"],"3670021":[11,"本庄市","東台"],"3670038":[11,"本庄市","いまい台"],"3670107":[11,"児玉郡美里町","北十条"],"3670047":[11,"本庄市","前原"],"3670233":[11,"児玉郡神川町","二ノ宮"],"3670226":[11,"本庄市","児玉町宮内"]}
