{"3191302":[8,"日立市","十王町伊師本郷"],"3191534":[8,"北茨城市","華川町車"],"3192145":[8,"常陸大宮市","宇留野"],"3192266":[8,"常陸大宮市","抽ケ台町"],"3191196":[8,"那珂郡東海村","大字村松","３１３５番地４１"],"3191192":[8,"那珂郡東海村","大字白方","１７４８－１"],"3193701":[8,"久慈郡大子町","北吉沢"],"3192262":[8,"常陸大宮市","下町"],"3190316":[8,"水戸市","三湯町"],"3193524":[8,"久慈郡大子町","下津原"],"3190311":[8,"水戸市","牛伏町"],"3190104":[8,"小美玉市","三箇"],"3191531":[8,"北茨城市","華川町花園"],"3193705":[8,"久慈郡大子町","中郷"],"3192134":[8,"常陸大宮市","工業団地"],"3192223":[8,"常陸大宮市","三美"],"3192418":[8,"常陸大宮市","大岩"],"3191413":[8,"日立市","小木津町"],"3190324":[8,"水戸市","五平町"],"3191108":[8,"那珂郡東海村","村松北"],"3191713":[8,"北茨城市","関南町仁井田"],"3193535":[8,"久慈郡大子町","上金沢"],"3191538":[8,"北茨城市","華川町小豆畑"],"3190301":[8,"水戸市","田島町"],"3193362":[8,"久慈郡大子町","西金"],"3190294":[8,"笠間市","下郷","５１４０"],"3193113":[8,"常陸大宮市","照山"],"3193553":[8,"久慈郡大子町","冥賀"],"3190124":[8,"小美玉市","花野井"],"3191115":[8,"那珂郡東海村","船場"],"3192200":[8,"常陸大宮市",""],"3191307":[8,"日立市","十王町山部"],"3190136":[8,"小美玉市","手堤"],"3191295":[8,"日立市","大みか町","６丁目１１－１"],"3190103":[8,"小美玉市","柴高"],"3193541":[8,"久慈郡大子町","浅川"],"3190312":[8,"水戸市","大足町"],"3192405":[8,"常陸大宮市","小玉"],"3193538":[8,"久慈郡大子町","芦野倉"],"3192135":[8,"常陸大宮市","石沢"],"3192106":[8,"那珂市","静"],"3192403":[8,"常陸大宮市","那賀"],"3192204":[8,"常陸大宮市","富岡"],"3192227":[8,"常陸大宮市","照田"],"3191417":[8,"日立市","かみあい町"],"3191537":[8,"北茨城市","華川町下相田"],"3191592":[8,"北茨城市","磯原町磯原","１６３０"],"3193107":[8,"常陸大宮市","舟生"],"3191234":[8,"日立市","大和田町"],"3192253":[8,"常陸大宮市","高渡町"],"3193365":[8,"久慈郡大子町","栃原"],"3190133":[8,"小美玉市","張星"],"3192512":[8,"常陸大宮市","下檜沢"],"3193116":[8,"常陸大宮市","長田"],"3191231":[8,"日立市","留町"],"3192202":[8,"常陸大宮市","塩原"],"3191553":[8,"北茨城市","中郷町汐見ケ丘"],"3190207":[8,"笠間市","福島"],"3191306":[8,"日立市","十王町黒坂"],"3192265":[8,"常陸大宮市","中富町"],"3192212":[8,"常陸大宮市","上大賀"],"3192261":[8,"常陸大宮市","上町"],"3191542":[8,"北茨城市","磯原町本町"],"3191703":[8,"北茨城市","大津町五浦"],"3190205":[8,"笠間市","押辺"],"3190209":[8,"笠間市","泉"],"3192413":[8,"常陸大宮市","松之草"],"3191104":[8,"那珂郡東海村","亀下"],"3190123":[8,"小美玉市","羽鳥"],"3190115":[8,"小美玉市","上馬場"],"3190198":[8,"小美玉市","羽鳥","西２"],"3193105":[8,"常陸大宮市","諸沢"],"3192417":[8,"常陸大宮市","油河内"],"3191593":[8,"北茨城市","磯原町上相田","８３１－２"],"3193525":[8,"久慈郡大子町","南田気"],"3193536":[8,"久慈郡大子町","田野沢"],"3191532":[8,"北茨城市","華川町上小津田"],"3191184":[8,"那珂郡東海村","大字村松","４番地４９"],"3192133":[8,"常陸大宮市","小野"],"3191188":[8,"那珂郡東海村","大字白方","白根２－２２"],"3190208":[8,"笠間市","市野谷"],"3192263":[8,"常陸大宮市","南町"],"3192603":[8,"常陸大宮市","鷲子"],"3192222":[8,"常陸大宮市","若林"],"3191725":[8,"北茨城市","関本町富士ケ丘"],"3191551":[8,"北茨城市","中郷町下桜井"],"3193104":[8,"常陸大宮市","北富田"],"3192213":[8,"常陸大宮市","小祝"],"3193702":[8,"久慈郡大子町","町付"],"3191393":[8,"日立市","十王町","伊師６４０"],"3193111":[8,"常陸大宮市","山方"],"3191412":[8,"日立市","折笠町"],"3190293":[8,"笠間市","吉岡","１８５－１"],"3191711":[8,"北茨城市","関南町関本下"],"3193544":[8,"久慈郡大子町","槇野地"],"3192144":[8,"常陸大宮市","泉"],"3193511":[8,"久慈郡大子町","高柴"],"3190132":[8,"小美玉市","部室"],"3190325":[8,"水戸市","小林町"],"3191558":[8,"北茨城市","中郷町石岡"],"3192226":[8,"常陸大宮市","北塩子"],"3193500":[8,"久慈郡大子町",""],"3190305":[8,"水戸市","中原町"],"3191721":[8,"北茨城市","関本町関本上"],"3190114":[8,"小美玉市","竹原中郷"],"3191416":[8,"日立市","田尻町"],"3190313":[8,"水戸市","筑地町"],"3190321":[8,"水戸市","高田町"],"3192511":[8,"常陸大宮市","上檜沢"],"3192103":[8,"那珂市","中里"],"3191702":[8,"北茨城市","大津町"],"3193555":[8,"久慈郡大子町","下野宮"],"3191224":[8,"日立市","南高野町"],"3191701":[8,"北茨城市","平潟町"],"3190201":[8,"笠間市","上郷"],"3192132":[8,"常陸大宮市","小場"],"3193117":[8,"常陸大宮市","長沢"],"3190395":[8,"水戸市","中原町","字西１３５"],"3190102":[8,"小美玉市","西郷地"],"3192252":[8,"常陸大宮市","東富町"],"3191557":[8,"北茨城市","中郷町松井"],"3191114":[8,"那珂郡東海村","須和間"],"3190292":[8,"笠間市","安居","３１６５－１"],"3192201":[8,"常陸大宮市","辰ノ口"],"3193103":[8,"常陸大宮市","家和楽"],"3191543":[8,"北茨城市","磯原町豊田"],"3191109":[8,"那珂郡東海村","白方中央"],"3191533":[8,"北茨城市","華川町下小津田"],"3190322":[8,"水戸市","下野町"],"3192205":[8,"常陸大宮市","宮の郷"],"3192404":[8,"常陸大宮市","国長"],"3191546":[8,"北茨城市","磯原町大塚"],"3191102":[8,"那珂郡東海村","石神内宿"],"3193515":[8,"久慈郡大子町","内大野"],"3191221":[8,"日立市","大みか町"],"3191103":[8,"那珂郡東海村","竹瓦"],"3190108":[8,"小美玉市","先後"],"3192107":[8,"那珂市","下大賀"],"3191552":[8,"北茨城市","中郷町足洗"],"3190107":[8,"小美玉市","小岩戸"],"3191111":[8,"那珂郡東海村","舟石川"],"3193521":[8,"久慈郡大子町","北田気"],"3193364":[8,"久慈郡大子町","盛金"],"3193532":[8,"久慈郡大子町","山田"],"3190122":[8,"小美玉市","江戸"],"3193114":[8,"常陸大宮市","野上"],"3191235":[8,"日立市","茂宮町"],"3191305":[8,"日立市","十王町高原"],"3191545":[8,"北茨城市","磯原町木皿"],"3191722":[8,"北茨城市","関本町福田"],"3191724":[8,"北茨城市","関本町八反"],"3193703":[8,"久慈郡大子町","上郷"],"3190304":[8,"水戸市","有賀町"],"3193106":[8,"常陸大宮市","西野内"],"3191541":[8,"北茨城市","磯原町磯原"],"3192141":[8,"常陸大宮市","下岩瀬"],"3192255":[8,"常陸大宮市","野中町"],"3191100":[8,"那珂郡東海村",""],"3192416":[8,"常陸大宮市","千田"],"3192225":[8,"常陸大宮市","西塩子"],"3193363":[8,"久慈郡大子町","北富田"],"3193512":[8,"久慈郡大子町","小生瀬"],"3190131":[8,"小美玉市","寺崎"],"3192401":[8,"常陸大宮市","上小瀬"],"3192402":[8,"常陸大宮市","下小瀬"],"3191704":[8,"北茨城市","大津町北町"],"3192264":[8,"常陸大宮市","栄町"],"3190206":[8,"笠間市","安居"],"3193526":[8,"久慈郡大子町","大子"],"3190111":[8,"小美玉市","中野谷"],"3193537":[8,"久慈郡大子町","塙"],"3191304":[8,"日立市","十王町友部"],"3191536":[8,"北茨城市","華川町中妻"],"3192415":[8,"常陸大宮市","入本郷"],"3190121":[8,"小美玉市","羽刈"],"3192692":[8,"常陸大宮市","高部","５２８１－１"],"3191117":[8,"那珂郡東海村","東海"],"3191223":[8,"日立市","みなと町"],"3191559":[8,"北茨城市","中郷町上桜井"],"3191194":[8,"那珂郡東海村","大字村松","４－３３"],"3192251":[8,"常陸大宮市","姥賀町"],"3191415":[8,"日立市","相田町"],"3192221":[8,"常陸大宮市","八田"],"3190126":[8,"小美玉市","大谷"],"3192104":[8,"那珂市","平野"],"3191292":[8,"日立市","大みか町","７丁目１－１"],"3191105":[8,"那珂郡東海村","豊岡"],"3193513":[8,"久慈郡大子町","大生瀬"],"3191554":[8,"北茨城市","中郷町粟野"],"3193595":[8,"久慈郡大子町","大字大子","８６６"],"3191233":[8,"日立市","神田町"],"3191118":[8,"那珂郡東海村","舟石川駅東"],"3191726":[8,"北茨城市","関本町才丸"],"3190101":[8,"小美玉市","橋場美"],"3191308":[8,"日立市","十王町城の丘"],"3190135":[8,"小美玉市","高田"],"3190393":[8,"水戸市","内原町","１３９５－１"],"3190202":[8,"笠間市","下郷"],"3193522":[8,"久慈郡大子町","久野瀬"],"3190116":[8,"小美玉市","中台"],"3190113":[8,"小美玉市","竹原"],"3191714":[8,"北茨城市","関南町神岡上"],"3191544":[8,"北茨城市","磯原町上相田"],"3190314":[8,"水戸市","赤尾関町"],"3192143":[8,"常陸大宮市","根本"],"3191411":[8,"日立市","川尻町"],"3192412":[8,"常陸大宮市","小瀬沢"],"3193533":[8,"久慈郡大子町","下金沢"],"3190295":[8,"笠間市","安居","２６００－２８"],"3191301":[8,"日立市","十王町伊師"],"3190303":[8,"水戸市","黒磯町"],"3190106":[8,"小美玉市","堅倉"],"3193102":[8,"常陸大宮市","盛金"],"3190125":[8,"小美玉市","小曽納"],"3190307":[8,"水戸市","小原町"],"3191112":[8,"那珂郡東海村","村松"],"3193554":[8,"久慈郡大子町","高田"],"3192142":[8,"常陸大宮市","上岩瀬"],"3190203":[8,"笠間市","吉岡"],"3193115":[8,"常陸大宮市","照田"],"3192211":[8,"常陸大宮市","岩崎"],"3193552":[8,"久慈郡大子町","矢田"],"3193112":[8,"常陸大宮市","小貫"],"3192224":[8,"常陸大宮市","東野"],"3191116":[8,"那珂郡東海村","舟石川駅西"],"3191101":[8,"那珂郡東海村","石神外宿"],"3190137":[8,"小美玉市","大笹"],"3193531":[8,"久慈郡大子町","上岡"],"3191222":[8,"日立市","久慈町"],"3190323":[8,"水戸市","鯉淵町"],"3193361":[8,"久慈郡大子町","頃藤"],"3192131":[8,"常陸大宮市","下村田"],"3191414":[8,"日立市","日高町"],"3191107":[8,"那珂郡東海村","豊白"],"3191556":[8,"北茨城市","中郷町日棚"],"3191547":[8,"北茨城市","磯原町内野"],"3193523":[8,"久慈郡大子町","袋田"],"3193556":[8,"久慈郡大子町","川山"],"3192601":[8,"常陸大宮市","高部"],"3191303":[8,"日立市","十王町友部東"],"3191225":[8,"日立市","石名坂町"],"3191535":[8,"北茨城市","華川町臼場"],"3191723":[8,"北茨城市","関本町関本中"],"3192411":[8,"常陸大宮市","小舟"],"3191712":[8,"北茨城市","関南町里根川"],"3191500":[8,"北茨城市",""],"3193101":[8,"常陸大宮市","久隆"],"3191232":[8,"日立市","下土木内町"],"3190306":[8,"水戸市","杉崎町"],"3192203":[8,"常陸大宮市","小倉"],"3192105":[8,"那珂市","古徳"],"3191106":[8,"那珂郡東海村","白方"],"3192513":[8,"常陸大宮市","氷之沢"],"3190100":[8,"小美玉市",""],"3190112":[8,"小美玉市","竹原下郷"],"3191293":[8,"日立市","大みか町","５丁目２番１号"],"3192414":[8,"常陸大宮市","吉丸"],"3191715":[8,"北茨城市","関南町神岡下"],"3193366":[8,"久慈郡大子町","大沢"],"3190134":[8,"小美玉市","納場"],"3190394":[8,"水戸市","中原町","字西１３５"],"3190397":[8,"水戸市","三湯町","１１０８－３００"],"3193542":[8,"久慈郡大子町","初原"],"3191418":[8,"日立市","砂沢町"],"3192102":[8,"那珂市","瓜連"],"3193543":[8,"久慈郡大子町","左貫"],"3193534":[8,"久慈郡大子町","相川"],"3192602":[8,"常陸大宮市","小田野"],"3192214":[8,"常陸大宮市","鷹巣"],"3190204":[8,"笠間市","土師"],"3191727":[8,"北茨城市","関本町小川"],"3191555":[8,"北茨城市","中郷町小野矢指"],"3190105":[8,"小美玉市","鶴田"],"3190302":[8,"水戸市","三野輪町"],"3193551":[8,"久慈郡大子町","池田"],"3190192":[8,"小美玉市","堅倉","８３５"],"3191195":[8,"那珂郡東海村","大字白方","白根２－４"],"3192256":[8,"常陸大宮市","田子内町"],"3192136":[8,"常陸大宮市","上村田"],"3192254":[8,"常陸大宮市","北町"],"3190315":[8,"水戸市","内原町"],"3193514":[8,"久慈郡大子町","外大野"],"3193704":[8,"久慈郡大子町","上野宮"],"3191113":[8,"那珂郡東海村","照沼"]}
