{"1418672":[13,"品川区","大崎","１丁目２－１"],"1418637":[13,"品川区","西五反田","２丁目１２－１９"],"1416001":[13,"品川区","大崎ＴｈｉｎｋＰａｒｋＴｏｗｅｒ"],"1416003":[13,"品川区","大崎ＴｈｉｎｋＰａｒｋＴｏｗｅｒ"],"1418418":[13,"品川区","西五反田","２－１１－８"],"1416017":[13,"品川区","大崎ＴｈｉｎｋＰａｒｋＴｏｗｅｒ"],"1418415":[13,"品川区","西五反田","２－１１－８"],"1418707":[13,"品川区","西品川","３丁目１９－６"],"1418648":[13,"品川区","東五反田","４丁目１－１７"],"1418663":[13,"品川区","上大崎","３丁目３番１号"],"1418629":[13,"品川区","西五反田","２丁目１５－７ジブラルタ生命五反田ビル"],"1418560":[13,"品川区","大崎","１丁目６－３大崎ニューシティ３号館"],"1418559":[13,"品川区","西五反田","５丁目２３－２"],"1418650":[13,"品川区","上大崎","２丁目２５－５"],"1418420":[13,"品川区","西五反田","２－１１－８"],"1418580":[13,"品川区","大崎","１丁目５－１大崎センタービル"],"1416010":[13,"品川区","大崎ＴｈｉｎｋＰａｒｋＴｏｗｅｒ"],"1418627":[13,"品川区","東五反田","２丁目１８番１号"],"1418673":[13,"品川区","大崎","１丁目１１番１号ゲートシティ大崎ウエストタワー"],"1416013":[13,"品川区","大崎ＴｈｉｎｋＰａｒｋＴｏｗｅｒ"],"1418423":[13,"品川区","西五反田","２－１１－８－１２階"],"1418638":[13,"品川区","北品川","５丁目９－１１大崎ＭＴビル１２Ｆ"],"1418519":[13,"品川区","西五反田","７丁目２５－９"],"1410033":[13,"品川区","西品川"],"1418684":[13,"品川区","北品川","６－７－２９ガーデンシティ品川御殿山"],"1418555":[13,"品川区","西五反田","５丁目１－５"],"1418588":[13,"品川区","大崎","１丁目１１番２号"],"1418603":[13,"品川区","大崎","１－１１－１"],"1418664":[13,"品川区","東五反田","２丁目１７－２オーバルコート大崎マークイースト"],"1416008":[13,"品川区","大崎ＴｈｉｎｋＰａｒｋＴｏｗｅｒ"],"1418540":[13,"品川区","大崎","１丁目２－２"],"1418421":[13,"品川区","西五反田","３－６－２０西五反田アクセスビル５Ｆ"],"1416024":[13,"品川区","大崎ＴｈｉｎｋＰａｒｋＴｏｗｅｒ"],"1418521":[13,"品川区","西五反田","２丁目２７－４明治生命五反田ビル２階"],"1418639":[13,"品川区","東五反田","２丁目１７番１号"],"1418610":[13,"品川区","大崎","２丁目１０－１"],"1416026":[13,"品川区","大崎ＴｈｉｎｋＰａｒｋＴｏｗｅｒ"],"1418561":[13,"品川区","大崎","３丁目６－９"],"1416019":[13,"品川区","大崎ＴｈｉｎｋＰａｒｋＴｏｗｅｒ"],"1418576":[13,"品川区","大崎","１丁目６－３大崎ニューシティ３号館７Ｆ"],"1418633":[13,"品川区","東五反田","２丁目１０－２東五反田スクエア"],"1418414":[13,"品川区","西五反田","２－１１－８"],"1418631":[13,"品川区","西五反田","２丁目２３番２号"],"1418715":[13,"品川区","東五反田","１丁目１１－１５"],"1416005":[13,"品川区","大崎ＴｈｉｎｋＰａｒｋＴｏｗｅｒ"],"1416030":[13,"品川区","大崎ＴｈｉｎｋＰａｒｋＴｏｗｅｒ"],"1418565":[13,"品川区","大崎","２丁目８－１"],"1416022":[13,"品川区","大崎ＴｈｉｎｋＰａｒｋＴｏｗｅｒ"],"1418504":[13,"品川区","西五反田","１丁目１－８"],"1418507":[13,"品川区","西五反田","５丁目３－１"],"1416015":[13,"品川区","大崎ＴｈｉｎｋＰａｒｋＴｏｗｅｒ"],"1418616":[13,"品川区","大崎","５丁目５－５"],"1418411":[13,"品川区","西五反田","２－１１－８"],"1418643":[13,"品川区","大崎","１丁目１１－２ゲートシティ大崎"],"1418623":[13,"品川区","西五反田","４丁目３２－１"],"1418646":[13,"品川区","東五反田","２丁目１０－２東五反田スクエア"],"1418505":[13,"品川区","大崎","１丁目６番３号日精ビル"],"1418567":[13,"品川区","大崎","１丁目１５－９"],"1416020":[13,"品川区","大崎ＴｈｉｎｋＰａｒｋＴｏｗｅｒ"],"1416007":[13,"品川区","大崎ＴｈｉｎｋＰａｒｋＴｏｗｅｒ"],"1418621":[13,"品川区","東五反田","５丁目２２－２７"],"1418544":[13,"品川区","上大崎","２丁目１９－１０"],"1418604":[13,"品川区","大崎","１丁目５－１大崎センタービル"],"1418613":[13,"品川区","大崎","１丁目１１－２ゲートシティ大崎"],"1416029":[13,"品川区","大崎ＴｈｉｎｋＰａｒｋＴｏｗｅｒ"],"1416012":[13,"品川区","大崎ＴｈｉｎｋＰａｒｋＴｏｗｅｒ"],"1418647":[13,"品川区","東五反田","２丁目１７－１"],"1418688":[13,"品川区","北品川","５丁目９－１２神戸製鋼東京本社ビル"],"1418525":[13,"品川区","西五反田","８丁目３－１６ダヴィンチ西五反田２"],"1416014":[13,"品川区","大崎ＴｈｉｎｋＰａｒｋＴｏｗｅｒ"],"1418416":[13,"品川区","西五反田","２－１１－８"],"1418584":[13,"品川区","大崎","１丁目１１－１"],"1418520":[13,"品川区","西五反田","８丁目８－２０"],"1410001":[13,"品川区","北品川"],"1418582":[13,"品川区","大崎","１丁目２番２号"],"1418515":[13,"品川区","西五反田","５丁目２３－８"],"1410031":[13,"品川区","西五反田"],"1416006":[13,"品川区","大崎ＴｈｉｎｋＰａｒｋＴｏｗｅｒ"],"1418602":[13,"品川区","大崎","４丁目２－１６"],"1416090":[13,"品川区","大崎ＴｈｉｎｋＰａｒｋＴｏｗｅｒ"],"1418611":[13,"品川区","大崎","１丁目１９－２０"],"1416023":[13,"品川区","大崎ＴｈｉｎｋＰａｒｋＴｏｗｅｒ"],"1418503":[13,"品川区","西五反田","３丁目１１－６"],"1418656":[13,"品川区","上大崎","２－２４－９"],"1418534":[13,"品川区","西五反田","２丁目３０－４"],"1418001":[13,"品川区","西五反田","３丁目５－２０ＤＮＰ五反田ビル"],"1418658":[13,"品川区","上大崎","３丁目１４－１２"],"1418642":[13,"品川区","東五反田","３丁目１６－２１"],"1410021":[13,"品川区","上大崎"],"1418665":[13,"品川区","大崎","１丁目１１－３"],"1418640":[13,"品川区","東五反田","２－１８－１"],"1418512":[13,"品川区","西五反田","５丁目２２－１３"],"1418671":[13,"品川区","上大崎","２丁目２４－９アイケイビル"],"1418422":[13,"品川区","西五反田","２－１１－８"],"1416011":[13,"品川区","大崎ＴｈｉｎｋＰａｒｋＴｏｗｅｒ"],"1418568":[13,"品川区","西五反田","２丁目１９－１３"],"1418562":[13,"品川区","大崎","１丁目１１番１号ゲートシティ大崎ウエストタワー"],"1418605":[13,"品川区","大崎","５丁目６－４"],"1418630":[13,"品川区","東五反田","２丁目３－５"],"1416004":[13,"品川区","大崎ＴｈｉｎｋＰａｒｋＴｏｗｅｒ"],"1418577":[13,"品川区","大崎","４－２－６"],"1418413":[13,"品川区","西五反田","２－１１－８"],"1418522":[13,"品川区","大崎","１丁目２－２"],"1418615":[13,"品川区","西五反田","１丁目２１－７"],"1418606":[13,"品川区","大崎","３－６－２８ウェストパーク大崎"],"1418419":[13,"品川区","西五反田","２－１１－８学研ビル６階"],"1418566":[13,"品川区","大崎","２丁目３－１３"],"1418517":[13,"品川区","西五反田","５丁目１７－５"],"1418572":[13,"品川区","大崎","５丁目１－５高徳ビル"],"1416025":[13,"品川区","大崎ＴｈｉｎｋＰａｒｋＴｏｗｅｒ"],"1418657":[13,"品川区","上大崎","２丁目２４－９アイケイビル"],"1418679":[13,"品川区","北品川","６－７－２９ガーデンシティ品川御殿山５階"],"1418501":[13,"品川区","西五反田","１丁目１－８大手町建物ビル"],"1418510":[13,"品川区","西五反田","２丁目１１－８"],"1410032":[13,"品川区","大崎"],"1416016":[13,"品川区","大崎ＴｈｉｎｋＰａｒｋＴｏｗｅｒ"],"1418508":[13,"品川区","西五反田","２丁目３２－４"],"1418644":[13,"品川区","大崎","１丁目１１番１号ゲートシティ大崎ウエストタワー"],"1418701":[13,"品川区","北品川","５丁目５－２６"],"1418710":[13,"品川区","西五反田","７丁目２－３"],"1416021":[13,"品川区","大崎ＴｈｉｎｋＰａｒｋＴｏｗｅｒ"],"1418620":[13,"品川区","大崎","１－１１－２ゲートシティ大崎イーストタワー"],"1416002":[13,"品川区","大崎ＴｈｉｎｋＰａｒｋＴｏｗｅｒ"],"1416027":[13,"品川区","大崎ＴｈｉｎｋＰａｒｋＴｏｗｅｒ"],"1416018":[13,"品川区","大崎ＴｈｉｎｋＰａｒｋＴｏｗｅｒ"],"1418680":[13,"品川区","北品川","６丁目７－３５"],"1416009":[13,"品川区","大崎ＴｈｉｎｋＰａｒｋＴｏｗｅｒ"],"1418660":[13,"品川区","上大崎","２丁目１０－４３"],"1418412":[13,"品川区","西五反田","２－１１－８"],"1418417":[13,"品川区","西五反田","２－１１－８"],"1410022":[13,"品川区","東五反田"],"1416028":[13,"品川区","大崎ＴｈｉｎｋＰａｒｋＴｏｗｅｒ"]}
