{"4940013":[23,"一宮市","玉野"],"4948501":[23,"一宮市","篭屋","５丁目１－１"],"4948505":[23,"一宮市","冨田","１７７７"],"4940014":[23,"一宮市","上祖父江"],"4940004":[23,"一宮市","北今"],"4948686":[23,"一宮市","明地","字南茱之木２５－２"],"4948516":[23,"一宮市","篭屋","５丁目８－１"],"4940015":[23,"一宮市","西中野"],"4948507":[23,"一宮市","開明","字杁先５"],"4940006":[23,"一宮市","起"],"4948601":[23,"一宮市","東五城","字備前１２"],"4940002":[23,"一宮市","篭屋"],"4948611":[23,"一宮市","篭屋","１丁目４－３"],"4940019":[23,"一宮市","蓮池"],"4940012":[23,"一宮市","明地"],"4940007":[23,"一宮市","小信中島"],"4940011":[23,"一宮市","西萩原"],"4940017":[23,"一宮市","祐久"],"4940018":[23,"一宮市","冨田"],"4940001":[23,"一宮市","開明"],"4940008":[23,"一宮市","東五城"],"4948502":[23,"一宮市","明地","字東下城４０"],"4940005":[23,"一宮市","西五城"],"4940003":[23,"一宮市","三条"],"4948511":[23,"一宮市","玉野","字下新田３５"],"4940016":[23,"一宮市","東加賀野井"]}
