{"3808506":[20,"長野市","大字南長野","南県町１０４０－１日本生命長野県庁前ビル６階"],"3800838":[20,"長野市","県町"],"3800804":[20,"長野市","荒屋"],"3808510":[20,"長野市","大字南長野","字巾下６９２－２"],"3808511":[20,"長野市","","西後町１５８５－２"],"3808555":[20,"長野市","若里","１丁目１－１"],"3800872":[20,"長野市","妻科"],"3808583":[20,"長野市","大字南長野","西後町１５９７－１長野朝日八十二ビル"],"3808538":[20,"長野市","大字西長野","１９－２１"],"3800905":[20,"長野市","鶴賀"],"3800858":[20,"長野市","上西之門町"],"3808504":[20,"長野市","アークス","１３－１１"],"3808577":[20,"長野市","大字安茂里","６７１"],"3800867":[20,"長野市","往生地"],"3808576":[20,"長野市","大字鶴賀","七瀬中町１６１－１アーバンネット七瀬ビル６Ｆ"],"3800936":[20,"長野市","岡田町"],"3800941":[20,"長野市","安茂里"],"3808531":[20,"長野市","柳町","７２－１"],"3800811":[20,"長野市","鶴賀"],"3808639":[20,"長野市","大字南長野","北石堂町１１７７－３"],"3808570":[20,"長野市","大字南長野","字巾下６９２－２"],"3808518":[20,"長野市","三輪","２丁目１－８"],"3808655":[20,"長野市","大字南長野","南県町１０４０－１"],"3800865":[20,"長野市","花咲町"],"3808561":[20,"長野市","アークス","６－１１"],"3800826":[20,"長野市","北石堂町"],"3800886":[20,"長野市","広瀬"],"3800961":[20,"長野市","安茂里小市"],"3800954":[20,"長野市","安茂里犀北団地"],"3808536":[20,"長野市","大字鶴賀","上千歳町１１１２－１"],"3808798":[20,"長野市","大字栗田","７５２－１"],"3800948":[20,"長野市","差出南"],"3800842":[20,"長野市","西町"],"3800847":[20,"長野市","若松町"],"3800945":[20,"長野市","安茂里杏花台"],"3808797":[20,"長野市","大字栗田","８０１"],"3800806":[20,"長野市","淀ケ橋"],"3808533":[20,"長野市","大字鶴賀","南千歳町８７８"],"3808522":[20,"長野市","大字長野","大門町４１"],"3808526":[20,"長野市","大字南長野","北石堂町１４２９－１"],"3800958":[20,"長野市","伊勢宮"],"3808530":[20,"長野市","箱清水","３丁目８－５"],"3808502":[20,"長野市","稲葉","２１０－２"],"3808508":[20,"長野市","","南県町１０８１長野東京海上日動ビル"],"3800821":[20,"長野市","上千歳町"],"3800885":[20,"長野市","桜"],"3800927":[20,"長野市","栗田北中"],"3800888":[20,"長野市","上ケ屋"],"3808640":[20,"長野市","大字南長野","末広町１３６１"],"3800856":[20,"長野市","横町"],"3800854":[20,"長野市","伊勢町"],"3800861":[20,"長野市","横沢町"],"3808550":[20,"長野市","大字栗田","９８９－１"],"3800862":[20,"長野市","桜枝町"],"3800901":[20,"長野市","居町"],"3800915":[20,"長野市","稲葉上千田"],"3808520":[20,"長野市","","東町１４２"],"3800836":[20,"長野市","南県町"],"3808545":[20,"長野市","","県町５３２－３"],"3808633":[20,"長野市","大字中御所","岡田町１３１－７"],"3800824":[20,"長野市","南石堂町"],"3800874":[20,"長野市","茂菅"],"3808796":[20,"長野市","大字栗田","８０１"],"3808566":[20,"長野市","大字中御所","岡田町１７６"],"3800823":[20,"長野市","南千歳"],"3800884":[20,"長野市","鑪"],"3808552":[20,"長野市","アークス","１２－１２"],"3808588":[20,"長野市","中御所","４丁目８－３"],"3808610":[20,"長野市","大字稲葉","９１７"],"3800832":[20,"長野市","東後町"],"3800957":[20,"長野市","安茂里大門"],"3808505":[20,"長野市","","荒屋１１８０－１"],"3800876":[20,"長野市","山田中"],"3808501":[20,"長野市","大字長野","元善町４９２"],"3808546":[20,"長野市","大字南長野","南県町６５７"],"3800851":[20,"長野市","元善町"],"3808625":[20,"長野市","東鶴賀町","６０番地"],"3800917":[20,"長野市","稲葉南俣"],"3800864":[20,"長野市","立町"],"3800845":[20,"長野市","西後町"],"3800853":[20,"長野市","新町"],"3800882":[20,"長野市","富田"],"3800871":[20,"長野市","西長野町"],"3808586":[20,"長野市","大字中御所","字岡田３０番地２０"],"3808794":[20,"長野市","","緑町１６５７－１"],"3800935":[20,"長野市","中御所"],"3808503":[20,"長野市","大字鶴賀","腰巻２２１４－１０"],"3808515":[20,"長野市","上松","１丁目１６－１２"],"3800813":[20,"長野市","鶴賀"],"3800816":[20,"長野市","三輪田町"],"3808525":[20,"長野市","三輪","８丁目４９－７"],"3800946":[20,"長野市","平柴台"],"3808543":[20,"長野市","南千歳","１丁目２２－６"],"3800912":[20,"長野市","稲葉日詰"],"3800952":[20,"長野市","宮沖"],"3800921":[20,"長野市","栗田"],"3800903":[20,"長野市","鶴賀"],"3808581":[20,"長野市","大字稲葉","上千田沖３１８番地"],"3808540":[20,"長野市","大字西長野","２－４カシヨ情報ビル"],"3800857":[20,"長野市","西之門町"],"3800883":[20,"長野市","泉平"],"3808682":[20,"長野市","大字中御所","字岡田１７８－８"],"3800873":[20,"長野市","新諏訪"],"3808688":[20,"長野市","大字鶴賀","南千歳町１００５"],"3808507":[20,"長野市","","荒屋１１５４"],"3808686":[20,"長野市","居町","１３３－１"],"3808535":[20,"長野市","大字鶴賀","１４５７番地４４"],"3808584":[20,"長野市","大字鶴賀","高畑７５２－８"],"3800953":[20,"長野市","安茂里犀北"],"3800866":[20,"長野市","狐池"],"3800807":[20,"長野市","横山"],"3808635":[20,"長野市","大字中御所","４５番地１山王ビル"],"3800914":[20,"長野市","稲葉母袋"],"3800875":[20,"長野市","小鍋"],"3800934":[20,"長野市","中御所町"],"3800911":[20,"長野市","稲葉"],"3800805":[20,"長野市","柳町"],"3808622":[20,"長野市","","南県町１０４１"],"3800812":[20,"長野市","早苗町"],"3808660":[20,"長野市","中御所","３丁目２－５"],"3800904":[20,"長野市","鶴賀"],"3800841":[20,"長野市","大門町"],"3808567":[20,"長野市","大字中御所","岡田町３０－１６"],"3808558":[20,"長野市","大字中御所","岡田町２１５－１日生ビル７階"],"3808572":[20,"長野市","中御所","１丁目２２－１"],"3808537":[20,"長野市","","南石堂町１２３０－６"],"3808519":[20,"長野市","","新田町１１３７－５"],"3808666":[20,"長野市","柳町","１８"],"3800881":[20,"長野市","門沢"],"3800944":[20,"長野市","安茂里米村"],"3808568":[20,"長野市","大字中御所","字岡田１７８番地２"],"3800887":[20,"長野市","入山"],"3808668":[20,"長野市","大字南長野","新田町１１０３－１"],"3800852":[20,"長野市","東之門町"],"3800846":[20,"長野市","旭町"],"3808524":[20,"長野市","","県町５２４番地"],"3800943":[20,"長野市","安茂里差出"],"3800843":[20,"長野市","長門町"],"3800802":[20,"長野市","上松"],"3800831":[20,"長野市","東町"],"3800814":[20,"長野市","鶴賀"],"3808521":[20,"長野市","","問御所町１２００"],"3808614":[20,"長野市","大字南長野","北石堂町１１７７－３"],"3808557":[20,"長野市","","岡田町１８０－２"],"3808580":[20,"長野市","大字栗田","舎利田７４７－１２"],"3800942":[20,"長野市","小柴見"],"3800803":[20,"長野市","三輪"],"3808544":[20,"長野市","大字西長野","６のロ"],"3800822":[20,"長野市","鶴賀"],"3800855":[20,"長野市","岩石町"],"3808612":[20,"長野市","","随後町６０８－２"],"3800913":[20,"長野市","川合新田"],"3808539":[20,"長野市","南千歳","１丁目１－１"],"3808573":[20,"長野市","中御所","１丁目２２－１"],"3800815":[20,"長野市","田町"],"3808516":[20,"長野市","大字南長野","末広町１３５８"],"3808589":[20,"長野市","大字栗田","８０１番地"],"3800835":[20,"長野市","新田町"],"3800877":[20,"長野市","塩生"],"3808648":[20,"長野市","大字中御所","２１９－１"],"3800833":[20,"長野市","権堂町"],"3800902":[20,"長野市","鶴賀"],"3808560":[20,"長野市","アークス","１４－１２"],"3808534":[20,"長野市","三輪","９丁目４３－２４"],"3800844":[20,"長野市","諏訪町"],"3800955":[20,"長野市","安茂里西河原"],"3800834":[20,"長野市","鶴賀"],"3808512":[20,"長野市","大字鶴賀","緑町１６１３番地"],"3800947":[20,"長野市","平柴"],"3800863":[20,"長野市","栄町"],"3800916":[20,"長野市","稲葉中千田"],"3808585":[20,"長野市","若里","７丁目１－５"],"3808630":[20,"長野市","大字南長野","字幅下６９２－２県庁工事事務所内"],"3808565":[20,"長野市","大字稲葉","中千田２１４２"],"3808795":[20,"長野市","","旭町１１０８長野第一合同庁舎"],"3808601":[20,"長野市","","七瀬中町１６１－１アーバンネット七瀬ビル３Ｆ"],"3800801":[20,"長野市","箱清水"],"3800906":[20,"長野市","鶴賀"],"3800956":[20,"長野市","安茂里小路"],"3800918":[20,"長野市","アークス"],"3800825":[20,"長野市","末広町"],"3808575":[20,"長野市","大字栗田","７１５－５"],"3808611":[20,"長野市","大字南長野","県町５２３"],"3800928":[20,"長野市","若里"],"3808551":[20,"長野市","大字稲葉","日詰１４１４"],"3808608":[20,"長野市","アークス","１５－１７"],"3800837":[20,"長野市","南長野"],"3808605":[20,"長野市","大字稲葉","中千田２０１９－５"]}
