{"0240104":[3,"北上市","二子町"],"0240001":[3,"北上市","飯豊"],"0240043":[3,"北上市","立花"],"0240083":[3,"北上市","柳原町"],"0240082":[3,"北上市","町分"],"0240012":[3,"北上市","常盤台"],"0240003":[3,"北上市","成田"],"0240002":[3,"北上市","北工業団地"],"0240076":[3,"北上市","鳩岡崎"],"0240193":[3,"北上市","北工業団地","３－３"],"0248513":[3,"北上市","鍛冶町","１丁目３番地１"],"0240056":[3,"北上市","鬼柳町"],"0240013":[3,"北上市","藤沢"],"0240341":[3,"和賀郡西和賀町","杉名畑"],"0240105":[3,"北上市","小鳥崎"],"0240062":[3,"北上市","鍛冶町"],"0248510":[3,"北上市","北工業団地","６－６"],"0240101":[3,"北上市","臥牛"],"0240055":[3,"北上市","大堤南"],"0248520":[3,"北上市","芳町","２番８号"],"0240044":[3,"北上市","平沢"],"0240321":[3,"北上市","和賀町岩崎"],"0240071":[3,"北上市","上江釣子"],"0240022":[3,"北上市","黒沢尻"],"0240053":[3,"北上市","大堤西"],"0240023":[3,"北上市","里分"],"0240333":[3,"北上市","和賀町長沼"],"0240061":[3,"北上市","大通り"],"0248501":[3,"北上市","芳町","１－１"],"0240011":[3,"北上市","堤ケ丘"],"0240074":[3,"北上市","滑田"],"0240103":[3,"北上市","更木"],"0240054":[3,"北上市","大堤東"],"0240334":[3,"北上市","和賀町藤根"],"0240094":[3,"北上市","本通り"],"0240332":[3,"北上市","和賀町竪川目"],"0248505":[3,"北上市","流通センター","１９番３３号"],"0240075":[3,"北上市","新平"],"0240024":[3,"北上市","中野町"],"0240091":[3,"北上市","大曲町"],"0240073":[3,"北上市","下江釣子"],"0240064":[3,"北上市","若宮町"],"0240045":[3,"北上市","湯沢"],"0240092":[3,"北上市","新穀町"],"0240093":[3,"北上市","本石町"],"0240331":[3,"北上市","和賀町横川目"],"0240057":[3,"北上市","上鬼柳"],"0240072":[3,"北上市","北鬼柳"],"0240322":[3,"北上市","和賀町岩崎新田"],"0240325":[3,"北上市","和賀町岩沢"],"0240051":[3,"北上市","相去町"],"0240063":[3,"北上市","九年橋"],"0240058":[3,"北上市","下鬼柳"],"0248507":[3,"北上市","村崎野","１７地割１０番地"],"0240323":[3,"北上市","和賀町煤孫"],"0240102":[3,"北上市","北工業団地"],"0240095":[3,"北上市","芳町"],"0240324":[3,"北上市","和賀町山口"],"0248511":[3,"北上市","本通り","２丁目２番１号"],"0240335":[3,"北上市","和賀町後藤"],"0240326":[3,"北上市","和賀町仙人"],"0240195":[3,"北上市","北工業団地","５－１６"],"0248518":[3,"北上市","村崎野","２４地割１９番地"],"0240041":[3,"北上市","稲瀬町"],"0240035":[3,"北上市","花園町"],"0240031":[3,"北上市","青柳町"],"0240392":[3,"北上市","和賀町横川目","１１地割１６０番地"],"0240084":[3,"北上市","さくら通り"],"0240014":[3,"北上市","流通センター"],"0240211":[3,"北上市","口内町"],"0240042":[3,"北上市","黒岩"],"0240033":[3,"北上市","幸町"],"0240021":[3,"北上市","上野町"],"0240000":[3,"北上市",""],"0248650":[3,"北上市","北工業団地","６番６号"],"0240032":[3,"北上市","川岸"],"0240052":[3,"北上市","大堤北"],"0240194":[3,"北上市","北工業団地","５－１１"],"0240025":[3,"北上市","孫屋敷"],"0240081":[3,"北上市","有田町"],"0240192":[3,"北上市","北工業団地","３－１７"],"0240004":[3,"北上市","村崎野"],"0240034":[3,"北上市","諏訪町"]}
