{"5008227":[21,"岐阜市","北一色"],"5008422":[21,"岐阜市","加納安良町"],"5008479":[21,"岐阜市","加納菱野町"],"5008826":[21,"岐阜市","住吉町"],"5008169":[21,"岐阜市","溝旗町"],"5008431":[21,"岐阜市","加納八幡町"],"5008815":[21,"岐阜市","梅河町"],"5008859":[21,"岐阜市","室津町"],"5008045":[21,"岐阜市","新桜町"],"5008869":[21,"岐阜市","元宮町"],"5008275":[21,"岐阜市","加納花ノ木町"],"5008818":[21,"岐阜市","梅ケ枝町"],"5008005":[21,"岐阜市","上材木町"],"5008853":[21,"岐阜市","西問屋町"],"5008308":[21,"岐阜市","三橋町"],"5008418":[21,"岐阜市","加納西広江町"],"5008802":[21,"岐阜市","不動町"],"5008657":[21,"岐阜市","此花町","６丁目１７"],"5008321":[21,"岐阜市","菊井町"],"5008062":[21,"岐阜市","初音町"],"5008855":[21,"岐阜市","新栄町"],"5008254":[21,"岐阜市","光樹町"],"5008283":[21,"岐阜市","茜部野瀬"],"5008535":[21,"岐阜市","加納寿町","４丁目１番地"],"5008335":[21,"岐阜市","三歳町"],"5008118":[21,"岐阜市","寺町"],"5008453":[21,"岐阜市","加納鉄砲町"],"5008012":[21,"岐阜市","山口町"],"5008003":[21,"岐阜市","大宮町"],"5008149":[21,"岐阜市","戎町"],"5008809":[21,"岐阜市","平河町"],"5008331":[21,"岐阜市","錦町"],"5008378":[21,"岐阜市","雲雀ケ丘"],"5008381":[21,"岐阜市","市橋"],"5008871":[21,"岐阜市","大正町"],"5008710":[21,"岐阜市","美江寺町","２丁目４－１"],"5008878":[21,"岐阜市","神室町"],"5008849":[21,"岐阜市","金岡町"],"5008389":[21,"岐阜市","本荘"],"5008373":[21,"岐阜市","大池町"],"5008888":[21,"岐阜市","万年町"],"5008316":[21,"岐阜市","島田中町"],"5008071":[21,"岐阜市","柳町"],"5008434":[21,"岐阜市","向陽町"],"5008263":[21,"岐阜市","茜部新所"],"5008143":[21,"岐阜市","瑞雲町"],"5008831":[21,"岐阜市","弥生町"],"5008077":[21,"岐阜市","伊吹町"],"5008465":[21,"岐阜市","加納寿町"],"5008541":[21,"岐阜市","橋本町","２丁目８番地"],"5008565":[21,"岐阜市","宇佐南","１丁目７－１"],"5008367":[21,"岐阜市","宇佐南"],"5008686":[21,"岐阜市","香蘭","３丁目８"],"5008525":[21,"岐阜市","日ノ出町","２丁目２５"],"5008129":[21,"岐阜市","鶴見町"],"5008053":[21,"岐阜市","鶯谷町"],"5008441":[21,"岐阜市","城東通"],"5008451":[21,"岐阜市","加納上本町"],"5008175":[21,"岐阜市","長住町"],"5008716":[21,"岐阜市","金竜町","５丁目１３番地"],"5008028":[21,"岐阜市","西材木町"],"5008131":[21,"岐阜市","月ノ会町"],"5008038":[21,"岐阜市","大工町"],"5008518":[21,"岐阜市","鹿島町","６丁目２７"],"5008729":[21,"岐阜市","金竜町","５丁目１３"],"5008416":[21,"岐阜市","加納徳川町"],"5008731":[21,"岐阜市","大宮町","２丁目１２－１"],"5008570":[21,"岐阜市","薮田南","２丁目１－１"],"5008867":[21,"岐阜市","木ノ本町"],"5008868":[21,"岐阜市","光明町"],"5008166":[21,"岐阜市","天王町"],"5008884":[21,"岐阜市","池田町"],"5008289":[21,"岐阜市","須賀"],"5008448":[21,"岐阜市","中洲町"],"5008814":[21,"岐阜市","今川町"],"5008172":[21,"岐阜市","白山町"],"5008063":[21,"岐阜市","金屋横町"],"5008481":[21,"岐阜市","加納沓井町"],"5008648":[21,"岐阜市","加納天神町","４丁目２４"],"5008044":[21,"岐阜市","万力町"],"5008303":[21,"岐阜市","春日町"],"5008821":[21,"岐阜市","鷹見町"],"5008181":[21,"岐阜市","御浪町"],"5008006":[21,"岐阜市","堤外"],"5008701":[21,"岐阜市","今沢町","１８"],"5008002":[21,"岐阜市","御手洗"],"5008603":[21,"岐阜市","茜部新所","２丁目５"],"5008819":[21,"岐阜市","千石町"],"5008660":[21,"岐阜市","都通","３丁目１０"],"5008023":[21,"岐阜市","今町"],"5008377":[21,"岐阜市","瑞穂町"],"5008368":[21,"岐阜市","宇佐"],"5008168":[21,"岐阜市","東駒爪町"],"5008454":[21,"岐阜市","加納永井町"],"5008136":[21,"岐阜市","雪見町"],"5008228":[21,"岐阜市","長森本町"],"5008803":[21,"岐阜市","佐久間町"],"5008284":[21,"岐阜市","茜町"],"5008419":[21,"岐阜市","加納北広江町"],"5008835":[21,"岐阜市","玉宮町"],"5008336":[21,"岐阜市","稲荷町"],"5008730":[21,"岐阜市","神田町","９丁目１"],"5008363":[21,"岐阜市","爪"],"5008052":[21,"岐阜市","鶯谷"],"5008848":[21,"岐阜市","神明町"],"5008387":[21,"岐阜市","薮田中"],"5008233":[21,"岐阜市","蔵前"],"5008566":[21,"岐阜市","神田町","７丁目７－８"],"5008879":[21,"岐阜市","徹明通"],"5008085":[21,"岐阜市","白木町"],"5008139":[21,"岐阜市","庵町"],"5008013":[21,"岐阜市","松下町"],"5008423":[21,"岐阜市","渋谷町"],"5008317":[21,"岐阜市","島田西町"],"5008681":[21,"岐阜市","長住町","１０丁目１"],"5008033":[21,"岐阜市","魚屋町"],"5008117":[21,"岐阜市","南殿町"],"5008245":[21,"岐阜市","上川手"],"5008728":[21,"岐阜市","神田町","９丁目１２"],"5008315":[21,"岐阜市","島田東町"],"5008051":[21,"岐阜市","駿河山"],"5008885":[21,"岐阜市","大柳町"],"5008429":[21,"岐阜市","加納清水町"],"5008552":[21,"岐阜市","神田町","８丁目２"],"5008616":[21,"岐阜市","中鶉","１丁目１３９"],"5008018":[21,"岐阜市","大仏町"],"5008507":[21,"岐阜市","薮田南","１丁目１４番５３号"],"5008464":[21,"岐阜市","加納前田町"],"5008843":[21,"岐阜市","住田町"],"5008483":[21,"岐阜市","加納東丸町"],"5008415":[21,"岐阜市","加納中広江町"],"5008276":[21,"岐阜市","加納南陽町"],"5008864":[21,"岐阜市","真砂町"],"5008625":[21,"岐阜市","橋本町","２丁目２０番地"],"5008717":[21,"岐阜市","野一色","４丁目６－１"],"5008502":[21,"岐阜市","薮田東","１丁目２－２"],"5008147":[21,"岐阜市","三笠町"],"5008001":[21,"岐阜市","鏡岩"],"5008630":[21,"岐阜市","江添","１丁目１－１"],"5008337":[21,"岐阜市","雨踊町"],"5008345":[21,"岐阜市","菊地町"],"5008755":[21,"岐阜市","蔵前","６丁目１３－２６"],"5008007":[21,"岐阜市","元浜町"],"5008211":[21,"岐阜市","日野東"],"5008727":[21,"岐阜市","神田町","２丁目２"],"5008402":[21,"岐阜市","竜田町"],"5008225":[21,"岐阜市","岩地"],"5008019":[21,"岐阜市","益屋町"],"5008577":[21,"岐阜市","今小町","９"],"5008015":[21,"岐阜市","松山町"],"5008277":[21,"岐阜市","加納立花町"],"5008383":[21,"岐阜市","江添"],"5008875":[21,"岐阜市","柳ケ瀬通"],"5008485":[21,"岐阜市","加納丸之内"],"5008126":[21,"岐阜市","隆城町"],"5008376":[21,"岐阜市","富沢町"],"5008173":[21,"岐阜市","田生越町"],"5008463":[21,"岐阜市","加納新本町"],"5008602":[21,"岐阜市","茜部新所","２丁目５"],"5008022":[21,"岐阜市","下茶屋町"],"5008560":[21,"岐阜市","今町","４丁目２０"],"5008452":[21,"岐阜市","加納朝日町"],"5008039":[21,"岐阜市","下大桑町"],"5008877":[21,"岐阜市","雲雀町"],"5008359":[21,"岐阜市","六条北"],"5008253":[21,"岐阜市","薬師町"],"5008364":[21,"岐阜市","本荘中ノ町"],"5008106":[21,"岐阜市","東高岩町"],"5008305":[21,"岐阜市","沖ノ橋町"],"5008435":[21,"岐阜市","宮北町"],"5008863":[21,"岐阜市","千手堂南町"],"5008101":[21,"岐阜市","多賀町"],"5008047":[21,"岐阜市","中竹屋町"],"5008807":[21,"岐阜市","北野町"],"5008036":[21,"岐阜市","甚衛町"],"5008369":[21,"岐阜市","敷島町"],"5008680":[21,"岐阜市","長住町","１０丁目１"],"5008455":[21,"岐阜市","加納栄町通"],"5008817":[21,"岐阜市","八ツ梅町"],"5008246":[21,"岐阜市","下川手"],"5008856":[21,"岐阜市","橋本町"],"5008068":[21,"岐阜市","上太田町"],"5008433":[21,"岐阜市","若杉町"],"5008084":[21,"岐阜市","松屋町"],"5008108":[21,"岐阜市","川端町"],"5008083":[21,"岐阜市","間之町"],"5008151":[21,"岐阜市","大黒町"],"5008231":[21,"岐阜市","前一色西町"],"5008854":[21,"岐阜市","花園町"],"5008725":[21,"岐阜市","金町","４丁目３０明治安田生命岐阜金町ビル４Ｆ"],"5008741":[21,"岐阜市","正法寺町","３３番地"],"5008049":[21,"岐阜市","上竹屋町"],"5008588":[21,"岐阜市","橋本町","２丁目５２岐阜シティ・タワー４３"],"5008838":[21,"岐阜市","八幡町"],"5008177":[21,"岐阜市","長旗町"],"5008116":[21,"岐阜市","殿町"],"5008123":[21,"岐阜市","雲竜町"],"5008351":[21,"岐阜市","清本町"],"5008689":[21,"岐阜市","三歳町","５丁目１－７"],"5008064":[21,"岐阜市","柳沢町"],"5008478":[21,"岐阜市","加納伏見町"],"5008329":[21,"岐阜市","本荘町"],"5008733":[21,"岐阜市","千石町","２丁目２５"],"5008508":[21,"岐阜市","薮田南","５丁目１４－５３岐阜県県民ふれあい会館１３階"],"5008189":[21,"岐阜市","三番町"],"5008343":[21,"岐阜市","南本荘二条通"],"5008471":[21,"岐阜市","加納富士町"],"5008801":[21,"岐阜市","忠節町"],"5008827":[21,"岐阜市","弥八町"],"5008501":[21,"岐阜市","薮田南","２丁目１－１"],"5008544":[21,"岐阜市","茜部菱野","１丁目６０"],"5008424":[21,"岐阜市","加納柳町"],"5008186":[21,"岐阜市","霞町"],"5008046":[21,"岐阜市","米屋町"],"5008133":[21,"岐阜市","永楽町"],"5008446":[21,"岐阜市","矢倉町"],"5008031":[21,"岐阜市","蜂屋町"],"5008610":[21,"岐阜市","茜部新所","２丁目５"],"5008167":[21,"岐阜市","東金宝町"],"5008862":[21,"岐阜市","千手堂中町"],"5008148":[21,"岐阜市","曙町"],"5008375":[21,"岐阜市","新興町"],"5008646":[21,"岐阜市","加納天神町","１丁目２６"],"5008384":[21,"岐阜市","薮田南"],"5008678":[21,"岐阜市","長住町","５丁目４"],"5008832":[21,"岐阜市","小柳町"],"5008354":[21,"岐阜市","六条福寿町"],"5008318":[21,"岐阜市","桜通"],"5008886":[21,"岐阜市","西野町七丁目北町"],"5008388":[21,"岐阜市","今嶺"],"5008808":[21,"岐阜市","永田町"],"5008404":[21,"岐阜市","華陽"],"5008127":[21,"岐阜市","塩町"],"5008069":[21,"岐阜市","今小町"],"5008513":[21,"岐阜市","鹿島町","７丁目１"],"5008269":[21,"岐阜市","茜部中島"],"5008212":[21,"岐阜市","日野南"],"5008554":[21,"岐阜市","京町","２丁目３"],"5008138":[21,"岐阜市","中道北"],"5008754":[21,"岐阜市","鶴田町","３丁目１８番地"],"5008346":[21,"岐阜市","清"],"5008672":[21,"岐阜市","中鶉","２丁目６－２"],"5008847":[21,"岐阜市","金宝町"],"5008484":[21,"岐阜市","加納二之丸"],"5008833":[21,"岐阜市","神田町"],"5008637":[21,"岐阜市","六条大溝","４丁目１－３"],"5008636":[21,"岐阜市","薮田東","２丁目１－６"],"5008328":[21,"岐阜市","五反田町"],"5008545":[21,"岐阜市","若宮町","９丁目１６"],"5008344":[21,"岐阜市","南本荘一条通"],"5008469":[21,"岐阜市","加納竜興町"],"5008232":[21,"岐阜市","前一色"],"5008456":[21,"岐阜市","加納大黒町"],"5008530":[21,"岐阜市","","長住町香蘭地区ＮＴＴドコモ東海岐阜ビル"],"5008304":[21,"岐阜市","柳川町"],"5008732":[21,"岐阜市","柳ケ瀬通","６丁目１４番地ホテルグランヴェール岐山３Ｆ"],"5008252":[21,"岐阜市","加納舟田町"],"5008866":[21,"岐阜市","寺島町"],"5008025":[21,"岐阜市","久屋町"],"5008056":[21,"岐阜市","下竹町"],"5008107":[21,"岐阜市","高岩町"],"5008048":[21,"岐阜市","大和町"],"5008740":[21,"岐阜市","五坪","１丁目１番地１号"],"5008432":[21,"岐阜市","畷町"],"5008247":[21,"岐阜市","長森細畑"],"5008405":[21,"岐阜市","生田町"],"5008122":[21,"岐阜市","旭見ケ池町"],"5008449":[21,"岐阜市","荒川町"],"5008065":[21,"岐阜市","金屋町"],"5008417":[21,"岐阜市","加納清田町"],"5008141":[21,"岐阜市","月丘町"],"5008650":[21,"岐阜市","清本町","２丁目４４"],"5008124":[21,"岐阜市","宝来町"],"5008711":[21,"岐阜市","千石町","１丁目４"],"5008251":[21,"岐阜市","加納御車町"],"5008708":[21,"岐阜市","司町","１番地"],"5008188":[21,"岐阜市","二番町"],"5008816":[21,"岐阜市","菅原町"],"5008352":[21,"岐阜市","六条"],"5008278":[21,"岐阜市","加納西山町"],"5008857":[21,"岐阜市","坂井町"],"5008839":[21,"岐阜市","蕪城町"],"5008159":[21,"岐阜市","田神町"],"5008264":[21,"岐阜市","茜部辰新"],"5008302":[21,"岐阜市","本郷町"],"5008016":[21,"岐阜市","松ケ枝町"],"5008477":[21,"岐阜市","加納水野町"],"5008887":[21,"岐阜市","西野町六丁目北町"],"5008682":[21,"岐阜市","長住町","４丁目７"],"5008504":[21,"岐阜市","薮田南","５丁目１４番５３号岐阜県県民ふれあい会館内"],"5008041":[21,"岐阜市","靱屋町"],"5008236":[21,"岐阜市","手力町"],"5008353":[21,"岐阜市","六条東"],"5008621":[21,"岐阜市","須賀","３丁目１４－１"],"5008615":[21,"岐阜市","南鶉","５丁目５２－１"],"5008268":[21,"岐阜市","茜部菱野"],"5008262":[21,"岐阜市","茜部本郷"],"5008327":[21,"岐阜市","如月町"],"5008319":[21,"岐阜市","桜木町"],"5008841":[21,"岐阜市","高野町"],"5008622":[21,"岐阜市","北鶉","３丁目１６"],"5008571":[21,"岐阜市","薮田南","２丁目１－１"],"5008207":[21,"岐阜市","日野北"],"5008881":[21,"岐阜市","青柳町"],"5008111":[21,"岐阜市","梅林"],"5008187":[21,"岐阜市","吉津町"],"5008515":[21,"岐阜市","大宝町","２丁目１４番地"],"5008836":[21,"岐阜市","西玉宮町"],"5008407":[21,"岐阜市","高砂町"],"5008115":[21,"岐阜市","田端町"],"5008873":[21,"岐阜市","大富町"],"5008561":[21,"岐阜市","日置江","１丁目５８"],"5008258":[21,"岐阜市","西川手"],"5008121":[21,"岐阜市","上加納山"],"5008145":[21,"岐阜市","雲井町"],"5008082":[21,"岐阜市","矢島町"],"5008555":[21,"岐阜市","宇佐南","１丁目６－８"],"5008017":[21,"岐阜市","梶川町"],"5008311":[21,"岐阜市","長者町"],"5008179":[21,"岐阜市","元住町"],"5008061":[21,"岐阜市","小熊町"],"5008605":[21,"岐阜市","茜部中島","２丁目６６－６"],"5008078":[21,"岐阜市","柳生町"],"5008357":[21,"岐阜市","六条大溝"],"5008037":[21,"岐阜市","下新町"],"5008540":[21,"岐阜市","金町","５丁目２４川紡住生ビル六階"],"5008462":[21,"岐阜市","加納神明町"],"5008861":[21,"岐阜市","千手堂北町"],"5008702":[21,"岐阜市","美江寺町","２丁目５"],"5008812":[21,"岐阜市","美江寺町"],"5008846":[21,"岐阜市","玉姓町"],"5008035":[21,"岐阜市","布屋町"],"5008152":[21,"岐阜市","入舟町"],"5008024":[21,"岐阜市","上新町"],"5008285":[21,"岐阜市","南鶉"],"5008241":[21,"岐阜市","領下"],"5008825":[21,"岐阜市","八ツ寺町"],"5008326":[21,"岐阜市","吹上町"],"5008164":[21,"岐阜市","鶴田町"],"5008403":[21,"岐阜市","一松道"],"5008066":[21,"岐阜市","下太田町"],"5008034":[21,"岐阜市","本町"],"5008753":[21,"岐阜市","東金宝町","１丁目１７"],"5008125":[21,"岐阜市","城望町"],"5008487":[21,"岐阜市","加納長刀堀"],"5008385":[21,"岐阜市","下奈良"],"5008226":[21,"岐阜市","野一色"],"5008522":[21,"岐阜市","加納神明町","２丁目８"],"5008475":[21,"岐阜市","加納坂井町"],"5008805":[21,"岐阜市","忠節三丁目南町"],"5008334":[21,"岐阜市","葭町"],"5008103":[21,"岐阜市","藍川町"],"5008027":[21,"岐阜市","中大桑町"],"5008281":[21,"岐阜市","東鶉"],"5008347":[21,"岐阜市","松原町"],"5008075":[21,"岐阜市","室町"],"5008742":[21,"岐阜市","西川手","５丁目６６"],"5008677":[21,"岐阜市","玉姓町","３丁目２５"],"5008271":[21,"岐阜市","加納堀田町"],"5008114":[21,"岐阜市","金竜町"],"5008476":[21,"岐阜市","加納愛宕町"],"5008163":[21,"岐阜市","鶴舞町"],"5008183":[21,"岐阜市","一番町"],"5008607":[21,"岐阜市","茜部新所","２丁目５"],"5008748":[21,"岐阜市","金町","８丁目１番地フロンティア丸杉ビル"],"5008842":[21,"岐阜市","金町"],"5008666":[21,"岐阜市","都通","４丁目８"],"5008752":[21,"岐阜市","鶴田町","３丁目２４"],"5008153":[21,"岐阜市","石長町"],"5008503":[21,"岐阜市","薮田南","５丁目１４－５３"],"5008257":[21,"岐阜市","東川手"],"5008734":[21,"岐阜市","千畳敷下","２５７"],"5008014":[21,"岐阜市","夕陽ケ丘"],"5008685":[21,"岐阜市","金町","５丁目２０番地"],"5008874":[21,"岐阜市","銀町"],"5008009":[21,"岐阜市","湊町"],"5008806":[21,"岐阜市","天神町"],"5008178":[21,"岐阜市","清住町"],"5008837":[21,"岐阜市","玉森町"],"5008639":[21,"岐阜市","六条南","１丁目１６－１６"],"5008312":[21,"岐阜市","村雨町"],"5008135":[21,"岐阜市","織田塚町"],"5008026":[21,"岐阜市","上大久和町"],"5008067":[21,"岐阜市","秋津町"],"5008386":[21,"岐阜市","薮田西"],"5008074":[21,"岐阜市","七軒町"],"5008158":[21,"岐阜市","田神"],"5008457":[21,"岐阜市","加納青藤町"],"5008238":[21,"岐阜市","細畑"],"5008081":[21,"岐阜市","啓運町"],"5008146":[21,"岐阜市","九重町"],"5008703":[21,"岐阜市","香蘭","１丁目１番地"],"5008737":[21,"岐阜市","須賀","１丁目２－１６"],"5008109":[21,"岐阜市","朝日町"],"5008468":[21,"岐阜市","加納桜田町"],"5008438":[21,"岐阜市","島原町"],"5008557":[21,"岐阜市","橋本町","２丁目２０"],"5008620":[21,"岐阜市","北鶉","５丁目５７番地"],"5008358":[21,"岐阜市","六条南"],"5008413":[21,"岐阜市","加納東陽町"],"5008307":[21,"岐阜市","弁天町"],"5008325":[21,"岐阜市","寿町"],"5008562":[21,"岐阜市","神田町","６丁目１１番地"],"5008237":[21,"岐阜市","切通"],"5008242":[21,"岐阜市","細畑野寄"],"5008556":[21,"岐阜市","神田町","７丁目１２"],"5008165":[21,"岐阜市","老松町"],"5008282":[21,"岐阜市","茜部大川"],"5008876":[21,"岐阜市","日ノ出町"],"5008057":[21,"岐阜市","上竹町"],"5008447":[21,"岐阜市","大倉町"],"5008474":[21,"岐阜市","加納本町"],"5008645":[21,"岐阜市","六条南","３丁目１０－１０"],"5008824":[21,"岐阜市","北八ツ寺町"],"5008102":[21,"岐阜市","粕森町"],"5008425":[21,"岐阜市","加納新町"],"5008176":[21,"岐阜市","県町"],"5008521":[21,"岐阜市","橋本町","１丁目１０番地２３"],"5008259":[21,"岐阜市","水主町"],"5008567":[21,"岐阜市","加納清水町","４丁目２２"],"5008811":[21,"岐阜市","端詰町"],"5008743":[21,"岐阜市","畷町","５"],"5008182":[21,"岐阜市","美殿町"],"5008113":[21,"岐阜市","金園町"],"5008339":[21,"岐阜市","千鳥町"],"5008184":[21,"岐阜市","西駒爪町"],"5008489":[21,"岐阜市","稲荷山"],"5008341":[21,"岐阜市","南本荘四条通"],"5008333":[21,"岐阜市","此花町"],"5008640":[21,"岐阜市","六条南","３丁目９－７"],"5008223":[21,"岐阜市","水海道"],"5008486":[21,"岐阜市","加納城南通"],"5008348":[21,"岐阜市","三ツ又町"],"5008461":[21,"岐阜市","加納黒木町"],"5008891":[21,"岐阜市","香蘭"],"5008267":[21,"岐阜市","茜部寺屋敷"],"5008439":[21,"岐阜市","村里町"],"5008655":[21,"岐阜市","三歳町","３丁目１１－７"],"5008458":[21,"岐阜市","加納村松町"],"5008313":[21,"岐阜市","鍵屋中町"],"5008154":[21,"岐阜市","木ノ下町"],"5008229":[21,"岐阜市","長森岩戸"],"5008256":[21,"岐阜市","八坂町"],"5008043":[21,"岐阜市","伊奈波通"],"5000000":[21,"岐阜市",""],"5008436":[21,"岐阜市","東明見町"],"5008087":[21,"岐阜市","堀江町"],"5008635":[21,"岐阜市","宇佐南","２丁目３－８"],"5008079":[21,"岐阜市","御杉町"],"5008844":[21,"岐阜市","吉野町"],"5008371":[21,"岐阜市","梅園町"],"5008751":[21,"岐阜市","鶴田町","３丁目７－１"],"5008362":[21,"岐阜市","西荘"],"5008076":[21,"岐阜市","司町"],"5008443":[21,"岐阜市","神楽町"],"5008765":[21,"岐阜市","野一色","４丁目１７番１号"],"5008266":[21,"岐阜市","境川"],"5008073":[21,"岐阜市","泉町"],"5008243":[21,"岐阜市","細畑華南"],"5008134":[21,"岐阜市","岩栄町"],"5008279":[21,"岐阜市","加納梅田町"],"5008374":[21,"岐阜市","豊岡町"],"5008161":[21,"岐阜市","茨木町"],"5008157":[21,"岐阜市","五坪"],"5008834":[21,"岐阜市","羽根町"],"5008638":[21,"岐阜市","六条大溝","３丁目１３番３号"],"5008342":[21,"岐阜市","南本荘三条通"],"5008324":[21,"岐阜市","早苗町"],"5008813":[21,"岐阜市","明徳町"],"5008349":[21,"岐阜市","久保見町"],"5008467":[21,"岐阜市","加納三笠町"],"5008055":[21,"岐阜市","笹土居町"],"5008823":[21,"岐阜市","江川町"],"5008274":[21,"岐阜市","加納鷹匠町"],"5008473":[21,"岐阜市","加納天神町"],"5008132":[21,"岐阜市","尼ケ崎町"],"5008032":[21,"岐阜市","中新町"],"5008822":[21,"岐阜市","今沢町"],"5008720":[21,"岐阜市","神田町","１丁目１１"],"5008185":[21,"岐阜市","元町"],"5008058":[21,"岐阜市","常盤町"],"5008008":[21,"岐阜市","玉井町"],"5008488":[21,"岐阜市","加納西丸町"],"5008224":[21,"岐阜市","高田"],"5008011":[21,"岐阜市","木挽町"],"5008089":[21,"岐阜市","若松町"],"5008105":[21,"岐阜市","西園町"],"5008482":[21,"岐阜市","加納大手町"],"5008426":[21,"岐阜市","加納南広江町"],"5008411":[21,"岐阜市","安宅町"],"5008444":[21,"岐阜市","西明見町"],"5008261":[21,"岐阜市","茜部大野"],"5008667":[21,"岐阜市","橋本町","２丁目８濃飛ニッセイビル"],"5008355":[21,"岐阜市","六条片田"],"5008409":[21,"岐阜市","幸ノ町"],"5008406":[21,"岐阜市","平安町"],"5008323":[21,"岐阜市","鹿島町"],"5008221":[21,"岐阜市","天池"],"5008852":[21,"岐阜市","日ノ本町"],"5008523":[21,"岐阜市","橋本町","３丁目２３"],"5008382":[21,"岐阜市","薮田東"],"5008865":[21,"岐阜市","昭和町"],"5008234":[21,"岐阜市","芋島"],"5008004":[21,"岐阜市","千畳敷"],"5008601":[21,"岐阜市","茜部中島","２丁目９"],"5008882":[21,"岐阜市","西野町"],"5008851":[21,"岐阜市","大宝町"],"5008273":[21,"岐阜市","加納矢場町"],"5008288":[21,"岐阜市","中鶉"],"5008414":[21,"岐阜市","加納東広江町"],"5008306":[21,"岐阜市","鍵屋東町"],"5008365":[21,"岐阜市","柳森町"],"5008828":[21,"岐阜市","若宮町"],"5008401":[21,"岐阜市","安良田町"],"5008042":[21,"岐阜市","末広町"],"5008244":[21,"岐阜市","細畑塚浦"],"5008314":[21,"岐阜市","鍵屋西町"],"5008550":[21,"岐阜市","竜田町","４丁目８"],"5008072":[21,"岐阜市","緑町"],"5008442":[21,"岐阜市","正法寺町"],"5008156":[21,"岐阜市","祈年町"],"5008671":[21,"岐阜市","金町","６丁目４番地"],"5008112":[21,"岐阜市","梅林南町"],"5008466":[21,"岐阜市","加納本石町"],"5008558":[21,"岐阜市","加納桜田町","１丁目１番地"],"5008858":[21,"岐阜市","福住町"],"5008459":[21,"岐阜市","加納高柳町"],"5008872":[21,"岐阜市","栄枝町"],"5008505":[21,"岐阜市","薮田南","５丁目１４番５３号"],"5008372":[21,"岐阜市","熊野町"],"5008845":[21,"岐阜市","問屋町"],"5008265":[21,"岐阜市","茜部神清寺"],"5008427":[21,"岐阜市","加納大石町"],"5008086":[21,"岐阜市","木造町"],"5008510":[21,"岐阜市","薮田南","３丁目５－１１"],"5008332":[21,"岐阜市","羽衣町"],"5008301":[21,"岐阜市","浪花町"],"5008707":[21,"岐阜市","美江寺町","２丁目５"],"5008322":[21,"岐阜市","香取町"],"5008428":[21,"岐阜市","加納桜道"],"5008676":[21,"岐阜市","加納城南通","１丁目１８－３"],"5008356":[21,"岐阜市","六条江東"],"5008722":[21,"岐阜市","九重町","４丁目２０番地"],"5008029":[21,"岐阜市","東材木町"],"5008739":[21,"岐阜市","金町","４－３０明治安田生命岐阜金町ビル５階"],"5008272":[21,"岐阜市","加納奥平町"],"5008162":[21,"岐阜市","高尾町"],"5008412":[21,"岐阜市","松鴻町"],"5008088":[21,"岐阜市","四屋町"],"5008222":[21,"岐阜市","琴塚"],"5008309":[21,"岐阜市","都通"],"5008750":[21,"岐阜市","鶴田町","３丁目７－１１"],"5008128":[21,"岐阜市","花月町"],"5008687":[21,"岐阜市","玉宮町","１丁目１１"],"5008524":[21,"岐阜市","金町","５丁目２４"],"5008533":[21,"岐阜市","加納坂井町","２"],"5008054":[21,"岐阜市","大門町"],"5008408":[21,"岐阜市","住ノ江町"],"5008144":[21,"岐阜市","東栄町"],"5008618":[21,"岐阜市","加納西丸町","１丁目２７"],"5008142":[21,"岐阜市","花沢町"],"5008804":[21,"岐阜市","京町"],"5008889":[21,"岐阜市","大縄場"],"5008715":[21,"岐阜市","梅ケ枝町","２丁目３１番地"],"5008021":[21,"岐阜市","上茶屋町"],"5008829":[21,"岐阜市","杉山町"],"5008668":[21,"岐阜市","城東通","５丁目５番地丸杉センタービル７Ｆ"],"5008137":[21,"岐阜市","東興町"],"5008255":[21,"岐阜市","朝霧町"],"5008361":[21,"岐阜市","本荘西"],"5008155":[21,"岐阜市","市ノ坪町"],"5008718":[21,"岐阜市","日野東","５丁目１－１"],"5008171":[21,"岐阜市","高森町"],"5008721":[21,"岐阜市","神田町","９丁目２７番地大岐阜ビル１２階"],"5008472":[21,"岐阜市","加納清野町"],"5008379":[21,"岐阜市","権現町"],"5008287":[21,"岐阜市","北鶉"],"5008445":[21,"岐阜市","八島町"],"5008235":[21,"岐阜市","東中島"],"5008174":[21,"岐阜市","栗矢田町"],"5008883":[21,"岐阜市","吾妻町"],"5008286":[21,"岐阜市","西鶉"],"5008670":[21,"岐阜市","金町","６丁目４岐阜東京海上ビル１１階"],"5008119":[21,"岐阜市","梅林西町"],"5008421":[21,"岐阜市","加納新柳町"],"5008366":[21,"岐阜市","宇佐東町"],"5008437":[21,"岐阜市","石切町"],"5008104":[21,"岐阜市","美園町"],"5008213":[21,"岐阜市","日野西"],"5008059":[21,"岐阜市","栄扇町"]}
