{"1408525":[13,"品川区","東大井","１丁目８－１０"],"1408551":[13,"品川区","南大井","３丁目２８－１０"],"1400000":[13,"品川区",""],"1408672":[13,"品川区","南品川","２丁目６番１２号"],"1408572":[13,"品川区","南大井","６丁目２７－１８日立大森第二別館"],"1408634":[13,"品川区","東品川","２丁目２－２０天王洲郵船ビル"],"1408611":[13,"品川区","東品川","３丁目２０－１７"],"1408715":[13,"品川区","広町","２丁目１－３６"],"1408710":[13,"品川区","広町","１丁目２－５８"],"1408677":[13,"品川区","南品川","４－７－１６"],"1400013":[13,"品川区","南大井"],"1408583":[13,"品川区","東品川","１－３９－９"],"1408539":[13,"品川区","東大井","５丁目２２－５"],"1400001":[13,"品川区","北品川"],"1408576":[13,"品川区","南大井","６丁目２０－１２"],"1408536":[13,"品川区","南大井","３丁目２８－３大森プラザビル"],"1408511":[13,"品川区","大井","１丁目４７－１"],"1400003":[13,"品川区","八潮"],"1408523":[13,"品川区","東大井","１丁目９－３５"],"1408711":[13,"品川区","広町","１丁目４－２２"],"1408655":[13,"品川区","東品川","３丁目３２－３"],"1408506":[13,"品川区","東品川","４丁目１２－２"],"1408709":[13,"品川区","北品川","４丁目１１－９"],"1408617":[13,"品川区","東品川","２丁目２－２４"],"1408537":[13,"品川区","東大井","５丁目２３番３７号"],"1408580":[13,"品川区","勝島","１丁目５－２１"],"1408625":[13,"品川区","東品川","２丁目４－１１"],"1408601":[13,"品川区","西大井","１丁目６－３"],"1408658":[13,"品川区","東品川","２丁目４－１１"],"1408516":[13,"品川区","大井","１丁目２３－３"],"1408688":[13,"品川区","北品川","１丁目１９－４"],"1408656":[13,"品川区","東品川","２－４－１１野村不動産天王洲ビル"],"1408650":[13,"品川区","東品川","２丁目２－４"],"1408722":[13,"品川区","南大井","６－２６－１"],"1408571":[13,"品川区","南大井","６丁目２６－２"],"1408538":[13,"品川区","東大井","１丁目９－３７"],"1408666":[13,"品川区","南品川","４丁目９－５"],"1408639":[13,"品川区","東品川","２丁目３－１４"],"1408687":[13,"品川区","東品川","４丁目１２－８品川シーサイドイーストタワー８Ｆ"],"1408573":[13,"品川区","南大井","６丁目２６－２大森ベルポートＢ館"],"1408637":[13,"品川区","東品川","２－４－１１"],"1408512":[13,"品川区","南大井","６－２３－１"],"1408613":[13,"品川区","勝島","１丁目５－２１"],"1408560":[13,"品川区","南大井","６丁目８－２"],"1408644":[13,"品川区","東品川","２丁目５－８天王州パークサイドビル"],"1408675":[13,"品川区","南品川","４丁目１－１５"],"1408541":[13,"品川区","東品川","３丁目３１－８"],"1408680":[13,"品川区","北品川","３丁目６－７"],"1408590":[13,"品川区","東品川","４丁目５－１５"],"1408567":[13,"品川区","南大井","６丁目２６－１"],"1408507":[13,"品川区","大井","１丁目２２－１３"],"1408543":[13,"品川区","南大井","３丁目２－２"],"1408623":[13,"品川区","東品川","２丁目２－４"],"1408515":[13,"品川区","大井","１丁目４７－１"],"1408640":[13,"品川区","東品川","４丁目３－１"],"1408540":[13,"品川区","南大井","３丁目２－６"],"1408721":[13,"品川区","南品川","３丁目６－３３"],"1408670":[13,"品川区","南品川","６丁目１－５"],"1400002":[13,"品川区","東品川"],"1408502":[13,"品川区","南大井","６丁目２１－１２"],"1408619":[13,"品川区","東品川","２丁目３－１２シーフォートスクエアセンタービルディング"],"1408526":[13,"品川区","東品川","２－４－１１"],"1408615":[13,"品川区","東品川","２丁目６－１０"],"1408614":[13,"品川区","東品川","２丁目５－８"],"1408505":[13,"品川区","大井","３丁目９－１６"],"1408566":[13,"品川区","南大井","６丁目５－８"],"1408631":[13,"品川区","東品川","２丁目３－１２"],"1408788":[13,"品川区","東品川","４丁目１２－３"],"1408616":[13,"品川区","東品川","２丁目５－８"],"1408529":[13,"品川区","東品川","４丁目１２－２"],"1408549":[13,"品川区","南大井","６丁目２２番７号"],"1408661":[13,"品川区","南品川","５丁目１１－４５"],"1408530":[13,"品川区","東大井","１丁目８－１９"],"1408533":[13,"品川区","東大井","２丁目６－９"],"1408653":[13,"品川区","東品川","２丁目４－１１"],"1408628":[13,"品川区","東品川","２丁目２－２０天王洲郵船ビル"],"1408563":[13,"品川区","南大井","２丁目１０－６"],"1408682":[13,"品川区","東大井","１－１２－５"],"1408702":[13,"品川区","北品川","４－１０－９"],"1408626":[13,"品川区","東品川","２丁目２－２０天王洲郵船ビル１３階"],"1408548":[13,"品川区","南大井","６丁目２２番７号"],"1408531":[13,"品川区","東大井","２丁目２－１"],"1408630":[13,"品川区","東品川","２丁目２－２４"],"1400004":[13,"品川区","南品川"],"1408508":[13,"品川区","大井","１丁目２０－１０"],"1400012":[13,"品川区","勝島"],"1408520":[13,"品川区","東大井","５丁目２４－１５"],"1408716":[13,"品川区","広町","２丁目１－３６"],"1408707":[13,"品川区","北品川","３丁目３－１２"],"1400014":[13,"品川区","大井"],"1408550":[13,"品川区","北品川","４丁目７－３５御殿山トラストタワー７Ｆ"],"1408668":[13,"品川区","南品川","４丁目２－３６"],"1408547":[13,"品川区","南大井","５丁目１９－８"],"1408552":[13,"品川区","南大井","２丁目９－９"],"1400015":[13,"品川区","西大井"],"1408717":[13,"品川区","広町","２丁目１－３６"],"1400005":[13,"品川区","広町"],"1408621":[13,"品川区","東品川","２丁目２－８"],"1400011":[13,"品川区","東大井"],"1408558":[13,"品川区","南大井","３丁目１８－７"],"1408660":[13,"品川区","南品川","２丁目２－１３"],"1408521":[13,"品川区","東大井","１丁目６－１"],"1408678":[13,"品川区","南品川","２丁目１６－６"]}
