{"4150322":[22,"賀茂郡南伊豆町","岩殿"],"4150153":[22,"賀茂郡南伊豆町","手石"],"4158511":[22,"下田市","吉佐美","２０４８"],"4158525":[22,"下田市","白浜","１５４７－１"],"4150154":[22,"賀茂郡南伊豆町","下流"],"4150324":[22,"賀茂郡南伊豆町","上小野"],"4150029":[22,"下田市","田牛"],"4150155":[22,"賀茂郡南伊豆町","大瀬"],"4150301":[22,"賀茂郡南伊豆町","一條"],"4158523":[22,"下田市","中","５３７－１"],"4150014":[22,"下田市","須崎"],"4150321":[22,"賀茂郡南伊豆町","毛倉野"],"4150021":[22,"下田市","一丁目"],"4150314":[22,"賀茂郡南伊豆町","蝶ケ野"],"4150016":[22,"下田市","中"],"4158517":[22,"下田市","東本郷","１丁目１６－８"],"4150026":[22,"下田市","六丁目"],"4158526":[22,"下田市","六丁目","４－１"],"4150023":[22,"下田市","三丁目"],"4158527":[22,"下田市","蓮台寺","１５２"],"4150194":[22,"賀茂郡南伊豆町","青市","１０３１－１"],"4150392":[22,"賀茂郡南伊豆町","下賀茂","３２８－２"],"4150012":[22,"下田市","白浜"],"4158502":[22,"下田市","三丁目","２２－３１"],"4158518":[22,"下田市","東本郷","１丁目１２－８"],"4150304":[22,"賀茂郡南伊豆町","加納"],"4150152":[22,"賀茂郡南伊豆町","湊"],"4150311":[22,"賀茂郡南伊豆町","中木"],"4150001":[22,"下田市",""],"4150018":[22,"下田市","西中"],"4158514":[22,"下田市","柿崎","３－８"],"4150039":[22,"下田市","大沢"],"4158515":[22,"下田市","六丁目","３－２６"],"4150302":[22,"賀茂郡南伊豆町","上賀茂"],"4150531":[22,"賀茂郡南伊豆町","一町田"],"4158510":[22,"下田市","五丁目","１２－１"],"4150013":[22,"下田市","柿崎"],"4150027":[22,"下田市","旧岡方村"],"4150037":[22,"下田市","敷根"],"4158520":[22,"下田市","四丁目","７－３４"],"4150036":[22,"下田市","西本郷"],"4150156":[22,"賀茂郡南伊豆町","石廊崎"],"4158509":[22,"下田市","四丁目","５－２６"],"4150151":[22,"賀茂郡南伊豆町","青市"],"4150024":[22,"下田市","四丁目"],"4150011":[22,"下田市","河内"],"4150017":[22,"下田市","東中"],"4150325":[22,"賀茂郡南伊豆町","市之瀬"],"4158522":[22,"下田市","一丁目","１２－３"],"4150035":[22,"下田市","東本郷"],"4158508":[22,"下田市","二丁目","１－１４"],"4158602":[22,"下田市","一丁目","１９－１"],"4150038":[22,"下田市","大賀茂"],"4150193":[22,"賀茂郡南伊豆町","湊","６７４"],"4150300":[22,"賀茂郡南伊豆町",""],"4150313":[22,"賀茂郡南伊豆町","一色"],"4150022":[22,"下田市","二丁目"],"4158505":[22,"下田市","","１－４－２８"],"4150326":[22,"賀茂郡南伊豆町","蛇石"],"4158513":[22,"下田市","中","４６７"],"4150000":[22,"下田市",""],"4150032":[22,"下田市","立野"],"4150532":[22,"賀茂郡南伊豆町","子浦"],"4158506":[22,"下田市","","１－４－２８"],"4150323":[22,"賀茂郡南伊豆町","川合野"],"4150303":[22,"賀茂郡南伊豆町","下賀茂"],"4150028":[22,"下田市","吉佐美"],"4158512":[22,"下田市","白浜","２７３２－７"],"4158530":[22,"下田市","東本郷","１丁目６－２３"],"4158507":[22,"下田市","東本郷","１丁目１９－１７"],"4150327":[22,"賀茂郡南伊豆町","青野"],"4150192":[22,"賀茂郡南伊豆町","湊","８８８"],"4158611":[22,"下田市","中","４１１－１"],"4150533":[22,"賀茂郡南伊豆町","立岩"],"4150312":[22,"賀茂郡南伊豆町","入間"],"4150033":[22,"下田市","本郷"],"4158603":[22,"下田市","二丁目","１２－１７"],"4150031":[22,"下田市","蓮台寺"],"4158516":[22,"下田市","中","５４１－１"],"4150305":[22,"賀茂郡南伊豆町","二條"],"4158501":[22,"下田市","東本郷","１丁目５－１８"],"4158524":[22,"下田市","西本郷","２丁目５－３３"],"4150306":[22,"賀茂郡南伊豆町","石井"],"4158521":[22,"下田市","西本郷","１丁目５－２"],"4150015":[22,"下田市","武ガ浜"],"4150025":[22,"下田市","五丁目"],"4158528":[22,"下田市","東中","７－８"],"4150034":[22,"下田市","高馬"]}
