{"3280035":[9,"栃木市","旭町"],"3288585":[9,"栃木市","片柳町","２丁目１－４６"],"3280006":[9,"栃木市","国府町"],"3280007":[9,"栃木市","大塚町"],"3280024":[9,"栃木市","樋ノ口町"],"3280036":[9,"栃木市","室町"],"3280204":[9,"栃木市","梅沢町"],"3288555":[9,"栃木市","沼和田町","２３－５"],"3280023":[9,"栃木市","高谷町"],"3280201":[9,"栃木市","星野町"],"3280205":[9,"栃木市","鍋山町"],"3288502":[9,"栃木市","大宮町","２３８８番地"],"3280003":[9,"栃木市","大光寺町"],"3280026":[9,"栃木市","藤田町"],"3280002":[9,"栃木市","惣社町"],"3280062":[9,"栃木市","泉川町"],"3280075":[9,"栃木市","箱森町"],"3280212":[9,"鹿沼市","下永野"],"3288533":[9,"栃木市","城内町","１－２－１２"],"3280135":[9,"栃木市","千塚町"],"3280112":[9,"栃木市","都賀町平川"],"3280022":[9,"栃木市","宮田町"],"3280132":[9,"栃木市","仲方町"],"3280000":[9,"栃木市",""],"3280134":[9,"栃木市","宮町"],"3280074":[9,"栃木市","薗部町"],"3280051":[9,"栃木市","柳橋町"],"3280104":[9,"栃木市","都賀町木"],"3280052":[9,"栃木市","祝町"],"3288504":[9,"栃木市","神田町","６－６"],"3280042":[9,"栃木市","沼和田町"],"3280017":[9,"栃木市","錦町"],"3280111":[9,"栃木市","都賀町家中"],"3280001":[9,"栃木市","柳原町"],"3280033":[9,"栃木市","城内町"],"3280004":[9,"栃木市","田村町"],"3280113":[9,"栃木市","都賀町合戦場"],"3280054":[9,"栃木市","平井町"],"3288505":[9,"栃木市","富士見町","５番３２号"],"3288503":[9,"栃木市","国府町","１"],"3280065":[9,"栃木市","小野口町"],"3280133":[9,"栃木市","大森町"],"3280131":[9,"栃木市","梓町"],"3280037":[9,"栃木市","倭町"],"3280061":[9,"栃木市","新井町"],"3280072":[9,"栃木市","嘉右衛門町"],"3280107":[9,"栃木市","都賀町深沢"],"3280053":[9,"栃木市","片柳町"],"3280045":[9,"栃木市","湊町"],"3280106":[9,"栃木市","都賀町大橋"],"3280124":[9,"栃木市","野中町"],"3280067":[9,"栃木市","皆川城内町"],"3280073":[9,"栃木市","小平町"],"3280064":[9,"栃木市","志鳥町"],"3280211":[9,"鹿沼市","上永野"],"3280012":[9,"栃木市","平柳町"],"3280221":[9,"佐野市","仙波町"],"3280103":[9,"栃木市","都賀町原宿"],"3288586":[9,"栃木市","泉川町","５５６"],"3288686":[9,"栃木市","入舟町","７－２６"],"3280014":[9,"栃木市","泉町"],"3288550":[9,"栃木市","惣社町","２４８４"],"3280066":[9,"栃木市","柏倉町"],"3280071":[9,"栃木市","大町"],"3288558":[9,"栃木市","河合町","１２番２号"],"3280123":[9,"栃木市","川原田町"],"3280044":[9,"栃木市","富士見町"],"3280027":[9,"栃木市","今泉町"],"3280202":[9,"栃木市","大久保町"],"3280031":[9,"栃木市","日ノ出町"],"3280102":[9,"栃木市","都賀町富張"],"3280105":[9,"栃木市","都賀町臼久保"],"3280015":[9,"栃木市","万町"],"3280041":[9,"栃木市","河合町"],"3280011":[9,"栃木市","大宮町"],"3280016":[9,"栃木市","入舟町"],"3280043":[9,"栃木市","境町"],"3280032":[9,"栃木市","神田町"],"3280063":[9,"栃木市","岩出町"],"3280068":[9,"栃木市","大皆川町"],"3280034":[9,"栃木市","本町"],"3288666":[9,"栃木市","本町","１７－７"],"3288501":[9,"栃木市","箱森町","３７－９"],"3280025":[9,"栃木市","仲仕上町"],"3280206":[9,"栃木市","出流町"],"3280125":[9,"栃木市","吹上町"],"3280203":[9,"栃木市","尻内町"],"3288556":[9,"栃木市","国府町","１５０"],"3280122":[9,"栃木市","木野地町"],"3280121":[9,"栃木市","細堀町"],"3280021":[9,"栃木市","久保田町"],"3280192":[9,"栃木市","都賀町家中","５９８２番地１"],"3280114":[9,"栃木市","都賀町升塚"],"3288668":[9,"栃木市","倭町","１１－１"],"3280005":[9,"栃木市","寄居町"],"3280101":[9,"栃木市","都賀町大柿"],"3280013":[9,"栃木市","昭和町"],"3288588":[9,"栃木市","平井町","６０８"]}
