{"2210077":[14,"横浜市神奈川区","白幡向町"],"2210043":[14,"横浜市神奈川区","新町"],"2210863":[14,"横浜市神奈川区","羽沢町"],"2210832":[14,"横浜市神奈川区","桐畑"],"2218686":[14,"横浜市神奈川区","六角橋","３丁目２７－１"],"2210021":[14,"横浜市神奈川区","子安通"],"2210003":[14,"横浜市神奈川区","大口仲町"],"2210073":[14,"横浜市神奈川区","白幡南町"],"2218537":[14,"横浜市神奈川区","栄町","７－１"],"2218588":[14,"横浜市神奈川区","金港町","５番地１０"],"2210057":[14,"横浜市神奈川区","青木町"],"2210835":[14,"横浜市神奈川区","鶴屋町"],"2210825":[14,"横浜市神奈川区","反町"],"2210866":[14,"横浜市神奈川区","羽沢南"],"2210865":[14,"横浜市神奈川区","片倉"],"2210051":[14,"横浜市神奈川区","幸ケ谷"],"2210074":[14,"横浜市神奈川区","白幡西町"],"2210064":[14,"横浜市神奈川区","鳥越"],"2210822":[14,"横浜市神奈川区","西神奈川"],"2210023":[14,"横浜市神奈川区","宝町"],"2210035":[14,"横浜市神奈川区","星野町"],"2210005":[14,"横浜市神奈川区","松見町"],"2218702":[14,"横浜市神奈川区","鶴屋町","３丁目３２－１"],"2218511":[14,"横浜市神奈川区","東神奈川","２丁目４３－１"],"2210004":[14,"横浜市神奈川区","西大口"],"2218523":[14,"横浜市神奈川区","新子安","１丁目１８－１"],"2218611":[14,"横浜市神奈川区","反町","１丁目６－２"],"2210813":[14,"横浜市神奈川区","二本榎"],"2210024":[14,"横浜市神奈川区","恵比須町"],"2218558":[14,"横浜市神奈川区","新浦島町","１丁目１－２５"],"2210063":[14,"横浜市神奈川区","立町"],"2210072":[14,"横浜市神奈川区","白幡東町"],"2210812":[14,"横浜市神奈川区","平川町"],"2210062":[14,"横浜市神奈川区","浦島丘"],"2210841":[14,"横浜市神奈川区","松本町"],"2218705":[14,"横浜市神奈川区","鶴屋町","３丁目３３番８号アサヒビルヂング８階"],"2210071":[14,"横浜市神奈川区","白幡仲町"],"2210012":[14,"横浜市神奈川区","子安台"],"2210032":[14,"横浜市神奈川区","出田町"],"2210814":[14,"横浜市神奈川区","旭ケ丘"],"2210036":[14,"横浜市神奈川区","千若町"],"2210065":[14,"横浜市神奈川区","白楽"],"2210013":[14,"横浜市神奈川区","新子安"],"2210853":[14,"横浜市神奈川区","三ツ沢東町"],"2218560":[14,"横浜市神奈川区","栄町","１－１"],"2218666":[14,"横浜市神奈川区","台町","１５番地１"],"2210000":[14,"横浜市神奈川区",""],"2210014":[14,"横浜市神奈川区","入江"],"2210046":[14,"横浜市神奈川区","神奈川本町"],"2210856":[14,"横浜市神奈川区","三ツ沢上町"],"2210843":[14,"横浜市神奈川区","松ケ丘"],"2210833":[14,"横浜市神奈川区","高島台"],"2210823":[14,"横浜市神奈川区","二ツ谷町"],"2210011":[14,"横浜市神奈川区","神之木台"],"2210854":[14,"横浜市神奈川区","三ツ沢南町"],"2218712":[14,"横浜市神奈川区","羽沢町","１６３８－１"],"2218522":[14,"横浜市神奈川区","新浦島町","１丁目１－２５テクノウェイブ１００"],"2210042":[14,"横浜市神奈川区","浦島町"],"2210801":[14,"横浜市神奈川区","神大寺"],"2210855":[14,"横浜市神奈川区","三ツ沢西町"],"2210031":[14,"横浜市神奈川区","新浦島町"],"2210033":[14,"横浜市神奈川区","鈴繁町"],"2210053":[14,"横浜市神奈川区","橋本町"],"2210061":[14,"横浜市神奈川区","七島町"],"2210054":[14,"横浜市神奈川区","山内町"],"2210045":[14,"横浜市神奈川区","神奈川"],"2210056":[14,"横浜市神奈川区","金港町"],"2218741":[14,"横浜市神奈川区","片倉","２丁目３７番１１号"],"2210844":[14,"横浜市神奈川区","沢渡"],"2218688":[14,"横浜市神奈川区","高島台","１２－３"],"2218703":[14,"横浜市神奈川区","鶴屋町","２丁目２３番地２"],"2210076":[14,"横浜市神奈川区","白幡町"],"2218550":[14,"横浜市神奈川区","入江","２丁目５番１２号"],"2210044":[14,"横浜市神奈川区","東神奈川"],"2210834":[14,"横浜市神奈川区","台町"],"2210804":[14,"横浜市神奈川区","栗田谷"],"2210055":[14,"横浜市神奈川区","大野町"],"2210811":[14,"横浜市神奈川区","斎藤分町"],"2210821":[14,"横浜市神奈川区","富家町"],"2218765":[14,"横浜市神奈川区","鶴屋町","２丁目２１－８第一安田ビル"],"2210002":[14,"横浜市神奈川区","大口通"],"2210824":[14,"横浜市神奈川区","広台太田町"],"2210842":[14,"横浜市神奈川区","泉町"],"2210831":[14,"横浜市神奈川区","上反町"],"2210052":[14,"横浜市神奈川区","栄町"],"2218701":[14,"横浜市神奈川区","片倉","１丁目２－２３"],"2218623":[14,"横浜市神奈川区","新子安","１丁目３３"],"2210862":[14,"横浜市神奈川区","三枚町"],"2210022":[14,"横浜市神奈川区","守屋町"],"2210864":[14,"横浜市神奈川区","菅田町"],"2218540":[14,"横浜市神奈川区","金港町","３－１コンカード横浜８Ｆ"],"2210041":[14,"横浜市神奈川区","亀住町"],"2210075":[14,"横浜市神奈川区","白幡上町"],"2210034":[14,"横浜市神奈川区","瑞穂町"],"2210015":[14,"横浜市神奈川区","神之木町"],"2210001":[14,"横浜市神奈川区","西寺尾"],"2218520":[14,"横浜市神奈川区","新浦島町","１丁目１－２５"],"2210803":[14,"横浜市神奈川区","中丸"],"2210852":[14,"横浜市神奈川区","三ツ沢下町"],"2218517":[14,"横浜市神奈川区","恵比須町","８番地"],"2210851":[14,"横浜市神奈川区","三ツ沢中町"],"2210802":[14,"横浜市神奈川区","六角橋"]}
