{"5220052":[25,"彦根市","長曽根南町"],"5220055":[25,"彦根市","野瀬町"],"5220341":[25,"犬上郡多賀町","多賀"],"5220327":[25,"犬上郡多賀町","南後谷"],"5228520":[25,"彦根市","岡町","３３"],"5220223":[25,"彦根市","川瀬馬場町"],"5220069":[25,"彦根市","馬場"],"5220303":[25,"犬上郡多賀町","屏風"],"5220003":[25,"彦根市","宮田町"],"5220233":[25,"彦根市","辻堂町"],"5220323":[25,"犬上郡多賀町","一之瀬"],"5220314":[25,"犬上郡多賀町","四手"],"5220221":[25,"彦根市","野口町"],"5220316":[25,"犬上郡多賀町","栗栖"],"5220237":[25,"彦根市","堀町"],"5220065":[25,"彦根市","池州町"],"5220352":[25,"犬上郡多賀町","久徳"],"5220025":[25,"彦根市","野田山町"],"5220085":[25,"彦根市","新町"],"5220306":[25,"犬上郡多賀町","霊仙"],"5220334":[25,"犬上郡多賀町","仏ケ後"],"5220354":[25,"犬上郡多賀町","土田"],"5220333":[25,"犬上郡多賀町","萱原"],"5220244":[25,"犬上郡甲良町","在士"],"5220253":[25,"犬上郡甲良町","正楽寺"],"5220009":[25,"彦根市","外町"],"5220318":[25,"犬上郡多賀町","水谷"],"5220023":[25,"彦根市","原町"],"5220011":[25,"彦根市","下矢倉町"],"5220042":[25,"彦根市","戸賀町"],"5220241":[25,"犬上郡甲良町","呉竹"],"5220300":[25,"犬上郡多賀町",""],"5220263":[25,"犬上郡甲良町","法養寺"],"5228501":[25,"彦根市","元町","４－２"],"5220235":[25,"彦根市","金剛寺町"],"5220089":[25,"彦根市","錦町"],"5220044":[25,"彦根市","竹ケ鼻町"],"5220067":[25,"彦根市","長曽根町"],"5220005":[25,"彦根市","小野町"],"5220064":[25,"彦根市","本町"],"5220087":[25,"彦根市","芹橋"],"5220017":[25,"彦根市","男鬼町"],"5220019":[25,"彦根市","笹尾町"],"5220231":[25,"彦根市","極楽寺町"],"5220083":[25,"彦根市","河原"],"5220214":[25,"彦根市","出町"],"5220311":[25,"犬上郡多賀町","五僧"],"5220047":[25,"彦根市","日夏町"],"5220038":[25,"彦根市","西沼波町"],"5220332":[25,"犬上郡多賀町","樋田"],"5220353":[25,"犬上郡多賀町","月之木"],"5220000":[25,"彦根市",""],"5220252":[25,"犬上郡甲良町","金屋"],"5220036":[25,"彦根市","沼波町"],"5220015":[25,"彦根市","荘厳寺町"],"5220081":[25,"彦根市","京町"],"5220322":[25,"犬上郡多賀町","佐目"],"5220073":[25,"彦根市","旭町"],"5220034":[25,"彦根市","大橋町"],"5220061":[25,"彦根市","金亀町"],"5220046":[25,"彦根市","甘呂町"],"5220343":[25,"犬上郡多賀町","猿木"],"5220027":[25,"彦根市","東沼波町"],"5220211":[25,"彦根市","法士町"],"5220029":[25,"彦根市","地蔵町"],"5220239":[25,"彦根市","宇尾町"],"5220355":[25,"犬上郡多賀町","中川原"],"5220305":[25,"犬上郡多賀町","甲頭倉"],"5220004":[25,"彦根市","鳥居本町"],"5220336":[25,"犬上郡多賀町","楢崎"],"5220312":[25,"犬上郡多賀町","保月"],"5220342":[25,"犬上郡多賀町","敏満寺"],"5228655":[25,"彦根市","中央町","５－９"],"5220054":[25,"彦根市","西今町"],"5220201":[25,"彦根市","高宮町"],"5220002":[25,"彦根市","松原"],"5220292":[25,"彦根市","高宮町","４８０番地１"],"5220324":[25,"犬上郡多賀町","川相"],"5220014":[25,"彦根市","善谷町"],"5220026":[25,"彦根市","大堀町"],"5220302":[25,"犬上郡多賀町","向之倉"],"5220234":[25,"彦根市","森堂町"],"5228533":[25,"彦根市","八坂町","２５００"],"5220338":[25,"犬上郡多賀町","壺"],"5220254":[25,"犬上郡甲良町","池寺"],"5220317":[25,"犬上郡多賀町",""],"5220024":[25,"彦根市","正法寺町"],"5220018":[25,"彦根市","仏生寺町"],"5228505":[25,"彦根市","東沼波町","１７２－２"],"5220032":[25,"彦根市","芹町"],"5228503":[25,"彦根市","古沢町","１８１"],"5228522":[25,"彦根市","馬場","１丁目１－１"],"5228588":[25,"彦根市","宮田町","５９１－１"],"5220271":[25,"犬上郡甲良町","下之郷"],"5220335":[25,"犬上郡多賀町","藤瀬"],"5220058":[25,"彦根市","須越町"],"5220008":[25,"彦根市","安清東町"],"5220035":[25,"彦根市","元岡町"],"5220071":[25,"彦根市","元町"],"5220326":[25,"犬上郡多賀町","霜ケ原"],"5220012":[25,"彦根市","甲田町"],"5228523":[25,"彦根市","大東町","２－２８"],"5220053":[25,"彦根市","大藪町"],"5220319":[25,"犬上郡多賀町","桃原"],"5220056":[25,"彦根市","開出今町"],"5220213":[25,"彦根市","西葛籠町"],"5220082":[25,"彦根市","安清町"],"5220261":[25,"犬上郡甲良町","長寺"],"5220243":[25,"犬上郡甲良町","小川原"],"5220066":[25,"彦根市","栄町"],"5220238":[25,"彦根市","広野町"],"5220041":[25,"彦根市","平田町"],"5220037":[25,"彦根市","岡町"],"5220022":[25,"彦根市","里根町"],"5228539":[25,"彦根市","八坂町","１８８２"],"5220297":[25,"彦根市","川瀬馬場町","８００"],"5220075":[25,"彦根市","佐和町"],"5220063":[25,"彦根市","中央町"],"5228511":[25,"彦根市","小泉町","３１"],"5220242":[25,"犬上郡甲良町","尼子"],"5220251":[25,"犬上郡甲良町","北落"],"5220074":[25,"彦根市","大東町"],"5228540":[25,"彦根市","外町","１６９－６"],"5220301":[25,"犬上郡多賀町","河内"],"5220200":[25,"犬上郡甲良町",""],"5220086":[25,"彦根市","後三条町"],"5228585":[25,"彦根市","大東町","１３－１"],"5220021":[25,"彦根市","幸町"],"5220321":[25,"犬上郡多賀町","大君ケ畑"],"5220059":[25,"彦根市","三津屋町"],"5220356":[25,"犬上郡多賀町","木曽"],"5220232":[25,"彦根市","蓮台寺町"],"5220016":[25,"彦根市","武奈町"],"5220351":[25,"犬上郡多賀町","八重練"],"5220084":[25,"彦根市","橋向町"],"5220212":[25,"彦根市","葛籠町"],"5220039":[25,"彦根市","和田町"],"5220072":[25,"彦根市","船町"],"5220001":[25,"彦根市","尾末町"],"5220222":[25,"彦根市","南川瀬町"],"5220315":[25,"犬上郡多賀町","大岡"],"5220325":[25,"犬上郡多賀町","小原"],"5220007":[25,"彦根市","古沢町"],"5220045":[25,"彦根市","宇尾町"],"5220262":[25,"犬上郡甲良町","横関"],"5220057":[25,"彦根市","八坂町"],"5220033":[25,"彦根市","芹川町"],"5220031":[25,"彦根市","芹中町"],"5220313":[25,"犬上郡多賀町","杉"],"5220304":[25,"犬上郡多賀町","後谷"],"5220006":[25,"彦根市","佐和山町"],"5220062":[25,"彦根市","立花町"],"5220331":[25,"犬上郡多賀町","大杉"],"5220013":[25,"彦根市","中山町"],"5220337":[25,"犬上郡多賀町","富之尾"],"5228666":[25,"彦根市","佐和町","６－１５"],"5220043":[25,"彦根市","小泉町"],"5220236":[25,"彦根市","犬方町"],"5220068":[25,"彦根市","城町"],"5220051":[25,"彦根市","中藪"],"5220088":[25,"彦根市","銀座町"]}
