{"4078549":[19,"韮崎市","上ノ山","３１８０"],"4070037":[19,"韮崎市","大草町若尾"],"4070058":[19,"韮崎市","清哲町水上"],"4070041":[19,"韮崎市","神山町武田"],"4070021":[19,"韮崎市","富士見ケ丘"],"4070034":[19,"韮崎市","大草町下條中割"],"4070032":[19,"韮崎市","龍岡町下條東割"],"4070055":[19,"韮崎市","清哲町青木"],"4070035":[19,"韮崎市","大草町下條西割"],"4070014":[19,"韮崎市","富士見"],"4070176":[19,"韮崎市","穂坂町三之蔵"],"4070054":[19,"韮崎市","清哲町折居"],"4070000":[19,"韮崎市",""],"4070046":[19,"韮崎市","旭町上條南割"],"4070042":[19,"韮崎市","神山町北宮地"],"4078501":[19,"韮崎市","水神","１丁目３－１"],"4070261":[19,"韮崎市","中田町小田川"],"4070262":[19,"韮崎市","中田町中條"],"4070005":[19,"韮崎市","一ツ谷"],"4070043":[19,"韮崎市","神山町鍋山"],"4070174":[19,"韮崎市","穂坂町三ツ沢"],"4070006":[19,"韮崎市","下祖母石"],"4070171":[19,"韮崎市","穂坂町柳平"],"4070322":[19,"北杜市","須玉町下津金"],"4070007":[19,"韮崎市","上祖母石"],"4070321":[19,"北杜市","須玉町上津金"],"4070192":[19,"韮崎市","穂坂町三ツ澤","６５０"],"4070025":[19,"韮崎市","栄"],"4070053":[19,"韮崎市","円野町入戸野"],"4070173":[19,"韮崎市","穂坂町長久保"],"4070031":[19,"韮崎市","龍岡町若尾新田"],"4070175":[19,"韮崎市","穂坂町宮久保"],"4070311":[19,"北杜市","大泉町西井出８２４０－１"],"4078555":[19,"韮崎市","大草町下條西割","１２００"],"4070263":[19,"韮崎市","穴山町"],"4070024":[19,"韮崎市","本町"],"4070015":[19,"韮崎市","若宮"],"4070033":[19,"韮崎市","龍岡町下條南割"],"4070013":[19,"韮崎市","中島"],"4070022":[19,"韮崎市","水神"],"4070012":[19,"韮崎市","岩下"],"4070003":[19,"韮崎市","藤井町北下條"],"4078511":[19,"韮崎市","藤井町北下條","２３８１－１"],"4070023":[19,"韮崎市","中央町"],"4070051":[19,"韮崎市","円野町上円井"],"4070036":[19,"韮崎市","大草町上條東割"],"4070011":[19,"韮崎市","上ノ山"],"4070004":[19,"韮崎市","藤井町南下條"],"4070001":[19,"韮崎市","藤井町駒井"],"4070057":[19,"韮崎市","清哲町樋口"],"4070044":[19,"韮崎市","旭町上條北割"],"4070052":[19,"韮崎市","円野町下円井"],"4070301":[19,"北杜市","高根町清里"],"4070002":[19,"韮崎市","藤井町坂井"],"4070172":[19,"韮崎市","穂坂町上今井"],"4070302":[19,"北杜市","高根町浅川"],"4070045":[19,"韮崎市","旭町上條中割"]}
