{"3240601":[9,"那須郡那珂川町","大山田上郷"],"3240594":[9,"那須郡那珂川町","小川","３４１５"],"3240201":[9,"大田原市","両郷"],"3248516":[9,"大田原市","下石上","１３８２－１２"],"3240045":[9,"大田原市","実取"],"3248625":[9,"大田原市","実取","７７０"],"3240615":[9,"那須郡那珂川町","松野"],"3240613":[9,"那須郡那珂川町","馬頭"],"3240202":[9,"大田原市","木佐美"],"3240516":[9,"那須郡那珂川町","東戸田"],"3240064":[9,"大田原市","今泉"],"3240221":[9,"大田原市","亀久"],"3240053":[9,"大田原市","元町"],"3240593":[9,"那須郡那珂川町","小川","３４１５"],"3240208":[9,"大田原市","川田"],"3248555":[9,"大田原市","下石上","１３８８"],"3240033":[9,"大田原市","滝沢"],"3240617":[9,"那須郡那珂川町","北向田"],"3240214":[9,"大田原市","川上"],"3240017":[9,"大田原市","奥沢"],"3240013":[9,"大田原市","鹿畑"],"3240035":[9,"大田原市","薄葉"],"3240611":[9,"那須郡那珂川町","小砂"],"3240021":[9,"大田原市","若草"],"3240596":[9,"那須郡那珂川町","三輪","１２８３"],"3240412":[9,"大田原市","蛭田"],"3240608":[9,"那須郡那珂川町","健武"],"3240027":[9,"大田原市","荻野目"],"3240024":[9,"大田原市","福原"],"3240032":[9,"大田原市","佐久山"],"3240204":[9,"大田原市","大久保"],"3240025":[9,"大田原市","大神"],"3240505":[9,"那須郡那珂川町","芳井"],"3240492":[9,"大田原市","湯津上","５－１０８１"],"3240405":[9,"大田原市","中の原"],"3240292":[9,"大田原市","黒羽田町","８４８"],"3240504":[9,"那須郡那珂川町","薬利"],"3240231":[9,"大田原市","北野上"],"3240233":[9,"大田原市","黒羽田町"],"3240605":[9,"那須郡那珂川町","大内"],"3240245":[9,"大田原市","桧木沢"],"3248550":[9,"大田原市","下石上",""],"3240057":[9,"大田原市","住吉町"],"3240205":[9,"大田原市","久野又"],"3240401":[9,"大田原市","狭原"],"3240051":[9,"大田原市","山の手"],"3240014":[9,"大田原市","倉骨"],"3240001":[9,"大田原市","乙連沢"],"3240606":[9,"那須郡那珂川町","大那地"],"3240061":[9,"大田原市","荒井"],"3240243":[9,"大田原市","余瀬"],"3248501":[9,"大田原市","北金丸","２６００－１"],"3240063":[9,"大田原市","町島"],"3240056":[9,"大田原市","中央"],"3240206":[9,"大田原市","中野内"],"3240616":[9,"那須郡那珂川町","富山"],"3240011":[9,"大田原市","北金丸"],"3240004":[9,"大田原市","富池"],"3240223":[9,"大田原市","片田"],"3240065":[9,"大田原市","岡"],"3240038":[9,"大田原市","野崎"],"3240501":[9,"那須郡那珂川町","小川"],"3240411":[9,"大田原市","蛭畑"],"3240241":[9,"大田原市","黒羽向町"],"3248642":[9,"大田原市","紫塚","１丁目５－５４"],"3240614":[9,"那須郡那珂川町","久那瀬"],"3240043":[9,"大田原市","浅香"],"3240015":[9,"大田原市","赤瀬"],"3240213":[9,"大田原市","雲岩寺"],"3240236":[9,"大田原市","大輪"],"3240692":[9,"那須郡那珂川町","馬頭","４０９"],"3240211":[9,"大田原市","須賀川"],"3240512":[9,"那須郡那珂川町","谷田"],"3240006":[9,"大田原市","市野沢"],"3240016":[9,"大田原市","北大和久"],"3240005":[9,"大田原市","練貫"],"3240403":[9,"大田原市","湯津上"],"3240054":[9,"大田原市","若松町"],"3240607":[9,"那須郡那珂川町","矢又"],"3240215":[9,"大田原市","南方"],"3240618":[9,"那須郡那珂川町","小口"],"3240592":[9,"那須郡那珂川町","吉田","２８"],"3240022":[9,"大田原市","宇田川"],"3240246":[9,"大田原市","寒井"],"3240203":[9,"大田原市","寺宿"],"3240414":[9,"大田原市","片府田"],"3240600":[9,"那須郡那珂川町",""],"3240602":[9,"那須郡那珂川町","大山田下郷"],"3240222":[9,"大田原市","矢倉"],"3240044":[9,"大田原市","親園"],"3240235":[9,"大田原市","堀之内"],"3240506":[9,"那須郡那珂川町","浄法寺"],"3240046":[9,"大田原市","加治屋"],"3240693":[9,"那須郡那珂川町","松野","９２３番地"],"3240413":[9,"大田原市","新宿"],"3240052":[9,"大田原市","城山"],"3240603":[9,"那須郡那珂川町","谷川"],"3240036":[9,"大田原市","下石上"],"3240514":[9,"那須郡那珂川町","高岡"],"3240000":[9,"大田原市",""],"3240503":[9,"那須郡那珂川町","恩田"],"3240595":[9,"那須郡那珂川町","小川","２８１４－１"],"3240612":[9,"那須郡那珂川町","和見"],"3240026":[9,"大田原市","滝岡"],"3240028":[9,"大田原市","富士見"],"3248585":[9,"大田原市","中央","１丁目９－９"],"3240018":[9,"大田原市","上奥沢"],"3240031":[9,"大田原市","藤沢"],"3240511":[9,"那須郡那珂川町","吉田"],"3240002":[9,"大田原市","羽田"],"3240242":[9,"大田原市","大豆田"],"3240012":[9,"大田原市","南金丸"],"3240041":[9,"大田原市","本町"],"3240023":[9,"大田原市","花園"],"3240604":[9,"那須郡那珂川町","盛泉"],"3240402":[9,"大田原市","小船渡"],"3240055":[9,"大田原市","新富町"],"3240058":[9,"大田原市","紫塚"],"3240037":[9,"大田原市","上石上"],"3240042":[9,"大田原市","末広"],"3240212":[9,"大田原市","須佐木"],"3240003":[9,"大田原市","小滝"],"3240244":[9,"大田原市","蜂巣"],"3240293":[9,"大田原市","寒井","１４６６－２"],"3240404":[9,"大田原市","佐良土"],"3240062":[9,"大田原市","中田原"],"3248641":[9,"大田原市","本町","１丁目４－１"],"3248510":[9,"大田原市","中田原","１０４３"],"3240224":[9,"大田原市","北滝"],"3240047":[9,"大田原市","美原"],"3240415":[9,"大田原市","品川"],"3240513":[9,"那須郡那珂川町","白久"],"3240066":[9,"大田原市","戸野内"],"3240502":[9,"那須郡那珂川町","三輪"],"3240515":[9,"那須郡那珂川町","片平"],"3240234":[9,"大田原市","前田"],"3248551":[9,"大田原市","中央","１丁目９－９"],"3240232":[9,"大田原市","八塩"],"3240207":[9,"大田原市","河原"],"3240034":[9,"大田原市","平沢"]}
