{"2660014":[12,"千葉市緑区","大金沢町"],"2660025":[12,"千葉市緑区","落井町"],"2660026":[12,"千葉市緑区","古市場町"],"2660007":[12,"千葉市緑区","辺田町"],"2668550":[12,"千葉市緑区","鎌取町","２２６－１"],"2660016":[12,"千葉市緑区","椎名崎町"],"2660000":[12,"千葉市緑区",""],"2660023":[12,"千葉市緑区","茂呂町"],"2660003":[12,"千葉市緑区","高田町"],"2668733":[12,"千葉市緑区","おゆみ野","３丁目１５番地３号"],"2660011":[12,"千葉市緑区","鎌取町"],"2660021":[12,"千葉市緑区","刈田子町"],"2660034":[12,"千葉市緑区","おゆみ野有吉"],"2660033":[12,"千葉市緑区","おゆみ野南"],"2660006":[12,"千葉市緑区","大膳野町"],"2660031":[12,"千葉市緑区","おゆみ野"],"2660005":[12,"千葉市緑区","誉田町"],"2660022":[12,"千葉市緑区","富岡町"],"2660024":[12,"千葉市緑区","中西町"],"2660032":[12,"千葉市緑区","おゆみ野中央"],"2660004":[12,"千葉市緑区","平川町"],"2660001":[12,"千葉市緑区","東山科町"],"2660015":[12,"千葉市緑区","小金沢町"],"2660002":[12,"千葉市緑区","平山町"]}
