{"4950021":[23,"稲沢市","祖父江町三丸渕"],"4958517":[23,"稲沢市","祖父江町甲新田","イ一９"],"4950023":[23,"稲沢市","祖父江町島本"],"4950031":[23,"稲沢市","祖父江町上牧"],"4950011":[23,"稲沢市","祖父江町森上"],"4958501":[23,"稲沢市","祖父江町森上","本郷十一４番地１"],"4950033":[23,"稲沢市","祖父江町四貫"],"4958505":[23,"稲沢市","祖父江町二俣","宮西１番地１"],"4950012":[23,"稲沢市","祖父江町本甲"],"4950025":[23,"稲沢市","祖父江町両寺内"],"4950002":[23,"稲沢市","祖父江町山崎"],"4950001":[23,"稲沢市","祖父江町祖父江"],"4950015":[23,"稲沢市","祖父江町桜方"],"4958531":[23,"稲沢市","祖父江町本甲","拾町野７番地"],"4958511":[23,"稲沢市","祖父江町上牧","下川田４５４番地"],"4950024":[23,"稲沢市","祖父江町野田"],"4950032":[23,"稲沢市","祖父江町中牧"],"4950022":[23,"稲沢市","祖父江町甲新田"],"4958601":[23,"稲沢市","祖父江町祖父江","外平１５０番地"],"4950034":[23,"稲沢市","祖父江町西鵜之本"],"4950037":[23,"稲沢市","祖父江町拾町野"],"4958510":[23,"稲沢市","祖父江町四貫","堤外２２番地"],"4950035":[23,"稲沢市","祖父江町神明津"],"4950013":[23,"稲沢市","祖父江町二俣"],"4950036":[23,"稲沢市","祖父江町馬飼"],"4950014":[23,"稲沢市","祖父江町大牧"]}
