{"4428580":[23,"豊川市","白鳥町","防入６０"],"4420801":[23,"豊川市","上野"],"4420863":[23,"豊川市","平尾町"],"4420015":[23,"豊川市","曙町"],"4428582":[23,"豊川市","市田町","大道下３０－１"],"4420848":[23,"豊川市","白鳥町"],"4420814":[23,"豊川市","院之子町"],"4420871":[23,"豊川市","松風町"],"4428510":[23,"豊川市","穂ノ原","３丁目１４－１"],"4428566":[23,"豊川市","正岡町","胡麻田７３２"],"4428540":[23,"豊川市","豊川町","辺通４－４"],"4420047":[23,"豊川市","若宮町"],"4420024":[23,"豊川市","西豊町"],"4428515":[23,"豊川市","大崎町","門１－１"],"4420882":[23,"豊川市","光輝町"],"4420811":[23,"豊川市","馬場町"],"4428585":[23,"豊川市","八幡町","東赤土２"],"4420025":[23,"豊川市","東豊町"],"4420851":[23,"豊川市","野口町"],"4428558":[23,"豊川市","金屋西町","１丁目８"],"4428569":[23,"豊川市","新桜町通","３丁目１８"],"4428512":[23,"豊川市","穂ノ原","３丁目１４－１８"],"4420842":[23,"豊川市","蔵子"],"4420861":[23,"豊川市","財賀町"],"4428577":[23,"豊川市","白鳥町","京次５２－１"],"4428590":[23,"豊川市","新豊町","１丁目１３６番地"],"4420889":[23,"豊川市","南大通"],"4428509":[23,"豊川市","穂ノ原","２丁目１０"],"4420031":[23,"豊川市","豊川西町"],"4428602":[23,"豊川市","穂ノ原","１丁目１"],"4428587":[23,"豊川市","穂ノ原","２丁目１－１７"],"4420839":[23,"豊川市","四ツ谷町"],"4428561":[23,"豊川市","八幡町","野地２３番地"],"4420028":[23,"豊川市","東桜木町"],"4420823":[23,"豊川市","正岡町"],"4420803":[23,"豊川市","向河原町"],"4420063":[23,"豊川市","西桜木町"],"4420879":[23,"豊川市","萩山町"],"4420064":[23,"豊川市","桜ケ丘町"],"4420888":[23,"豊川市","千歳通"],"4420003":[23,"豊川市","長草町"],"4420827":[23,"豊川市","西島町"],"4428503":[23,"豊川市","穂ノ原","３丁目２２－１"],"4420875":[23,"豊川市","佐奈川町"],"4420069":[23,"豊川市","諏訪西町"],"4420049":[23,"豊川市","緑町"],"4428603":[23,"豊川市","諏訪","２丁目１０１"],"4420001":[23,"豊川市","千両町"],"4420027":[23,"豊川市","桜木通"],"4420019":[23,"豊川市","東名町"],"4428538":[23,"豊川市","豊川町","１"],"4420037":[23,"豊川市","門前町"],"4420887":[23,"豊川市","明野町"],"4428545":[23,"豊川市","本野ケ原","４丁目１"],"4420068":[23,"豊川市","諏訪"],"4428575":[23,"豊川市","白鳥町","兎足１－２"],"4420005":[23,"豊川市","本野ケ原"],"4420847":[23,"豊川市","白鳥"],"4420012":[23,"豊川市","新豊町"],"4420838":[23,"豊川市","西塚町"],"4420883":[23,"豊川市","高見町"],"4420066":[23,"豊川市","金屋元町"],"4428505":[23,"豊川市","穂ノ原","３丁目１"],"4420878":[23,"豊川市","新道町"],"4428520":[23,"豊川市","末広通","３丁目３４－１"],"4420857":[23,"豊川市","八幡町"],"4420053":[23,"豊川市","金屋町"],"4420844":[23,"豊川市","小田渕町"],"4420041":[23,"豊川市","旭町"],"4420042":[23,"豊川市","北浦町"],"4428588":[23,"豊川市","穂ノ原","２丁目１－１７"],"4428546":[23,"豊川市","豊が丘町","１２７"],"4420835":[23,"豊川市","新桜町通"],"4428573":[23,"豊川市","新道町","１丁目３"],"4420815":[23,"豊川市","瀬木町"],"4420825":[23,"豊川市","美和通"],"4420007":[23,"豊川市","大崎町"],"4420013":[23,"豊川市","大堀町"],"4420062":[23,"豊川市","本野町"],"4420808":[23,"豊川市","豊が丘町"],"4428507":[23,"豊川市","穂ノ原","３丁目１３"],"4428502":[23,"豊川市","穂ノ原","２丁目２０"],"4420046":[23,"豊川市","幸町"],"4420852":[23,"豊川市","国府南"],"4428513":[23,"豊川市","穂ノ原","２丁目１－１５"],"4420805":[23,"豊川市","三谷原町"],"4420843":[23,"豊川市","桜町"],"4420051":[23,"豊川市","中央通"],"4420044":[23,"豊川市","二見町"],"4420039":[23,"豊川市","天神町"],"4420821":[23,"豊川市","当古町"],"4420017":[23,"豊川市","佐土町"],"4420855":[23,"豊川市","新栄町"],"4420036":[23,"豊川市","豊川栄町"],"4420885":[23,"豊川市","中野川町"],"4420845":[23,"豊川市","為当町"],"4420819":[23,"豊川市","住吉町"],"4420812":[23,"豊川市","三上町"],"4420055":[23,"豊川市","金屋橋町"],"4420021":[23,"豊川市","小桜町"],"4428517":[23,"豊川市","諏訪","１丁目１"],"4420018":[23,"豊川市","白雲町"],"4428511":[23,"豊川市","穂ノ原","３丁目１４－４"],"4420813":[23,"豊川市","土筒町"],"4420023":[23,"豊川市","稲荷通"],"4420824":[23,"豊川市","下長山町"],"4428576":[23,"豊川市","白鳥町","野口前９番地の５"],"4420804":[23,"豊川市","二葉町"],"4420016":[23,"豊川市","美幸町"],"4428601":[23,"豊川市","諏訪","１丁目１"],"4428543":[23,"豊川市","本野ケ原","３丁目２２"],"4428541":[23,"豊川市","本野ケ原","３丁目４４"],"4420872":[23,"豊川市","金塚町"],"4420886":[23,"豊川市","牛久保駅通"],"4420006":[23,"豊川市","三蔵子町"],"4420841":[23,"豊川市","代田町"],"4420833":[23,"豊川市","西口町"],"4428586":[23,"豊川市","国府町","下坊入１０－１"],"4420048":[23,"豊川市","開運通"],"4420029":[23,"豊川市","末広通"],"4420822":[23,"豊川市","行明町"],"4420853":[23,"豊川市","新青馬町"],"4420832":[23,"豊川市","寿通"],"4428533":[23,"豊川市","豊川栄町","１８"],"4428530":[23,"豊川市","美幸町","１丁目２６"],"4420826":[23,"豊川市","牛久保町"],"4420032":[23,"豊川市","豊川仲町"],"4420836":[23,"豊川市","堺町"],"4420881":[23,"豊川市","塔ノ木町"],"4420876":[23,"豊川市","中部町"],"4420809":[23,"豊川市","大橋町"],"4428581":[23,"豊川市","市田町","本野原１８－７"],"4420011":[23,"豊川市","東曙町"],"4420026":[23,"豊川市","東新町"],"4420033":[23,"豊川市","豊川町"],"4420807":[23,"豊川市","谷川町"],"4420873":[23,"豊川市","山道町"],"4420828":[23,"豊川市","柑子町"],"4420817":[23,"豊川市","古宿町"],"4420874":[23,"豊川市","松久町"],"4420000":[23,"豊川市",""],"4420065":[23,"豊川市","若鳩町"],"4420818":[23,"豊川市","中条町"],"4420014":[23,"豊川市","豊栄町"],"4420067":[23,"豊川市","金屋西町"],"4428535":[23,"豊川市","西豊町","２丁目３５"],"4428518":[23,"豊川市","諏訪","３丁目１３３"],"4428506":[23,"豊川市","穂ノ原","３丁目３０"],"4420806":[23,"豊川市","牧野町"],"4420061":[23,"豊川市","穂ノ原"],"4420816":[23,"豊川市","花井町"],"4420854":[23,"豊川市","国府町"],"4428544":[23,"豊川市","本野ケ原","１丁目１５"],"4428516":[23,"豊川市","大崎町","宮之坪５８"],"4420004":[23,"豊川市","樽井町"],"4428532":[23,"豊川市","豊川町","伊呂通４０"],"4420837":[23,"豊川市","川花町"],"4428531":[23,"豊川市","豊川元町","３５"],"4420034":[23,"豊川市","西本町"],"4420856":[23,"豊川市","久保町"],"4420038":[23,"豊川市","光陽町"],"4428591":[23,"豊川市","穂ノ原","二丁目１０"],"4420052":[23,"豊川市","金屋本町"],"4420054":[23,"豊川市","赤代町"],"4420884":[23,"豊川市","光明町"],"4420045":[23,"豊川市","駅前通"],"4420002":[23,"豊川市","六角町"],"4420008":[23,"豊川市","南千両"],"4420877":[23,"豊川市","下野川町"],"4420846":[23,"豊川市","森"],"4420862":[23,"豊川市","市田町"],"4420831":[23,"豊川市","弥生町"],"4420802":[23,"豊川市","麻生田町"],"4420035":[23,"豊川市","豊川元町"],"4420834":[23,"豊川市","西香ノ木町"],"4428501":[23,"豊川市","千両町","下ノ市場３５－１"],"4420022":[23,"豊川市","東光町"],"4420043":[23,"豊川市","新宿町"]}
