{"2738560":[12,"船橋市","本町","１丁目３－１フェイス７階"],"2738570":[12,"船橋市","古作","１丁目１－１"],"2730024":[12,"船橋市","海神町南"],"2730133":[12,"鎌ケ谷市","南佐津間"],"2730106":[12,"鎌ケ谷市","南鎌ケ谷"],"2738505":[12,"船橋市","東町","８９６"],"2738627":[12,"船橋市","本町","１丁目５－１"],"2738558":[12,"船橋市","湊町","２丁目８－１１"],"2738550":[12,"船橋市","本町","１丁目２－１"],"2738584":[12,"船橋市","高瀬町","１９"],"2738501":[12,"船橋市","湊町","２丁目１０番２５号"],"2730102":[12,"鎌ケ谷市","右京塚"],"2730122":[12,"鎌ケ谷市","東初富"],"2730000":[12,"船橋市",""],"2730001":[12,"船橋市","市場"],"2738515":[12,"船橋市","浜町","２丁目２－７ビビットスクエア"],"2738733":[12,"船橋市","西浦","２丁目５－３"],"2730851":[12,"船橋市","馬込町"],"2738567":[12,"船橋市","本町","７丁目１－１"],"2730197":[12,"鎌ケ谷市","新鎌ケ谷","２－７－１"],"2730025":[12,"船橋市","印内町"],"2738542":[12,"船橋市","藤原","４丁目８－５"],"2730135":[12,"鎌ケ谷市","中佐津間"],"2738585":[12,"船橋市","浜町","２丁目１番１号"],"2730123":[12,"鎌ケ谷市","南初富"],"2730041":[12,"船橋市","旭町"],"2738588":[12,"船橋市","金杉","１丁目２１－１"],"2738540":[12,"船橋市","市場","３丁目３－１"],"2730039":[12,"船橋市","印内"],"2730861":[12,"船橋市","米ケ崎町"],"2730852":[12,"船橋市","金杉台"],"2730134":[12,"鎌ケ谷市","西佐津間"],"2730121":[12,"鎌ケ谷市","初富"],"2730043":[12,"船橋市","行田町"],"2730103":[12,"鎌ケ谷市","丸山"],"2730037":[12,"船橋市","古作"],"2730195":[12,"鎌ケ谷市","新鎌ケ谷","２－６－１"],"2730013":[12,"船橋市","若松"],"2730193":[12,"鎌ケ谷市","南初富","６丁目２－１２"],"2730118":[12,"鎌ケ谷市","中沢"],"2738520":[12,"船橋市","海神町西","１丁目１０４２－２"],"2738510":[12,"船橋市","浜町","３丁目３－２フードピア船橋６Ｆ"],"2730026":[12,"船橋市","山野町"],"2730012":[12,"船橋市","浜町"],"2738511":[12,"船橋市","本町","１丁目１０－１０"],"2738566":[12,"船橋市","海神町西","１丁目１０４２－２"],"2730048":[12,"船橋市","丸山"],"2730132":[12,"鎌ケ谷市","粟野"],"2738601":[12,"船橋市","本町","２丁目７－１７"],"2738523":[12,"船橋市","本町","２－１－３４船橋スカイビル４階"],"2730119":[12,"鎌ケ谷市","中沢新町"],"2730017":[12,"船橋市","西浦"],"2738574":[12,"船橋市","東船橋","５丁目７－７"],"2730047":[12,"船橋市","藤原"],"2730034":[12,"船橋市","二子町"],"2730863":[12,"船橋市","東町"],"2730192":[12,"鎌ケ谷市","くぬぎ山","４丁目１－１２"],"2730005":[12,"船橋市","本町"],"2738521":[12,"船橋市","湊町","２丁目１２－１三井生命船橋第２ビル５階"],"2738503":[12,"船橋市","浜町","２丁目１６－１"],"2730042":[12,"船橋市","前貝塚町"],"2730045":[12,"船橋市","山手"],"2730016":[12,"船橋市","潮見町"],"2730027":[12,"船橋市","海神町西"],"2730046":[12,"船橋市","上山町"],"2730033":[12,"船橋市","本郷町"],"2730115":[12,"鎌ケ谷市","東道野辺"],"2730100":[12,"鎌ケ谷市",""],"2738508":[12,"船橋市","本町","３丁目３２－２０－２Ｆ"],"2738556":[12,"船橋市","海神","６丁目１３－１０"],"2730116":[12,"鎌ケ谷市","馬込沢"],"2738512":[12,"船橋市","宮本","９丁目９－６"],"2730862":[12,"船橋市","駿河台"],"2738543":[12,"船橋市","印内町","６５２－２"],"2730038":[12,"船橋市","古作町"],"2730028":[12,"船橋市","海神町東"],"2730137":[12,"鎌ケ谷市","道野辺本町"],"2738555":[12,"船橋市","市場","３丁目１７－１"],"2730855":[12,"船橋市","馬込西"],"2730113":[12,"鎌ケ谷市","道野辺中央"],"2730014":[12,"船橋市","高瀬町"],"2730031":[12,"船橋市","西船"],"2738533":[12,"船橋市","市場","５丁目１６－１８"],"2738502":[12,"船橋市","西浦","１丁目１番１号"],"2730128":[12,"鎌ケ谷市","くぬぎ山"],"2730867":[12,"船橋市","夏見町"],"2730002":[12,"船橋市","東船橋"],"2730853":[12,"船橋市","金杉"],"2730015":[12,"船橋市","日の出"],"2738522":[12,"船橋市","高瀬町","２４－３"],"2738530":[12,"船橋市","浜町","２丁目１番１号"],"2730124":[12,"鎌ケ谷市","中央"],"2730104":[12,"鎌ケ谷市","東鎌ケ谷"],"2730866":[12,"船橋市","夏見台"],"2730101":[12,"鎌ケ谷市","富岡"],"2730021":[12,"船橋市","海神"],"2738504":[12,"船橋市","湊町","２丁目１－４"],"2730136":[12,"鎌ケ谷市","佐津間"],"2730127":[12,"鎌ケ谷市","串崎新田"],"2730032":[12,"船橋市","葛飾町"],"2730854":[12,"船橋市","金杉町"],"2730044":[12,"船橋市","行田"],"2730117":[12,"鎌ケ谷市","西道野辺"],"2730865":[12,"船橋市","夏見"],"2730036":[12,"船橋市","東中山"],"2730131":[12,"鎌ケ谷市","軽井沢"],"2730022":[12,"船橋市","海神町"],"2738551":[12,"船橋市","宮本","３丁目１０－３"],"2730018":[12,"船橋市","栄町"],"2730105":[12,"鎌ケ谷市","鎌ケ谷"],"2730004":[12,"船橋市","南本町"],"2730023":[12,"船橋市","南海神"],"2730864":[12,"船橋市","北本町"],"2730112":[12,"鎌ケ谷市","東中沢"],"2730114":[12,"鎌ケ谷市","道野辺"],"2730003":[12,"船橋市","宮本"],"2730126":[12,"鎌ケ谷市","北初富"],"2730107":[12,"鎌ケ谷市","新鎌ケ谷"],"2730111":[12,"鎌ケ谷市","北中沢"],"2730011":[12,"船橋市","湊町"],"2730035":[12,"船橋市","本中山"],"2730125":[12,"鎌ケ谷市","初富本町"]}
