{"2450006":[14,"横浜市泉区","西が岡"],"2450022":[14,"横浜市泉区","和泉が丘"],"2458560":[14,"横浜市戸塚区","汲沢町","５６"],"2450014":[14,"横浜市泉区","中田南"],"2458542":[14,"横浜市戸塚区","上矢部町","６９０"],"2450016":[14,"横浜市泉区","和泉町"],"2450053":[14,"横浜市戸塚区","上矢部町"],"2450004":[14,"横浜市泉区","領家"],"2450067":[14,"横浜市戸塚区","深谷町"],"2458577":[14,"横浜市戸塚区","上矢部町","２３３６"],"2450012":[14,"横浜市泉区","中田北"],"2450064":[14,"横浜市戸塚区","影取町"],"2450061":[14,"横浜市戸塚区","汲沢"],"2450003":[14,"横浜市泉区","岡津町"],"2450017":[14,"横浜市泉区","下飯田町"],"2450008":[14,"横浜市泉区","弥生台"],"2458589":[14,"横浜市戸塚区","俣野町","６０１"],"2450066":[14,"横浜市戸塚区","俣野町"],"2450005":[14,"横浜市泉区","白百合"],"2458550":[14,"横浜市戸塚区","上矢部町","１９６８"],"2458501":[14,"横浜市泉区","和泉町","３３２１"],"2450015":[14,"横浜市泉区","中田西"],"2450051":[14,"横浜市戸塚区","名瀬町"],"2458510":[14,"横浜市戸塚区","東俣野町","１７６０"],"2450007":[14,"横浜市泉区","桂坂"],"2450021":[14,"横浜市泉区","下和泉"],"2450002":[14,"横浜市泉区","緑園"],"2450065":[14,"横浜市戸塚区","東俣野町"],"2450063":[14,"横浜市戸塚区","原宿"],"2458555":[14,"横浜市泉区","和泉町","３８６４"],"2450000":[14,"横浜市泉区",""],"2458558":[14,"横浜市戸塚区","上矢部町","２３８４"],"2450011":[14,"横浜市泉区","中田町"],"2450001":[14,"横浜市泉区","池の谷"],"2458575":[14,"横浜市戸塚区","原宿","３丁目６０－２"],"2450062":[14,"横浜市戸塚区","汲沢町"],"2450009":[14,"横浜市泉区","新橋町"],"2458553":[14,"横浜市泉区","和泉町","２５６３"],"2450013":[14,"横浜市泉区","中田東"],"2450018":[14,"横浜市泉区","上飯田町"],"2450052":[14,"横浜市戸塚区","秋葉町"]}
