{"3360907":[11,"さいたま市緑区","道祖土"],"3368505":[11,"さいたま市緑区","大字中野田","５００"],"3368555":[11,"さいたま市緑区","大字三室","１３０５－１"],"3368760":[11,"さいたま市緑区","大字大門","３７１０"],"3360922":[11,"さいたま市緑区","大牧"],"3360918":[11,"さいたま市緑区","松木"],"3360965":[11,"さいたま市緑区","間宮"],"3360021":[11,"さいたま市南区","別所"],"3360924":[11,"さいたま市緑区","蓮見新田"],"3360903":[11,"さいたま市緑区","山崎"],"3368587":[11,"さいたま市緑区","大字中尾","９７５－１"],"3360027":[11,"さいたま市南区","沼影"],"3360015":[11,"さいたま市南区","太田窪"],"3368508":[11,"さいたま市南区","沼影","１丁目１０－１"],"3368540":[11,"さいたま市南区","根岸","５丁目２３－１５"],"3360022":[11,"さいたま市南区","白幡"],"3360977":[11,"さいたま市緑区","上野田"],"3360911":[11,"さいたま市緑区","三室"],"3368523":[11,"さいたま市南区","根岸","１丁目５番５号"],"3368561":[11,"さいたま市南区","白幡","５丁目１１番２０号"],"3368558":[11,"さいたま市緑区","原山","４丁目３－３"],"3360963":[11,"さいたま市緑区","大門"],"3360042":[11,"さいたま市南区","大谷口"],"3368601":[11,"さいたま市南区","沼影","３丁目１－１"],"3368586":[11,"さいたま市南区","別所","７丁目２０番１号"],"3368526":[11,"さいたま市南区","根岸","１丁目４－１３"],"3360912":[11,"さいたま市緑区","馬場"],"3360017":[11,"さいたま市南区","南浦和"],"3368655":[11,"さいたま市緑区","太田窪","１丁目２６－２０"],"3360916":[11,"さいたま市緑区","宮本"],"3360961":[11,"さいたま市緑区","玄蕃新田"],"3360921":[11,"さいたま市緑区","井沼方"],"3360974":[11,"さいたま市緑区","大崎"],"3360016":[11,"さいたま市南区","大谷場"],"3360925":[11,"さいたま市緑区","下山口新田"],"3360971":[11,"さいたま市緑区","高畑"],"3368522":[11,"さいたま市緑区","三室","２４６０"],"3360035":[11,"さいたま市南区","松本"],"3360926":[11,"さいたま市緑区","東浦和"],"3360034":[11,"さいたま市南区","内谷"],"3360900":[11,"さいたま市緑区",""],"3360031":[11,"さいたま市南区","鹿手袋"],"3360972":[11,"さいたま市緑区","中野田"],"3360018":[11,"さいたま市南区","南本町"],"3360915":[11,"さいたま市緑区","見沼"],"3360932":[11,"さいたま市緑区","中尾"],"3360036":[11,"さいたま市南区","堤外"],"3360041":[11,"さいたま市南区","広ケ谷戸"],"3360914":[11,"さいたま市緑区","宮後"],"3360975":[11,"さいたま市緑区","代山"],"3360000":[11,"さいたま市南区",""],"3360038":[11,"さいたま市南区","関"],"3360032":[11,"さいたま市南区","四谷"],"3360934":[11,"さいたま市緑区","大谷口"],"3368512":[11,"さいたま市南区","鹿手袋","６丁目１８－１２"],"3368636":[11,"さいたま市南区","南本町","１丁目８－９"],"3360917":[11,"さいたま市緑区","芝原"],"3360973":[11,"さいたま市緑区","南部領辻"],"3360033":[11,"さいたま市南区","曲本"],"3360962":[11,"さいたま市緑区","下野田"],"3360026":[11,"さいたま市南区","辻"],"3360913":[11,"さいたま市緑区","新宿"],"3360923":[11,"さいたま市緑区","大間木"],"3360906":[11,"さいたま市緑区","三浦"],"3360976":[11,"さいたま市緑区","寺山"],"3360966":[11,"さいたま市緑区","北原"],"3368564":[11,"さいたま市南区","根岸","３丁目２２－１５"],"3360025":[11,"さいたま市南区","文蔵"],"3360905":[11,"さいたま市緑区","大道"],"3368521":[11,"さいたま市南区","内谷","４丁目１０－６"],"3360024":[11,"さいたま市南区","根岸"],"3360043":[11,"さいたま市南区","円正寺"],"3368515":[11,"さいたま市南区","鹿手袋","４丁目１－７"],"3360931":[11,"さいたま市緑区","原山"],"3360964":[11,"さいたま市緑区","東大門"],"3360936":[11,"さいたま市緑区","太田窪"],"3360023":[11,"さいたま市南区","神明"],"3368525":[11,"さいたま市緑区","大字中野田","５００"]}
