{"2430496":[14,"海老名市","中新田","４丁目７番１号"],"2438533":[14,"厚木市","酒井","１６０１"],"2430403":[14,"海老名市","望地"],"2430211":[14,"厚木市","三田"],"2430041":[14,"厚木市","緑ケ丘"],"2430016":[14,"厚木市","田村町"],"2430004":[14,"厚木市","水引"],"2430031":[14,"厚木市","戸室"],"2430485":[14,"海老名市","中央","１－４－１ビナウォーク５番館"],"2430427":[14,"海老名市","杉久保南"],"2430802":[14,"厚木市","猿ケ島"],"2430308":[14,"愛甲郡愛川町","三増"],"2438588":[14,"厚木市","水引","１丁目１６－３６"],"2430433":[14,"海老名市","河原口"],"2430215":[14,"厚木市","上古沢"],"2430197":[14,"厚木市","森の里若宮","１０－１"],"2438550":[14,"厚木市","温水","４９－１"],"2430303":[14,"愛甲郡愛川町","中津"],"2430032":[14,"厚木市","恩名"],"2430122":[14,"厚木市","森の里"],"2430034":[14,"厚木市","船子"],"2430201":[14,"厚木市","上荻野"],"2430495":[14,"海老名市","上河内","３３"],"2430489":[14,"海老名市","中央","２丁目９－５０"],"2438511":[14,"厚木市","中町","３丁目１７－１７"],"2430493":[14,"海老名市","大谷北","１丁目９番１号"],"2430297":[14,"厚木市","飯山","１５８３"],"2430027":[14,"厚木市","愛甲東"],"2430217":[14,"厚木市","三田南"],"2430123":[14,"厚木市","森の里青山"],"2430817":[14,"厚木市","王子"],"2430002":[14,"厚木市","元町"],"2430100":[14,"愛甲郡清川村",""],"2430806":[14,"厚木市","下依知"],"2430435":[14,"海老名市","下今泉"],"2430401":[14,"海老名市","東柏ケ谷"],"2430486":[14,"海老名市","中央","１－２－１ビナウォーク６番館"],"2430038":[14,"厚木市","愛名"],"2430421":[14,"海老名市","さつき町"],"2430460":[14,"海老名市","下今泉","８１０"],"2438522":[14,"厚木市","水引","２－３－１"],"2430011":[14,"厚木市","厚木町"],"2430018":[14,"厚木市","中町"],"2430411":[14,"海老名市","大谷"],"2430405":[14,"海老名市","国分南"],"2438501":[14,"厚木市","温水","４２８"],"2430814":[14,"厚木市","妻田南"],"2430022":[14,"厚木市","酒井"],"2430024":[14,"厚木市","長沼"],"2430039":[14,"厚木市","温水西"],"2430494":[14,"海老名市","本郷","２２７４"],"2430000":[14,"厚木市",""],"2430298":[14,"厚木市","下荻野","１００５"],"2430425":[14,"海老名市","中野"],"2430037":[14,"厚木市","毛利台"],"2438571":[14,"厚木市","船子","２３２"],"2430412":[14,"海老名市","浜田町"],"2430300":[14,"愛甲郡愛川町",""],"2430804":[14,"厚木市","関口"],"2430414":[14,"海老名市","杉久保"],"2430292":[14,"厚木市","下荻野","１０３０"],"2430208":[14,"厚木市","みはる野"],"2430417":[14,"海老名市","本郷"],"2430125":[14,"厚木市","小野"],"2430013":[14,"厚木市","泉町"],"2430195":[14,"愛甲郡清川村","煤ヶ谷","２２１６番地"],"2430204":[14,"厚木市","鳶尾"],"2430021":[14,"厚木市","岡田"],"2430431":[14,"海老名市","上今泉"],"2430112":[14,"愛甲郡清川村","煤ケ谷"],"2430306":[14,"愛甲郡愛川町","田代"],"2430015":[14,"厚木市","南町"],"2430423":[14,"海老名市","今里"],"2430497":[14,"海老名市","本郷","２２７４番地"],"2430302":[14,"愛甲郡愛川町","春日台"],"2430415":[14,"海老名市","上河内"],"2430202":[14,"厚木市","中荻野"],"2430203":[14,"厚木市","下荻野"],"2430801":[14,"厚木市","上依知"],"2430193":[14,"厚木市","森の里若宮","５－１"],"2430492":[14,"海老名市","勝瀬","１７５番地の１"],"2430426":[14,"海老名市","門沢橋"],"2430017":[14,"厚木市","栄町"],"2430304":[14,"愛甲郡愛川町","棚沢"],"2438505":[14,"厚木市","酒井","３１５１番地"],"2438604":[14,"厚木市","中町","２丁目２－２０"],"2430028":[14,"厚木市","愛甲西"],"2430419":[14,"海老名市","大谷北"],"2430434":[14,"海老名市","上郷"],"2430126":[14,"厚木市","岡津古久"],"2430003":[14,"厚木市","寿町"],"2430488":[14,"海老名市","上今泉","２１００番地"],"2430413":[14,"海老名市","国分寺台"],"2430301":[14,"愛甲郡愛川町","角田"],"2430812":[14,"厚木市","妻田北"],"2430121":[14,"厚木市","七沢"],"2430214":[14,"厚木市","下古沢"],"2430207":[14,"厚木市","まつかげ台"],"2430035":[14,"厚木市","愛甲"],"2438510":[14,"厚木市","恩名","四丁目７番１号"],"2430198":[14,"厚木市","森の里若宮","３－１"],"2438551":[14,"厚木市","温水","１１８－１"],"2430484":[14,"海老名市","中央","１－１３－１ビナウォーク４番館"],"2438555":[14,"厚木市","恩名","５－１－１"],"2430432":[14,"海老名市","中央"],"2430212":[14,"厚木市","及川"],"2430805":[14,"厚木市","中依知"],"2430124":[14,"厚木市","森の里若宮"],"2438577":[14,"厚木市","水引","１丁目１０－７"],"2430406":[14,"海老名市","国分北"],"2430813":[14,"厚木市","妻田東"],"2430400":[14,"海老名市",""],"2430402":[14,"海老名市","柏ケ谷"],"2430006":[14,"厚木市","吾妻町"],"2430205":[14,"厚木市","棚沢"],"2430811":[14,"厚木市","妻田"],"2430404":[14,"海老名市","勝瀬"],"2430111":[14,"愛甲郡清川村","宮ケ瀬"],"2430007":[14,"厚木市","厚木"],"2430416":[14,"海老名市","中河内"],"2430216":[14,"厚木市","宮の里"],"2430213":[14,"厚木市","飯山"],"2430206":[14,"厚木市","下川入"],"2430012":[14,"厚木市","幸町"],"2430424":[14,"海老名市","社家"],"2430036":[14,"厚木市","長谷"],"2430803":[14,"厚木市","山際"],"2430815":[14,"厚木市","妻田西"],"2430410":[14,"海老名市","杉久保北"],"2438601":[14,"厚木市","中町","４丁目１４－１"],"2430026":[14,"厚木市","下津古久"],"2438521":[14,"厚木市","関口","８０８"],"2430033":[14,"厚木市","温水"],"2430307":[14,"愛甲郡愛川町","半原"],"2430025":[14,"厚木市","上落合"],"2430305":[14,"愛甲郡愛川町","八菅山"],"2430807":[14,"厚木市","金田"],"2430392":[14,"愛甲郡愛川町","角田","２５１－１"],"2430023":[14,"厚木市","戸田"],"2430014":[14,"厚木市","旭町"],"2430418":[14,"海老名市","大谷南"],"2430001":[14,"厚木市","東町"],"2430192":[14,"厚木市","岡津古久","５６０－２"],"2430422":[14,"海老名市","中新田"],"2430005":[14,"厚木市","松枝"],"2430498":[14,"海老名市","下今泉","３丁目１１－１"],"2430816":[14,"厚木市","林"],"2430483":[14,"海老名市","中央","１丁目６－１小田急ビナウォーク３番館"]}
