{"3950244":[20,"飯田市","山本"],"3958543":[20,"飯田市","上郷黒田","６４６２"],"3950075":[20,"飯田市","白山通り"],"3950022":[20,"飯田市","浜井町"],"3950085":[20,"飯田市","吾妻町"],"3958515":[20,"飯田市","大休","１８７９"],"3950082":[20,"飯田市","宮の前"],"3950042":[20,"飯田市","松尾町"],"3950055":[20,"飯田市","旭町"],"3951101":[20,"下伊那郡喬木村","阿島"],"3950152":[20,"飯田市","育良町"],"3950036":[20,"飯田市","愛宕町"],"3950823":[20,"飯田市","松尾明"],"3950029":[20,"飯田市","二本松"],"3950151":[20,"飯田市","北方"],"3950067":[20,"飯田市","羽場権現"],"3950154":[20,"飯田市","下殿岡"],"3950193":[20,"飯田市","北方","１０２３－１"],"3950013":[20,"飯田市","小伝馬町"],"3950012":[20,"飯田市","大王路"],"3950816":[20,"飯田市","松尾久井"],"3950024":[20,"飯田市","東栄町"],"3950301":[20,"下伊那郡阿智村","春日"],"3950303":[20,"下伊那郡阿智村","駒場"],"3950003":[20,"飯田市","上郷別府"],"3958501":[20,"飯田市","大久保町","２５３４"],"3950053":[20,"飯田市","大久保町"],"3958503":[20,"飯田市","上郷黒田","３４１"],"3950026":[20,"飯田市","鼎西鼎"],"3950002":[20,"飯田市","上郷飯沼"],"3958577":[20,"飯田市","松尾明","２５７２"],"3950031":[20,"飯田市","銀座"],"3950073":[20,"飯田市","羽場坂町"],"3950824":[20,"飯田市","松尾清水"],"3950195":[20,"飯田市","下殿岡","４３５"],"3950806":[20,"飯田市","鼎上山"],"3950192":[20,"飯田市","北方","３８５２－２２"],"3950068":[20,"飯田市","大休"],"3950805":[20,"飯田市","鼎一色"],"3958520":[20,"飯田市","毛賀","１０２０"],"3950802":[20,"飯田市","鼎下茶屋"],"3950004":[20,"飯田市","上郷黒田"],"3951108":[20,"下伊那郡喬木村","伊久間"],"3950034":[20,"飯田市","追手町"],"3958646":[20,"飯田市","高羽町","６丁目１－１５"],"3950826":[20,"飯田市","松尾水城"],"3950804":[20,"飯田市","鼎名古熊"],"3950812":[20,"飯田市","松尾代田"],"3958556":[20,"飯田市","大通","２丁目２０８"],"3950037":[20,"飯田市","南常盤町"],"3958566":[20,"飯田市","松尾明","７５８７－２"],"3950156":[20,"飯田市","中村"],"3950044":[20,"飯田市","本町"],"3958528":[20,"飯田市","上郷飯沼","３１３５－３"],"3958622":[20,"飯田市","吾妻町","１００"],"3950086":[20,"飯田市","東和町"],"3950056":[20,"飯田市","大通"],"3950061":[20,"飯田市","正永町"],"3950076":[20,"飯田市","白山町"],"3950018":[20,"飯田市","諏訪町"],"3950016":[20,"飯田市","伝馬町"],"3950074":[20,"飯田市","松川町"],"3958655":[20,"飯田市","宮の前","４３８１－３"],"3950815":[20,"飯田市","松尾常盤台"],"3951106":[20,"下伊那郡喬木村","富田"],"3950051":[20,"飯田市","高羽町"],"3950046":[20,"飯田市","扇町"],"3958588":[20,"飯田市","松尾上溝","３０９３－１"],"3950304":[20,"下伊那郡阿智村","智里"],"3950066":[20,"飯田市","羽場赤坂"],"3958502":[20,"飯田市","八幡町","４３８"],"3950028":[20,"飯田市","長姫町"],"3950821":[20,"飯田市","松尾新井"],"3950084":[20,"飯田市","鈴加町"],"3951104":[20,"下伊那郡喬木村","氏乗"],"3950242":[20,"飯田市","竹佐"],"3950243":[20,"飯田市","箱川"],"3950153":[20,"飯田市","上殿岡"],"3950825":[20,"飯田市","松尾城"],"3950021":[20,"飯田市","仲ノ町"],"3950601":[20,"下伊那郡平谷村",""],"3950000":[20,"飯田市",""],"3958558":[20,"飯田市","毛賀","１７０７"],"3958505":[20,"飯田市","大通","１丁目１５"],"3950196":[20,"飯田市","中村","１３１３"],"3950041":[20,"飯田市","中央通り"],"3950155":[20,"飯田市","三日市場"],"3958511":[20,"飯田市","座光寺","４６０１－１"],"3950807":[20,"飯田市","鼎切石"],"3951102":[20,"下伊那郡喬木村","加々須"],"3950032":[20,"飯田市","主税町"],"3950081":[20,"飯田市","宮ノ上"],"3958522":[20,"飯田市","鼎中平","１９３６"],"3950014":[20,"飯田市","桜町"],"3950011":[20,"飯田市","大門町"],"3950063":[20,"飯田市","羽場町"],"3950025":[20,"飯田市","東中央通り"],"3958682":[20,"飯田市","知久町","１丁目２６"],"3950501":[20,"下伊那郡阿智村","浪合"],"3950048":[20,"飯田市","滝の沢"],"3950054":[20,"飯田市","箕瀬町"],"3950064":[20,"飯田市","羽場仲畑"],"3950822":[20,"飯田市","松尾寺所"],"3950302":[20,"下伊那郡阿智村","伍和"],"3950701":[20,"下伊那郡根羽村",""],"3950043":[20,"飯田市","通り町"],"3950817":[20,"飯田市","鼎東鼎"],"3950071":[20,"飯田市","今宮町"],"3958585":[20,"飯田市","大門町","２６"],"3950083":[20,"飯田市","錦町"],"3950072":[20,"飯田市","曙町"],"3950305":[20,"下伊那郡阿智村","駒"],"3950001":[20,"飯田市","座光寺"],"3951100":[20,"下伊那郡喬木村",""],"3958567":[20,"飯田市","松尾代田","６１０"],"3950811":[20,"飯田市","松尾上溝"],"3950814":[20,"飯田市","八幡町"],"3950077":[20,"飯田市","丸山町"],"3950157":[20,"飯田市","大瀬木"],"3950017":[20,"飯田市","東新町"],"3951105":[20,"下伊那郡喬木村","大和知"],"3958688":[20,"飯田市","松尾上溝","３０１４－２"],"3950801":[20,"飯田市","鼎中平"],"3950245":[20,"飯田市","山本二ツ山団地"],"3950300":[20,"下伊那郡阿智村",""],"3950241":[20,"飯田市","久米"],"3950033":[20,"飯田市","常盤町"],"3951107":[20,"下伊那郡喬木村","小川"],"3950023":[20,"飯田市","江戸浜町"],"3950065":[20,"飯田市","羽場上河原"],"3950035":[20,"飯田市","水の手町"],"3958609":[20,"飯田市","大久保町","２６３７－３"],"3951103":[20,"下伊那郡喬木村","大島"],"3958611":[20,"飯田市","本町","１丁目２"],"3950803":[20,"飯田市","鼎下山"],"3958555":[20,"飯田市","松尾新井","６３２０－１"],"3958533":[20,"飯田市","東栄町","３３４５"],"3950808":[20,"飯田市","鼎上茶屋"],"3950027":[20,"飯田市","馬場町"],"3950813":[20,"飯田市","毛賀"],"3950062":[20,"飯田市","砂払町"],"3950052":[20,"飯田市","元町"],"3950045":[20,"飯田市","知久町"],"3950401":[20,"下伊那郡阿智村","清内路"],"3950015":[20,"飯田市","江戸町"]}
