{"1006521":[13,"千代田区","丸の内新丸の内ビルディング"],"1008185":[13,"千代田区","大手町","１丁目６番１号"],"1006990":[13,"千代田区","丸の内丸の内パークビルディング"],"1008601":[13,"中央区","晴海","１－８－１１竹橋ビル"],"1007036":[13,"千代田区","丸の内ＪＰタワー"],"1008267":[13,"千代田区","丸の内","１丁目６－５"],"1008677":[12,"千葉市花見川区","宇那谷町","１５０１－２"],"1006111":[13,"千代田区","永田町山王パークタワー"],"1006612":[13,"千代田区","丸の内グラントウキョウサウスタワー"],"1006012":[13,"千代田区","霞が関霞が関ビル"],"1007010":[13,"千代田区","丸の内ＪＰタワー"],"1008214":[13,"千代田区","丸の内","１丁目４－３"],"1006927":[13,"千代田区","丸の内丸の内パークビルディング"],"1008161":[13,"千代田区","大手町","２丁目６番３号"],"1006639":[13,"千代田区","丸の内グラントウキョウサウスタワー"],"1006832":[13,"千代田区","大手町ＪＡビル"],"1006922":[13,"千代田区","丸の内丸の内パークビルディング"],"1008166":[13,"千代田区","大手町","１丁目６－１"],"1006390":[13,"千代田区","丸の内丸の内ビルディング"],"1006527":[13,"千代田区","丸の内新丸の内ビルディング"],"1008450":[13,"千代田区","有楽町","１－１－３東京宝塚ビル１５階"],"1008540":[13,"千代田区","内幸町","２－１－１"],"1006808":[13,"千代田区","大手町ＪＡビル"],"1006324":[13,"千代田区","丸の内丸の内ビルディング"],"1006918":[13,"千代田区","丸の内丸の内パークビルディング"],"1006632":[13,"千代田区","丸の内グラントウキョウサウスタワー"],"1006824":[13,"千代田区","大手町ＪＡビル"],"1006537":[13,"千代田区","丸の内新丸の内ビルディング"],"1000104":[13,"大島町","野増"],"1006714":[13,"千代田区","丸の内グラントウキョウノースタワー"],"1006404":[13,"千代田区","丸の内東京ビルディング"],"1008253":[13,"千代田区","丸の内","１丁目１番１号"],"1008663":[13,"中央区","日本橋室町","１丁目５－３"],"1002101":[13,"小笠原村","父島"],"1006333":[13,"千代田区","丸の内丸の内ビルディング"],"1006137":[13,"千代田区","永田町山王パークタワー"],"1007015":[13,"千代田区","丸の内ＪＰタワー"],"1006603":[13,"千代田区","丸の内グラントウキョウサウスタワー"],"1006290":[13,"千代田区","丸の内パシフィックセンチュリープレイス丸の内"],"1008922":[13,"千代田区","霞が関","３丁目２－１合同庁舎７号館"],"1008088":[13,"千代田区","大手町","１丁目４－２"],"1006827":[13,"千代田区","大手町ＪＡビル"],"1008126":[13,"千代田区","大手町","１丁目６－１大手町ビル７Ｆ"],"1007021":[13,"千代田区","丸の内ＪＰタワー"],"1006211":[13,"千代田区","丸の内パシフィックセンチュリープレイス丸の内"],"1006930":[13,"千代田区","丸の内丸の内パークビルディング"],"1008130":[13,"千代田区","大手町","２丁目２－２"],"1006624":[13,"千代田区","丸の内グラントウキョウサウスタワー"],"1000014":[13,"千代田区","永田町"],"1006015":[13,"千代田区","霞が関霞が関ビル"],"1008050":[13,"千代田区","丸の内","１丁目２－１"],"1008366":[13,"千代田区","丸の内","３丁目４－１"],"1008203":[13,"千代田区","丸の内","１丁目６－４"],"1008978":[13,"千代田区","霞が関","３丁目１－１"],"1006141":[13,"千代田区","永田町山王パークタワー"],"1008141":[13,"千代田区","永田町","２丁目１０番３号"],"1006931":[13,"千代田区","丸の内丸の内パークビルディング"],"1006728":[13,"千代田区","丸の内グラントウキョウノースタワー"],"1006816":[13,"千代田区","大手町ＪＡビル"],"1006009":[13,"千代田区","霞が関霞が関ビル"],"1006301":[13,"千代田区","丸の内丸の内ビルディング"],"1007007":[13,"千代田区","丸の内ＪＰタワー"],"1006809":[13,"千代田区","大手町ＪＡビル"],"1008158":[13,"千代田区","一ツ橋","１丁目２－２"],"1006432":[13,"千代田区","丸の内東京ビルディング"],"1008119":[13,"千代田区","大手町","１丁目３－５"],"1006308":[13,"千代田区","丸の内丸の内ビルディング"],"1006129":[13,"千代田区","永田町山王パークタワー"],"1007027":[13,"千代田区","丸の内ＪＰタワー"],"1008937":[13,"千代田区","霞が関","３丁目２－６東京倶楽部ビルディング"],"1001103":[13,"三宅島三宅村","伊ケ谷"],"1008246":[13,"千代田区","丸の内","１丁目６－２新丸の内センタービルディング１４階"],"1006317":[13,"千代田区","丸の内丸の内ビルディング"],"1006752":[13,"千代田区","丸の内","１丁目９－１"],"1008307":[13,"千代田区","丸の内","２丁目１－１"],"1006625":[13,"千代田区","丸の内グラントウキョウサウスタワー"],"1002100":[13,"小笠原村",""],"1006619":[13,"千代田区","丸の内グラントウキョウサウスタワー"],"1006139":[13,"千代田区","永田町山王パークタワー"],"1002211":[13,"小笠原村","母島"],"1000301":[13,"利島村",""],"1006631":[13,"千代田区","丸の内グラントウキョウサウスタワー"],"1006502":[13,"千代田区","丸の内新丸の内ビルディング"],"1008210":[13,"千代田区","丸の内","１丁目３－３"],"1008585":[13,"千代田区","霞が関","３丁目２－１"],"1006741":[13,"千代田区","丸の内グラントウキョウノースタワー"],"1006704":[13,"千代田区","丸の内グラントウキョウノースタワー"],"1001622":[13,"八丈島八丈町","末吉"],"1006406":[13,"千代田区","丸の内東京ビルディング"],"1006729":[13,"千代田区","丸の内グラントウキョウノースタワー"],"1006802":[13,"千代田区","大手町ＪＡビル"],"1006411":[13,"千代田区","丸の内東京ビルディング"],"1006277":[13,"千代田区","丸の内","１丁目１１－１パシフィックセンチュリープレイス丸の内２階"],"1006902":[13,"千代田区","丸の内丸の内パークビルディング"],"1007009":[13,"千代田区","丸の内ＪＰタワー"],"1006002":[13,"千代田区","霞が関霞が関ビル"],"1008160":[13,"千代田区","大手町","１丁目７－２"],"1006419":[13,"千代田区","丸の内東京ビルディング"],"1006731":[13,"千代田区","丸の内グラントウキョウノースタワー"],"1008608":[13,"千代田区","大手町","１丁目１－２"],"1007022":[13,"千代田区","丸の内ＪＰタワー"],"1003131":[13,"千代田区","大手町","２丁目３－３東京国際郵便局内"],"1008904":[13,"千代田区","霞が関","１丁目１－１"],"1008617":[13,"中央区","銀座","６丁目３－１２"],"1007002":[13,"千代田区","丸の内ＪＰタワー"],"1008920":[13,"千代田区","霞が関","１丁目１－４"],"1008940":[13,"千代田区","霞が関","３丁目１－１"],"1006136":[13,"千代田区","永田町山王パークタワー"],"1006201":[13,"千代田区","丸の内パシフィックセンチュリープレイス丸の内"],"1006801":[13,"千代田区","大手町ＪＡビル"],"1008505":[13,"千代田区","内幸町","２丁目１－４"],"1008543":[13,"千代田区","内幸町","２丁目２－１"],"1006834":[13,"千代田区","大手町ＪＡビル"],"1006126":[13,"千代田区","永田町山王パークタワー"],"1006636":[13,"千代田区","丸の内グラントウキョウサウスタワー"],"1008560":[13,"千代田区","内幸町","１丁目１－３"],"1006590":[13,"千代田区","丸の内新丸の内ビルディング"],"1006426":[13,"千代田区","丸の内東京ビルディング"],"1008910":[13,"千代田区","永田町","１丁目１１－２３"],"1000103":[13,"大島町","泉津"],"1006517":[13,"千代田区","丸の内新丸の内ビルディング"],"1008424":[13,"千代田区","有楽町","２丁目７－１有楽町駅前ビル"],"1006833":[13,"千代田区","大手町ＪＡビル"],"1008506":[13,"千代田区","内幸町","２丁目１－１"],"1008602":[13,"港区","台場","２丁目３－２"],"1008921":[13,"千代田区","霞が関","１丁目３－１"],"1008620":[11,"新座市","野火止","７丁目２１番３３号"],"1006001":[13,"千代田区","霞が関霞が関ビル"],"1006115":[13,"千代田区","永田町山王パークタワー"],"1007026":[13,"千代田区","丸の内ＪＰタワー"],"1008799":[13,"中央区","銀座","８丁目２０－２６"],"1006330":[13,"千代田区","丸の内丸の内ビルディング"],"1006928":[13,"千代田区","丸の内丸の内パークビルディング"],"1007037":[13,"千代田区","丸の内ＪＰタワー"],"1008986":[13,"千代田区","霞が関","１丁目３－１"],"1008621":[13,"中央区","築地","１丁目５－４"],"1006036":[13,"千代田区","霞が関霞が関ビル"],"1006530":[13,"千代田区","丸の内新丸の内ビルディング"],"1008629":[13,"江戸川区","篠崎町","２丁目４０３－７"],"1006325":[13,"千代田区","丸の内丸の内ビルディング"],"1008370":[13,"千代田区","丸の内","２丁目２－３"],"1008283":[13,"千代田区","丸の内","１丁目８－３丸の内トラストタワー本館"],"1008640":[13,"千代田区","神田小川町","１丁目１１ＤＭＳビル内"],"1006130":[13,"千代田区","永田町山王パークタワー"],"1006332":[13,"千代田区","丸の内丸の内ビルディング"],"1006025":[13,"千代田区","霞が関霞が関ビル"],"1008380":[13,"千代田区","丸の内","３丁目２－２"],"1006910":[13,"千代田区","丸の内丸の内パークビルディング"],"1007030":[13,"千代田区","丸の内ＪＰタワー"],"1006407":[13,"千代田区","丸の内東京ビルディング"],"1008140":[13,"千代田区","大手町","１丁目７－２"],"1006262":[13,"千代田区","丸の内","１丁目１１－１パシフィックセンチュリープレイス丸の内地下１階"],"1006703":[13,"千代田区","丸の内グラントウキョウノースタワー"],"1006501":[13,"千代田区","丸の内新丸の内ビルディング"],"1006511":[13,"千代田区","丸の内新丸の内ビルディング"],"1006516":[13,"千代田区","丸の内新丸の内ビルディング"],"1006742":[13,"千代田区","丸の内グラントウキョウノースタワー"],"1001211":[13,"三宅島三宅村","坪田"],"1008131":[13,"千代田区","大手町","１丁目２－３三井生命本社ビル７Ｆ"],"1006613":[13,"千代田区","丸の内グラントウキョウサウスタワー"],"1006316":[13,"千代田区","丸の内丸の内ビルディング"],"1006811":[13,"千代田区","大手町ＪＡビル"],"1006003":[13,"千代田区","霞が関霞が関ビル"],"1006430":[13,"千代田区","丸の内東京ビルディング"],"1008971":[13,"千代田区","霞が関","１丁目１－２"],"1008919":[13,"千代田区","霞が関","２丁目２－１"],"1000012":[13,"千代田区","日比谷公園"],"1007018":[13,"千代田区","丸の内ＪＰタワー"],"1006722":[13,"千代田区","丸の内グラントウキョウノースタワー"],"1008310":[13,"千代田区","丸の内","２丁目２－３"],"1008967":[13,"千代田区","霞が関","３丁目２－１合同庁舎７号館"],"1006305":[13,"千代田区","丸の内丸の内ビルディング"],"1008430":[13,"千代田区","有楽町","２丁目２－１ラクチョウビル"],"1006008":[13,"千代田区","霞が関霞が関ビル"],"1006425":[13,"千代田区","丸の内東京ビルディング"],"1000006":[13,"千代田区","有楽町"],"1008103":[13,"千代田区","大手町","２丁目６－１"],"1000013":[13,"千代田区","霞が関"],"1006416":[13,"千代田区","丸の内東京ビルディング"],"1008108":[13,"千代田区","大手町","１丁目５－１大手町ファーストスクエアウエストタワー"],"1006138":[13,"千代田区","永田町山王パークタワー"],"1006108":[13,"千代田区","永田町山王パークタワー"],"1006751":[13,"千代田区","丸の内","１丁目９－１"],"1006170":[13,"千代田区","永田町","２丁目１１－１山王パークタワー"],"1006427":[13,"千代田区","丸の内東京ビルディング"],"1006690":[13,"千代田区","丸の内グラントウキョウサウスタワー"],"1008086":[13,"千代田区","丸の内","２丁目３－１"],"1006901":[13,"千代田区","丸の内丸の内パークビルディング"],"1008201":[13,"千代田区","丸の内","１丁目３－２"],"1006532":[13,"千代田区","丸の内新丸の内ビルディング"],"1008115":[13,"千代田区","大手町","１丁目１－３"],"1008488":[13,"千代田区","有楽町","２丁目５－１"],"1006736":[13,"千代田区","丸の内グラントウキョウノースタワー"],"1006507":[13,"千代田区","丸の内新丸の内ビルディング"],"1006034":[13,"千代田区","霞が関霞が関ビル"],"1008983":[13,"千代田区","霞が関","３丁目２番１号"],"1006534":[13,"千代田区","丸の内新丸の内ビルディング"],"1006433":[13,"千代田区","丸の内東京ビルディング"],"1008051":[13,"千代田区","一ツ橋","１丁目１－１"],"1006629":[13,"千代田区","丸の内グラントウキョウサウスタワー"],"1008302":[13,"千代田区","丸の内","２丁目５－２"],"1000004":[13,"千代田区","大手町"],"1006835":[13,"千代田区","大手町ＪＡビル"],"1006178":[13,"千代田区","永田町","２丁目１１－１山王パークタワー"],"1008338":[13,"千代田区","丸の内","３丁目３－１"],"1008133":[13,"千代田区","大手町","１－６－１"],"1006637":[13,"千代田区","丸の内グラントウキョウサウスタワー"],"1006203":[13,"千代田区","丸の内パシフィックセンチュリープレイス丸の内"],"1008606":[13,"中央区","京橋","３丁目５－７"],"1001400":[13,"八丈島八丈町",""],"1007029":[13,"千代田区","丸の内ＪＰタワー"],"1000102":[13,"大島町","岡田"],"1006753":[13,"千代田区","丸の内","１－９－１"],"1006837":[13,"千代田区","大手町ＪＡビル"],"1008078":[13,"千代田区","大手町","１丁目７－２"],"1008507":[13,"千代田区","内幸町","２丁目１－４"],"1001101":[13,"三宅島三宅村","神着"],"1008550":[13,"千代田区","内幸町","１丁目１－１"],"1008168":[13,"千代田区","大手町","２丁目６番３号"],"1006331":[13,"千代田区","丸の内丸の内ビルディング"],"1006756":[13,"千代田区","丸の内","１丁目９－１"],"1006225":[13,"千代田区","丸の内パシフィックセンチュリープレイス丸の内"],"1006134":[13,"千代田区","永田町山王パークタワー"],"1000402":[13,"新島村","本村"],"1006819":[13,"千代田区","大手町ＪＡビル"],"1006205":[13,"千代田区","丸の内パシフィックセンチュリープレイス丸の内"],"1006514":[13,"千代田区","丸の内新丸の内ビルディング"],"1008567":[13,"千代田区","丸の内","１丁目６－６"],"1006405":[13,"千代田区","丸の内東京ビルディング"],"1006515":[13,"千代田区","丸の内新丸の内ビルディング"],"1006622":[13,"千代田区","丸の内グラントウキョウサウスタワー"],"1006916":[13,"千代田区","丸の内丸の内パークビルディング"],"1006066":[13,"千代田区","霞が関","３丁目２－５霞ヶ関ビル６階"],"1008666":[13,"江東区","越中島","２丁目１－３０"],"1000601":[13,"神津島村",""],"1008171":[13,"千代田区","大手町","２丁目６－１朝日生命大手町ビル１６階"],"1008216":[13,"千代田区","丸の内","１丁目３－１"],"1008105":[13,"千代田区","大手町","２丁目２－１"],"1006804":[13,"千代田区","大手町ＪＡビル"],"1007020":[13,"千代田区","丸の内ＪＰタワー"],"1006030":[13,"千代田区","霞が関霞が関ビル"],"1006726":[13,"千代田区","丸の内グラントウキョウノースタワー"],"1006311":[13,"千代田区","丸の内丸の内ビルディング"],"1006614":[13,"千代田区","丸の内グラントウキョウサウスタワー"],"1008123":[13,"千代田区","大手町","２－１－１"],"1008169":[13,"千代田区","大手町","２丁目６番３号"],"1006706":[13,"千代田区","丸の内グラントウキョウノースタワー"],"1001621":[13,"八丈島八丈町","樫立"],"1006721":[13,"千代田区","丸の内グラントウキョウノースタワー"],"1006627":[13,"千代田区","丸の内グラントウキョウサウスタワー"],"1008070":[13,"千代田区","大手町","１丁目９番５号大手町フィナンシャルシティ・ノースタワー"],"1006217":[13,"千代田区","丸の内パシフィックセンチュリープレイス丸の内"],"1008972":[13,"千代田区","永田町","２丁目１３－５"],"1006810":[13,"千代田区","大手町ＪＡビル"],"1006720":[13,"千代田区","丸の内グラントウキョウノースタワー"],"1008128":[13,"千代田区","一ツ橋","１丁目２－２竹橋ビル"],"1008577":[13,"千代田区","内幸町","２丁目１－８新生銀行ビル１１階"],"1006740":[13,"千代田区","丸の内グラントウキョウノースタワー"],"1006024":[13,"千代田区","霞が関霞が関ビル"],"1006913":[13,"千代田区","丸の内丸の内パークビルディング"],"1006733":[13,"千代田区","丸の内グラントウキョウノースタワー"],"1006908":[13,"千代田区","丸の内丸の内パークビルディング"],"1000211":[13,"大島町","差木地"],"1008791":[13,"千代田区","丸の内","２丁目７－２"],"1007005":[13,"千代田区","丸の内ＪＰタワー"],"1008232":[13,"千代田区","丸の内","１丁目６番１号"],"1006210":[13,"千代田区","丸の内パシフィックセンチュリープレイス丸の内"],"1008222":[13,"千代田区","丸の内","１丁目６－５"],"1008410":[13,"千代田区","有楽町","２丁目１０－１東京交通会館１階"],"1007034":[13,"千代田区","丸の内ＪＰタワー"],"1006601":[13,"千代田区","丸の内グラントウキョウサウスタワー"],"1006117":[13,"千代田区","永田町山王パークタワー"],"1008228":[13,"千代田区","大手町","２丁目６－４"],"1006326":[13,"千代田区","丸の内丸の内ビルディング"],"1008415":[13,"千代田区","有楽町","１丁目２－２東宝日比谷ビル"],"1008311":[13,"千代田区","丸の内","３丁目３－１"],"1006421":[13,"千代田区","丸の内東京ビルディング"],"1006705":[13,"千代田区","丸の内グラントウキョウノースタワー"],"1001401":[13,"八丈島八丈町","大賀郷"],"1006190":[13,"千代田区","永田町山王パークタワー"],"1006813":[13,"千代田区","大手町ＪＡビル"],"1006825":[13,"千代田区","大手町ＪＡビル"],"1000005":[13,"千代田区","丸の内"],"1006818":[13,"千代田区","大手町ＪＡビル"],"1006218":[13,"千代田区","丸の内パシフィックセンチュリープレイス丸の内"],"1008186":[13,"千代田区","大手町","１丁目８－１"],"1006202":[13,"千代田区","丸の内パシフィックセンチュリープレイス丸の内"],"1007028":[13,"千代田区","丸の内ＪＰタワー"],"1008268":[13,"千代田区","丸の内","１丁目６－５"],"1006124":[13,"千代田区","永田町山王パークタワー"],"1006428":[13,"千代田区","丸の内東京ビルディング"],"1006431":[13,"千代田区","丸の内東京ビルディング"],"1006107":[13,"千代田区","永田町山王パークタワー"],"1006135":[13,"千代田区","永田町山王パークタワー"],"1006140":[13,"千代田区","永田町山王パークタワー"],"1006175":[13,"千代田区","永田町","２丁目１１－１山王パークタワー"],"1006319":[13,"千代田区","丸の内丸の内ビルディング"],"1008484":[13,"千代田区","有楽町","１丁目４－１"],"1006011":[13,"千代田区","霞が関霞が関ビル"],"1006921":[13,"千代田区","丸の内丸の内パークビルディング"],"1006260":[13,"千代田区","丸の内","１丁目１１－１"],"1006510":[13,"千代田区","丸の内新丸の内ビルディング"],"1008444":[13,"千代田区","有楽町","１丁目１－１"],"1006641":[13,"千代田区","丸の内グラントウキョウサウスタワー"],"1008555":[13,"千代田区","内幸町","１丁目５－２"],"1006018":[13,"千代田区","霞が関霞が関ビル"],"1006219":[13,"千代田区","丸の内パシフィックセンチュリープレイス丸の内"],"1006836":[13,"千代田区","大手町ＪＡビル"],"1008163":[13,"千代田区","大手町","２丁目６番３号"],"1006528":[13,"千代田区","丸の内新丸の内ビルディング"],"1007016":[13,"千代田区","丸の内ＪＰタワー"],"1006605":[13,"千代田区","丸の内グラントウキョウサウスタワー"],"1008122":[13,"千代田区","大手町","１丁目３－４"],"1006709":[13,"千代田区","丸の内グラントウキョウノースタワー"],"1008234":[13,"千代田区","丸の内","１丁目８番３号丸の内トラストタワー本館２０階"],"1008907":[13,"千代田区","霞が関","１丁目２－１"],"1006531":[13,"千代田区","丸の内新丸の内ビルディング"],"1006919":[13,"千代田区","丸の内丸の内パークビルディング"],"1008077":[13,"千代田区","大手町","１丁目７－２"],"1006224":[13,"千代田区","丸の内パシフィックセンチュリープレイス丸の内"],"1008144":[13,"千代田区","大手町","１丁目４番１号"],"1008912":[13,"千代田区","霞が関","１丁目３－１"],"1007008":[13,"千代田区","丸の内ＪＰタワー"],"1000401":[13,"新島村","若郷"],"1006106":[13,"千代田区","永田町山王パークタワー"],"1006727":[13,"千代田区","丸の内グラントウキョウノースタワー"],"1008439":[13,"千代田区","有楽町","１丁目９－３"],"1006005":[13,"千代田区","霞が関霞が関ビル"],"1006538":[13,"千代田区","丸の内新丸の内ビルディング"],"1008350":[13,"千代田区","丸の内","１－８－３"],"1008211":[13,"千代田区","丸の内","１丁目６－５"],"1008520":[13,"千代田区","内幸町","２丁目２－２"],"1006023":[13,"千代田区","霞が関霞が関ビル"],"1006128":[13,"千代田区","永田町山王パークタワー"],"1008644":[13,"千代田区","大手町","１丁目７－２"],"1006307":[13,"千代田区","丸の内丸の内ビルディング"],"1006302":[13,"千代田区","丸の内丸の内ビルディング"],"1006604":[13,"千代田区","丸の内グラントウキョウサウスタワー"],"1006803":[13,"千代田区","大手町ＪＡビル"],"1006114":[13,"千代田区","永田町山王パークタワー"],"1006413":[13,"千代田区","丸の内東京ビルディング"],"1006734":[13,"千代田区","丸の内グラントウキョウノースタワー"],"1008215":[13,"千代田区","丸の内","１丁目６－５"],"1006310":[13,"千代田区","丸の内丸の内ビルディング"],"1008929":[13,"千代田区","霞が関","２丁目１－１"],"1006525":[13,"千代田区","丸の内新丸の内ビルディング"],"1008324":[13,"千代田区","丸の内","２丁目５－２"],"1007035":[13,"千代田区","丸の内ＪＰタワー"],"1008066":[13,"千代田区","大手町","１丁目３－７"],"1008985":[13,"千代田区","霞が関","１丁目４－１"],"1008955":[13,"千代田区","霞が関","３－３－１尚友会館"],"1001623":[13,"八丈島八丈町","中之郷"],"1001498":[13,"八丈島八丈町","大賀郷","２３４５－１"],"1006080":[13,"千代田区","霞が関","３丁目２－５霞ヶ関ビル"],"1006618":[13,"千代田区","丸の内グラントウキョウサウスタワー"],"1000101":[13,"大島町","元町"],"1006915":[13,"千代田区","丸の内丸の内パークビルディング"],"1008402":[13,"千代田区","有楽町","１丁目７－１"],"1008924":[13,"千代田区","永田町","１丁目１０－１"],"1008975":[13,"千代田区","霞が関","１丁目２－２"],"1006634":[13,"千代田区","丸の内グラントウキョウサウスタワー"],"1006418":[13,"千代田区","丸の内東京ビルディング"],"1006150":[13,"千代田区","永田町","２丁目１１－１"],"1008172":[13,"千代田区","大手町","１－９－７大手町フィナンシャルシティサウスタワー"],"1008941":[13,"千代田区","霞が関","３丁目２－２"],"1006035":[13,"千代田区","霞が関霞が関ビル"],"1000212":[13,"大島町","波浮港"],"1008227":[13,"千代田区","大手町","２－６－２"],"1006420":[13,"千代田区","丸の内東京ビルディング"],"1006207":[13,"千代田区","丸の内パシフィックセンチュリープレイス丸の内"],"1006812":[13,"千代田区","大手町ＪＡビル"],"1006144":[13,"千代田区","永田町山王パークタワー"],"1006304":[13,"千代田区","丸の内丸の内ビルディング"],"1006327":[13,"千代田区","丸の内丸の内ビルディング"],"1008110":[13,"千代田区","大手町","１丁目７－２"],"1006519":[13,"千代田区","丸の内新丸の内ビルディング"],"1006890":[13,"千代田区","大手町ＪＡビル"],"1006711":[13,"千代田区","丸の内グラントウキョウノースタワー"],"1006725":[13,"千代田区","丸の内グラントウキョウノースタワー"],"1006230":[13,"千代田区","丸の内パシフィックセンチュリープレイス丸の内"],"1006010":[13,"千代田区","霞が関霞が関ビル"],"1006029":[13,"千代田区","霞が関霞が関ビル"],"1006320":[13,"千代田区","丸の内丸の内ビルディング"],"1000001":[13,"千代田区","千代田"],"1006907":[13,"千代田区","丸の内丸の内パークビルディング"],"1008189":[13,"千代田区","大手町","１丁目６番１号大手町ビル"],"1006309":[13,"千代田区","丸の内丸の内ビルディング"],"1008953":[13,"千代田区","永田町","２丁目１３－１０"],"1006216":[13,"千代田区","丸の内パシフィックセンチュリープレイス丸の内"],"1008113":[13,"千代田区","大手町","２丁目２－１"],"1008427":[13,"千代田区","有楽町","２丁目１０－１東京交通会館ビル９Ｆ"],"1008977":[13,"千代田区","霞が関","１丁目１－１"],"1008135":[13,"千代田区","一ツ橋","１－１－１パレスサイドビル"],"1006820":[13,"千代田区","大手町ＪＡビル"],"1006171":[13,"千代田区","永田町","２丁目１１－１山王パークタワー"],"1006103":[13,"千代田区","永田町山王パークタワー"],"1006505":[13,"千代田区","丸の内新丸の内ビルディング"],"1006730":[13,"千代田区","丸の内グラントウキョウノースタワー"],"1008260":[13,"千代田区","丸の内","１丁目６－５丸の内北口ビル"],"1008162":[13,"千代田区","大手町","２丁目６番３号"],"1006004":[13,"千代田区","霞が関霞が関ビル"],"1008996":[13,"千代田区","丸の内","２－７－２"],"1008917":[13,"千代田区","霞が関","３丁目３－２新霞が関ビル５階"],"1006119":[13,"千代田区","永田町山王パークタワー"],"1006313":[13,"千代田区","丸の内丸の内ビルディング"],"1006523":[13,"千代田区","丸の内新丸の内ビルディング"],"1008969":[13,"千代田区","霞が関","１丁目２－２"],"1006318":[13,"千代田区","丸の内丸の内ビルディング"],"1006805":[13,"千代田区","大手町ＪＡビル"],"1001701":[13,"青ヶ島村",""],"1008252":[13,"千代田区","丸の内","１丁目１番１号"],"1008503":[13,"千代田区","内幸町","２丁目２－２"],"1008989":[13,"千代田区","永田町","１丁目６－１"],"1006615":[13,"千代田区","丸の内グラントウキョウサウスタワー"],"1006508":[13,"千代田区","丸の内新丸の内ビルディング"],"1008981":[13,"千代田区","永田町","２丁目２－１"],"1006032":[13,"千代田区","霞が関霞が関ビル"],"1006923":[13,"千代田区","丸の内丸の内パークビルディング"],"1006526":[13,"千代田区","丸の内新丸の内ビルディング"],"1006716":[13,"千代田区","丸の内グラントウキョウノースタワー"],"1000400":[13,"新島村",""],"1008120":[13,"千代田区","大手町","１丁目８－３"],"1006536":[13,"千代田区","丸の内新丸の内ビルディング"],"1006204":[13,"千代田区","丸の内パシフィックセンチュリープレイス丸の内"],"1008351":[13,"千代田区","丸の内","３丁目３－１"],"1006151":[13,"千代田区","永田町","２丁目１１－１山王パークタワー"],"1006828":[13,"千代田区","大手町ＪＡビル"],"1006220":[13,"千代田区","丸の内パシフィックセンチュリープレイス丸の内"],"1008188":[13,"千代田区","大手町","１丁目３－２"],"1006321":[13,"千代田区","丸の内丸の内ビルディング"],"1001100":[13,"三宅島三宅村",""],"1006415":[13,"千代田区","丸の内東京ビルディング"],"1006926":[13,"千代田区","丸の内丸の内パークビルディング"],"1006490":[13,"千代田区","丸の内東京ビルディング"],"1006708":[13,"千代田区","丸の内グラントウキョウノースタワー"],"1000003":[13,"千代田区","一ツ橋"],"1006506":[13,"千代田区","丸の内新丸の内ビルディング"],"1006710":[13,"千代田区","丸の内グラントウキョウノースタワー"],"1008959":[13,"千代田区","霞が関","３丁目２－２"],"1008931":[13,"千代田区","霞が関","１丁目３－１"],"1008125":[13,"千代田区","大手町","１丁目７－２"],"1006906":[13,"千代田区","丸の内丸の内パークビルディング"],"1008927":[13,"千代田区","霞が関","２丁目１－２"],"1006227":[13,"千代田区","丸の内パシフィックセンチュリープレイス丸の内"],"1007004":[13,"千代田区","丸の内ＪＰタワー"],"1008383":[13,"千代田区","丸の内","３丁目２－３"],"1006635":[13,"千代田区","丸の内グラントウキョウサウスタワー"],"1007014":[13,"千代田区","丸の内ＪＰタワー"],"1006120":[13,"千代田区","永田町山王パークタワー"],"1006336":[13,"千代田区","丸の内丸の内ビルディング"],"1006640":[13,"千代田区","丸の内グラントウキョウサウスタワー"],"1006403":[13,"千代田区","丸の内東京ビルディング"],"1008974":[13,"千代田区","霞が関","２丁目１－２"],"1008139":[13,"千代田区","大手町","２丁目３－１"],"1006735":[13,"千代田区","丸の内グラントウキョウノースタワー"],"1008575":[13,"千代田区","内幸町","１丁目１－１"],"1006607":[13,"千代田区","丸の内グラントウキョウサウスタワー"],"1006623":[13,"千代田区","丸の内グラントウキョウサウスタワー"],"1006016":[13,"千代田区","霞が関霞が関ビル"],"1006822":[13,"千代田区","大手町ＪＡビル"],"1006133":[13,"千代田区","永田町山王パークタワー"],"1006743":[13,"千代田区","丸の内グラントウキョウノースタワー"],"1008341":[13,"千代田区","丸の内","３丁目４－１"],"1008173":[13,"千代田区","大手町","２丁目６番３号"],"1006702":[13,"千代田区","丸の内グラントウキョウノースタワー"],"1008930":[13,"千代田区","霞が関","１丁目４－１"],"1006206":[13,"千代田区","丸の内パシフィックセンチュリープレイス丸の内"],"1008961":[13,"千代田区","永田町","１丁目７－１"],"1006712":[13,"千代田区","丸の内グラントウキョウノースタワー"],"1006328":[13,"千代田区","丸の内丸の内ビルディング"],"1006007":[13,"千代田区","霞が関霞が関ビル"],"1008945":[13,"千代田区","霞が関","１丁目２－２"],"1008322":[13,"千代田区","丸の内","２丁目２－３丸の内仲通りビル"],"1008448":[13,"千代田区","有楽町","２丁目１０－１東京交通会館ビル９Ｆ"],"1006754":[13,"千代田区","丸の内","１丁目９－１"],"1008665":[13,"千代田区","大手町","１丁目７－２"],"1006118":[13,"千代田区","永田町山王パークタワー"],"1008655":[13,"中央区","京橋","２丁目１５－１"],"1008632":[13,"千代田区","神田錦町","３丁目１８－３"],"1008952":[13,"千代田区","霞が関","１丁目２－１"],"1006707":[13,"千代田区","丸の内グラントウキョウノースタワー"],"1006231":[13,"千代田区","丸の内パシフィックセンチュリープレイス丸の内"],"1006022":[13,"千代田区","霞が関霞が関ビル"],"1006815":[13,"千代田区","大手町ＪＡビル"],"1006533":[13,"千代田区","丸の内新丸の内ビルディング"],"1006122":[13,"千代田区","永田町山王パークタワー"],"1008676":[13,"江戸川区","春江町","２丁目３１－１５"],"1006172":[13,"千代田区","永田町","２丁目１１－１山王パークタワー"],"1006626":[13,"千代田区","丸の内グラントウキョウサウスタワー"],"1001102":[13,"三宅島三宅村","伊豆"],"1006823":[13,"千代田区","大手町ＪＡビル"],"1008233":[13,"千代田区","丸の内","１丁目４番１号"],"1006228":[13,"千代田区","丸の内パシフィックセンチュリープレイス丸の内"],"1008968":[13,"千代田区","永田町","１丁目６－１"],"1008522":[13,"千代田区","内幸町","１丁目３－１"],"1008501":[13,"千代田区","内幸町","２丁目１－８"],"1006715":[13,"千代田区","丸の内グラントウキョウノースタワー"],"1008918":[13,"千代田区","霞が関","２丁目１－３"],"1008901":[13,"千代田区","霞が関","１丁目３－１"],"1006021":[13,"千代田区","霞が関霞が関ビル"],"1008502":[13,"千代田区","内幸町","２丁目１－４日比谷中日ビル３階"],"1006312":[13,"千代田区","丸の内丸の内ビルディング"],"1008980":[13,"千代田区","霞が関","３丁目３－２"],"1006933":[13,"千代田区","丸の内丸の内パークビルディング"],"1006408":[13,"千代田区","丸の内東京ビルディング"],"1006924":[13,"千代田区","丸の内丸の内パークビルディング"],"1007019":[13,"千代田区","丸の内ＪＰタワー"],"1006755":[13,"千代田区","丸の内","１丁目９－１"],"1006616":[13,"千代田区","丸の内グラントウキョウサウスタワー"],"1007006":[13,"千代田区","丸の内ＪＰタワー"],"1008288":[13,"千代田区","丸の内","１丁目６－６"],"1008345":[13,"千代田区","丸の内","２丁目３－２郵船ビル"],"1006628":[13,"千代田区","丸の内グラントウキョウサウスタワー"],"1007013":[13,"千代田区","丸の内ＪＰタワー"],"1006520":[13,"千代田区","丸の内新丸の内ビルディング"],"1008333":[13,"千代田区","丸の内","２丁目５－１"],"1006221":[13,"千代田区","丸の内パシフィックセンチュリープレイス丸の内"],"1006031":[13,"千代田区","霞が関霞が関ビル"],"1006152":[13,"千代田区","永田町","２丁目１１－１山王パークタワー"],"1006401":[13,"千代田区","丸の内東京ビルディング"],"1006422":[13,"千代田区","丸の内東京ビルディング"],"1006033":[13,"千代田区","霞が関霞が関ビル"],"1006020":[13,"千代田区","霞が関霞が関ビル"],"1006102":[13,"千代田区","永田町山王パークタワー"],"1006162":[13,"千代田区","永田町","２－１１－１山王パークタワー３階"],"1000511":[13,"新島村","式根島"],"1006112":[13,"千代田区","永田町山王パークタワー"],"1006019":[13,"千代田区","霞が関霞が関ビル"],"1006513":[13,"千代田区","丸の内新丸の内ビルディング"],"1006914":[13,"千代田区","丸の内丸の内パークビルディング"],"1008456":[13,"千代田区","有楽町","１丁目１－２"],"1008111":[13,"千代田区","千代田","１－１"],"1000002":[13,"千代田区","皇居外苑"],"1007033":[13,"千代田区","丸の内ＪＰタワー"],"1006934":[13,"千代田区","丸の内丸の内パークビルディング"],"1006429":[13,"千代田区","丸の内東京ビルディング"],"1006739":[13,"千代田区","丸の内グラントウキョウノースタワー"],"1001212":[13,"三宅島三宅村","阿古"],"1006929":[13,"千代田区","丸の内丸の内パークビルディング"],"1006116":[13,"千代田区","永田町山王パークタワー"],"1008282":[13,"千代田区","丸の内","１丁目８－２"],"1006177":[13,"千代田区","永田町","２丁目１１－１山王パークタワー"],"1006402":[13,"千代田区","丸の内東京ビルディング"],"1008420":[13,"千代田区","有楽町","１丁目１３－２"],"1008905":[13,"千代田区","霞が関","３丁目２－１合同庁舎７号館"],"1007003":[13,"千代田区","丸の内ＪＰタワー"],"1006125":[13,"千代田区","永田町山王パークタワー"],"1008079":[13,"千代田区","大手町","１丁目７－２"],"1008187":[13,"千代田区","大手町","１丁目３番２号経団連会館１９階"],"1008121":[13,"千代田区","一ツ橋","１丁目１－１"],"1006028":[13,"千代田区","霞が関霞が関ビル"],"1008914":[13,"千代田区","永田町","１丁目６－１"],"1006905":[13,"千代田区","丸の内丸の内パークビルディング"],"1008388":[13,"千代田区","丸の内","２丁目７－１"],"1006101":[13,"千代田区","永田町山王パークタワー"],"1006226":[13,"千代田区","丸の内パシフィックセンチュリープレイス丸の内"],"1008962":[13,"千代田区","永田町","２丁目１－１"],"1001511":[13,"八丈島八丈町","三根"],"1006027":[13,"千代田区","霞が関霞が関ビル"],"1007023":[13,"千代田区","丸の内ＪＰタワー"],"1008588":[13,"千代田区","内幸町","１丁目３－２"],"1008270":[13,"千代田区","大手町","１丁目３－２"],"1006522":[13,"千代田区","丸の内新丸の内ビルディング"],"1006518":[13,"千代田区","丸の内新丸の内ビルディング"],"1006617":[13,"千代田区","丸の内グラントウキョウサウスタワー"],"1006409":[13,"千代田区","丸の内東京ビルディング"],"1006209":[13,"千代田区","丸の内パシフィックセンチュリープレイス丸の内"],"1006142":[13,"千代田区","永田町山王パークタワー"],"1006610":[13,"千代田区","丸の内グラントウキョウサウスタワー"],"1008956":[13,"千代田区","霞が関","１丁目１－２"],"1008909":[13,"千代田区","永田町","１丁目８－１"],"1006606":[13,"千代田区","丸の内グラントウキョウサウスタワー"],"1006017":[13,"千代田区","霞が関霞が関ビル"],"1006806":[13,"千代田区","大手町ＪＡビル"],"1006620":[13,"千代田区","丸の内グラントウキョウサウスタワー"],"1008798":[13,"千代田区","霞が関","１丁目３－２"],"1006909":[13,"千代田区","丸の内丸の内パークビルディング"],"1006315":[13,"千代田区","丸の内丸の内ビルディング"],"1008219":[13,"千代田区","丸の内","１丁目６－６"],"1008331":[13,"千代田区","有楽町","１－１２－１新有楽町ビル"],"1007012":[13,"千代田区","丸の内ＪＰタワー"],"1007031":[13,"千代田区","丸の内ＪＰタワー"],"1006174":[13,"千代田区","永田町","２丁目１１－１山王パークタワー"],"1006535":[13,"千代田区","丸の内新丸の内ビルディング"],"1000011":[13,"千代田区","内幸町"],"1006322":[13,"千代田区","丸の内丸の内ビルディング"],"1006932":[13,"千代田区","丸の内丸の内パークビルディング"],"1008411":[13,"千代田区","有楽町","１丁目１３－１"],"1006609":[13,"千代田区","丸の内グラントウキョウサウスタワー"],"1006829":[13,"千代田区","大手町ＪＡビル"],"1006790":[13,"千代田区","丸の内グラントウキョウノースタワー"],"1006113":[13,"千代田区","永田町山王パークタワー"],"1000100":[13,"大島町",""],"1006213":[13,"千代田区","丸の内パシフィックセンチュリープレイス丸の内"],"1008138":[13,"千代田区","大手町","１丁目１－３大手センタービル２階"],"1008181":[13,"千代田区","大手町","２丁目６－１朝日東海ビル"],"1007090":[13,"千代田区","丸の内ＪＰタワー"],"1008987":[13,"千代田区","霞が関","１丁目１－１中央合同庁舎第６号館Ｂ棟"],"1006904":[13,"千代田区","丸の内丸の内パークビルディング"],"1008960":[13,"千代田区","永田町","１丁目７－１"],"1006329":[13,"千代田区","丸の内丸の内ビルディング"],"1006423":[13,"千代田区","丸の内東京ビルディング"],"1006006":[13,"千代田区","霞が関霞が関ビル"],"1008321":[13,"千代田区","丸の内","３丁目１－１"],"1006732":[13,"千代田区","丸の内グラントウキョウノースタワー"],"1006718":[13,"千代田区","丸の内グラントウキョウノースタワー"],"1006642":[13,"千代田区","丸の内グラントウキョウサウスタワー"],"1006917":[13,"千代田区","丸の内丸の内パークビルディング"],"1006826":[13,"千代田区","大手町ＪＡビル"],"1008902":[13,"千代田区","霞が関","１丁目３－１"],"1006830":[13,"千代田区","大手町ＪＡビル"],"1008649":[13,"千代田区","大手町","１丁目７－２"],"1006335":[13,"千代田区","丸の内丸の内ビルディング"],"1006105":[13,"千代田区","永田町山王パークタワー"],"1006701":[13,"千代田区","丸の内グラントウキョウノースタワー"],"1008915":[13,"千代田区","霞が関","３丁目４－３"],"1008925":[13,"千代田区","霞が関","３丁目３－１尚友会館"],"1008165":[13,"千代田区","大手町","２丁目２－１"],"1008976":[13,"千代田区","霞が関","２－１－３"],"1008102":[13,"千代田区","大手町","１丁目３－３"],"1006424":[13,"千代田区","丸の内東京ビルディング"],"1006222":[13,"千代田区","丸の内パシフィックセンチュリープレイス丸の内"],"1006737":[13,"千代田区","丸の内グラントウキョウノースタワー"],"1006306":[13,"千代田区","丸の内丸の内ビルディング"],"1006110":[13,"千代田区","永田町山王パークタワー"],"1006814":[13,"千代田区","大手町ＪＡビル"],"1008265":[13,"千代田区","丸の内","１丁目６－５"],"1008117":[13,"千代田区","大手町","１丁目３－２"],"1008913":[13,"千代田区","霞が関","１丁目２－３"],"1006920":[13,"千代田区","丸の内丸の内パークビルディング"],"1008262":[13,"千代田区","丸の内","１丁目６－５"],"1008994":[13,"千代田区","丸の内","２丁目７－２"],"1006621":[13,"千代田区","丸の内グラントウキョウサウスタワー"],"1006512":[13,"千代田区","丸の内新丸の内ビルディング"],"1006412":[13,"千代田区","丸の内東京ビルディング"],"1006504":[13,"千代田区","丸の内新丸の内ビルディング"],"1006719":[13,"千代田区","丸の内グラントウキョウノースタワー"],"1008970":[13,"千代田区","霞が関","３丁目１－１"],"1006143":[13,"千代田区","永田町山王パークタワー"],"1007017":[13,"千代田区","丸の内ＪＰタワー"],"1008251":[13,"千代田区","丸の内","１丁目１番１号"],"1008631":[13,"千代田区","大手町","１丁目２－１"],"1008951":[13,"千代田区","霞が関","３丁目２－２"],"1008303":[13,"千代田区","丸の内","３丁目４－１"],"1008982":[13,"千代田区","永田町","２丁目１－２"],"1008167":[13,"千代田区","大手町","２丁目６番３号"],"1008950":[13,"千代田区","霞が関","１丁目２－１"],"1006323":[13,"千代田区","丸の内丸の内ビルディング"],"1006638":[13,"千代田区","丸の内グラントウキョウサウスタワー"],"1006303":[13,"千代田区","丸の内丸の内ビルディング"],"1001213":[13,"三宅島三宅村","雄山"],"1006903":[13,"千代田区","丸の内丸の内パークビルディング"],"1006509":[13,"千代田区","丸の内新丸の内ビルディング"],"1006013":[13,"千代田区","霞が関霞が関ビル"],"1008151":[13,"千代田区","大手町","２丁目１－１大手町野村ビル"],"1008610":[13,"千代田区","神田小川町","１丁目１１"],"1000000":[13,"千代田区",""],"1008325":[13,"千代田区","丸の内","３－３－１"],"1006127":[13,"千代田区","永田町山王パークタワー"],"1006255":[13,"千代田区","丸の内","１丁目１１－１パシフィックセンチュリープレイス丸の内２４階"],"1007032":[13,"千代田区","丸の内ＪＰタワー"],"1006602":[13,"千代田区","丸の内グラントウキョウサウスタワー"],"1006723":[13,"千代田区","丸の内グラントウキョウノースタワー"],"1006051":[13,"千代田区","霞が関","３－２－５霞が関ビル２３階"],"1006215":[13,"千代田区","丸の内パシフィックセンチュリープレイス丸の内"],"1006173":[13,"千代田区","永田町","２丁目１１－１山王パークタワー"],"1006417":[13,"千代田区","丸の内東京ビルディング"],"1006611":[13,"千代田区","丸の内グラントウキョウサウスタワー"],"1007011":[13,"千代田区","丸の内ＪＰタワー"],"1006608":[13,"千代田区","丸の内グラントウキョウサウスタワー"],"1006633":[13,"千代田区","丸の内グラントウキョウサウスタワー"],"1006223":[13,"千代田区","丸の内パシフィックセンチュリープレイス丸の内"],"1006131":[13,"千代田区","永田町山王パークタワー"],"1006713":[13,"千代田区","丸の内グラントウキョウノースタワー"],"1006104":[13,"千代田区","永田町山王パークタワー"],"1008355":[13,"千代田区","丸の内","３丁目３－１"],"1008182":[13,"千代田区","大手町","２丁目２－１"],"1006912":[13,"千代田区","丸の内丸の内パークビルディング"],"1006208":[13,"千代田区","丸の内パシフィックセンチュリープレイス丸の内"],"1006212":[13,"千代田区","丸の内パシフィックセンチュリープレイス丸の内"],"1008421":[13,"千代田区","有楽町","１丁目２－２東宝日比谷ビル５階"],"1008795":[13,"千代田区","丸の内","１丁目６－１"],"1006925":[13,"千代田区","丸の内丸の内パークビルディング"],"1008926":[13,"千代田区","霞が関","２丁目１－２"],"1006214":[13,"千代田区","丸の内パシフィックセンチュリープレイス丸の内"],"1008118":[13,"千代田区","大手町","１丁目３－２経団連会館"],"1006337":[13,"千代田区","丸の内丸の内ビルディング"],"1001492":[13,"八丈島八丈町","大賀郷","２４６６－２"],"1008558":[13,"千代田区","内幸町","１丁目１－１"],"1006410":[13,"千代田区","丸の内東京ビルディング"],"1008979":[13,"千代田区","霞が関","３丁目３－２"],"1006121":[13,"千代田区","永田町山王パークタワー"],"1008285":[13,"千代田区","丸の内","１－８－１丸の内トラストタワーＮ館１６階"],"1006717":[13,"千代田区","丸の内グラントウキョウノースタワー"],"1006817":[13,"千代田区","大手町ＪＡビル"],"1007038":[13,"千代田区","丸の内ＪＰタワー"],"1006334":[13,"千代田区","丸の内丸の内ビルディング"],"1006026":[13,"千代田区","霞が関霞が関ビル"],"1006524":[13,"千代田区","丸の内新丸の内ビルディング"],"1008511":[13,"千代田区","内幸町","２丁目２－２"],"1006738":[13,"千代田区","丸の内グラントウキョウノースタワー"],"1006229":[13,"千代田区","丸の内パシフィックセンチュリープレイス丸の内"],"1008164":[13,"千代田区","大手町","２丁目６番３号"],"1007025":[13,"千代田区","丸の内ＪＰタワー"],"1006821":[13,"千代田区","大手町ＪＡビル"],"1006314":[13,"千代田区","丸の内丸の内ビルディング"],"1007001":[13,"千代田区","丸の内ＪＰタワー"],"1006911":[13,"千代田区","丸の内丸の内パークビルディング"],"1006414":[13,"千代田区","丸の内東京ビルディング"],"1006503":[13,"千代田区","丸の内新丸の内ビルディング"],"1008965":[13,"千代田区","霞が関","３丁目７番３号"],"1008903":[13,"千代田区","霞が関","１丁目１－１"],"1006132":[13,"千代田区","永田町山王パークタワー"],"1008440":[13,"千代田区","有楽町","１丁目１－２"],"1007024":[13,"千代田区","丸の内ＪＰタワー"],"1008916":[13,"千代田区","霞が関","１丁目２－２"],"1001301":[13,"御蔵島村",""],"1006109":[13,"千代田区","永田町山王パークタワー"],"1006090":[13,"千代田区","霞が関霞が関ビル"],"1008933":[13,"千代田区","霞が関","１丁目１－４"],"1006529":[13,"千代田区","丸の内新丸の内ビルディング"],"1006807":[13,"千代田区","大手町ＪＡビル"],"1006630":[13,"千代田区","丸の内グラントウキョウサウスタワー"],"1008639":[11,"川越市","大字今福","８２５－３メールハウス今福センター"],"1006123":[13,"千代田区","永田町山王パークタワー"],"1006014":[13,"千代田区","霞が関霞が関ビル"],"1006831":[13,"千代田区","大手町ＪＡビル"],"1006724":[13,"千代田区","丸の内グラントウキョウノースタワー"]}
