{"2770826":[12,"柏市","宿連寺"],"2770871":[12,"柏市","若柴"],"2770001":[12,"柏市","呼塚新田"],"2770822":[12,"柏市","布施下"],"2770027":[12,"柏市","あかね町"],"2770013":[12,"柏市","東台本町"],"2778507":[12,"柏市","柏","２丁目５－７住友生命柏ビル"],"2778531":[12,"柏市","十余二","赤坂台４０９"],"2770023":[12,"柏市","中央"],"2770028":[12,"柏市","関場町"],"2778558":[12,"柏市","あけぼの","２丁目１－５"],"2770943":[12,"柏市","高柳新田"],"2770923":[12,"柏市","塚崎"],"2770043":[12,"柏市","南逆井"],"2770913":[12,"柏市","五條谷"],"2770008":[12,"柏市","戸張"],"2770062":[12,"柏市","光ケ丘団地"],"2770017":[12,"柏市","東柏"],"2770824":[12,"柏市","布施新田"],"2770882":[12,"柏市","柏の葉"],"2770052":[12,"柏市","増尾台"],"2770945":[12,"柏市","しいの木台"],"2770844":[12,"柏市","西町"],"2778587":[12,"柏市","柏の葉","５－１－５"],"2770066":[12,"柏市","中新宿"],"2778505":[12,"柏市","柏","５丁目１０－１"],"2770044":[12,"柏市","新逆井"],"2770941":[12,"柏市","高柳"],"2770863":[12,"柏市","豊四季"],"2770075":[12,"柏市","南柏中央"],"2778666":[12,"柏市","末広町","３－１６"],"2770086":[12,"柏市","永楽台"],"2770861":[12,"柏市","高田"],"2778511":[12,"柏市","豊四季","２４１－２２"],"2770858":[12,"柏市","豊上町"],"2770025":[12,"柏市","千代田"],"2770071":[12,"柏市","豊住"],"2770011":[12,"柏市","東上町"],"2770885":[12,"柏市","西原"],"2770081":[12,"柏市","富里"],"2770831":[12,"柏市","根戸"],"2770072":[12,"柏市","つくしが丘"],"2778655":[12,"柏市","東上町","８－１８"],"2770833":[12,"柏市","根戸新田"],"2770813":[12,"柏市","大室"],"2778589":[12,"柏市","柏の葉","５丁目１番５号"],"2778582":[12,"柏市","柏の葉","５丁目１－５"],"2778503":[12,"柏市","大島田","４８－１"],"2770931":[12,"柏市","藤ケ谷"],"2770033":[12,"柏市","増尾"],"2770802":[12,"柏市","船戸"],"2770003":[12,"柏市","柏堀之内新田"],"2770087":[12,"柏市","常盤台"],"2778554":[12,"柏市","松ケ崎","７２２－１"],"2770085":[12,"柏市","中原"],"2770042":[12,"柏市","逆井"],"2770854":[12,"柏市","豊町"],"2770811":[12,"柏市","上利根"],"2770942":[12,"柏市","高南台"],"2778501":[12,"柏市","柏","２丁目２－３"],"2770083":[12,"柏市","日立台"],"2770837":[12,"柏市","大山台"],"2770805":[12,"柏市","大青田"],"2770852":[12,"柏市","旭町"],"2778557":[12,"柏市","十余二","２１７"],"2770005":[12,"柏市","柏"],"2770872":[12,"柏市","十余二"],"2778561":[12,"柏市","柏の葉","５丁目１番５号"],"2770912":[12,"柏市","箕輪"],"2770055":[12,"柏市","青葉台"],"2778550":[12,"柏市","末広町","１－１"],"2778533":[12,"柏市","新十余二","１０番地１"],"2770051":[12,"柏市","加賀"],"2770881":[12,"柏市","青田新田飛地"],"2770902":[12,"柏市","大井"],"2770922":[12,"柏市","大島田"],"2770835":[12,"柏市","松ケ崎"],"2770016":[12,"柏市","八幡町"],"2778661":[12,"柏市","藤ケ谷",""],"2770845":[12,"柏市","豊四季台"],"2778586":[12,"柏市","根戸","１－３"],"2770000":[12,"柏市",""],"2770823":[12,"柏市","布施新町"],"2770088":[12,"柏市","ひばりが丘"],"2778522":[12,"柏市","あけぼの","２丁目１－３０"],"2770803":[12,"柏市","小青田"],"2770002":[12,"柏市","呼塚"],"2770841":[12,"柏市","あけぼの"],"2770901":[12,"柏市","大井新田"],"2770012":[12,"柏市","桜台"],"2770825":[12,"柏市","布施"],"2778570":[12,"柏市","旭町","３丁目２番１号"],"2770801":[12,"柏市","船戸山高野"],"2770053":[12,"柏市","酒井根"],"2770045":[12,"柏市","東逆井"],"2778654":[12,"柏市","光ケ丘","２丁目１－１"],"2770843":[12,"柏市","明原"],"2778504":[12,"柏市","柏の葉","６丁目４－２"],"2778565":[12,"柏市","十余二","４０９"],"2770924":[12,"柏市","風早"],"2778551":[12,"柏市","あけぼの","３丁目８－２０"],"2770856":[12,"柏市","新富町"],"2778515":[12,"柏市","新十余二","１１"],"2778686":[12,"柏市","光ケ丘","２丁目１－１"],"2770022":[12,"柏市","泉町"],"2770821":[12,"柏市","弁天下"],"2770074":[12,"柏市","今谷上町"],"2770884":[12,"柏市","みどり台"],"2770814":[12,"柏市","正連寺"],"2770015":[12,"柏市","弥生町"],"2770041":[12,"柏市","逆井藤ノ台"],"2770944":[12,"柏市","南高柳"],"2770862":[12,"柏市","篠籠田"],"2770061":[12,"柏市","東中新宿"],"2770007":[12,"柏市","戸張新田"],"2770827":[12,"柏市","松葉町"],"2770034":[12,"柏市","藤心"],"2770846":[12,"柏市","かやの町"],"2770855":[12,"柏市","南柏"],"2770836":[12,"柏市","北柏台"],"2770082":[12,"柏市","緑ケ丘"],"2770014":[12,"柏市","東"],"2770834":[12,"柏市","松ケ崎新田"],"2778581":[12,"柏市","柏の葉","５丁目１－５"],"2770065":[12,"柏市","光ケ丘"],"2770932":[12,"柏市","藤ケ谷新田"],"2770853":[12,"柏市","吉野沢"],"2770851":[12,"柏市","向原町"],"2770812":[12,"柏市","花野井"],"2770911":[12,"柏市","箕輪新田"],"2778539":[12,"柏市","新十余二","５"],"2770832":[12,"柏市","北柏"],"2770903":[12,"柏市","緑台"],"2770921":[12,"柏市","大津ケ丘"],"2770857":[12,"柏市","豊平町"],"2770063":[12,"柏市","西山"],"2770073":[12,"柏市","今谷南町"],"2770032":[12,"柏市","名戸ケ谷"],"2770054":[12,"柏市","南増尾"],"2778521":[12,"柏市","柏","１丁目１－２１"],"2770883":[12,"柏市","伊勢原"],"2770004":[12,"柏市","柏下"],"2770024":[12,"柏市","若葉町"],"2778556":[12,"柏市","十余二","３４８"],"2778566":[12,"柏市","末広町","５－１９第１２関口ビル２Ｆ"],"2778518":[12,"柏市","若柴","１７５"],"2770084":[12,"柏市","新柏"],"2770021":[12,"柏市","中央町"],"2778588":[12,"柏市","末広町","１４－１明治安田生命柏フェイムズ９階"],"2778585":[12,"柏市","大井","２５９０"],"2770031":[12,"柏市","亀甲台町"],"2770873":[12,"柏市","中十余二"],"2770006":[12,"柏市","柏中村下"],"2770804":[12,"柏市","新十余二"],"2778577":[12,"柏市","柏の葉","６丁目５－１"],"2770064":[12,"柏市","東山"],"2770842":[12,"柏市","末広町"],"2770026":[12,"柏市","大塚町"],"2770886":[12,"柏市","西柏台"]}
