{"5193615":[24,"尾鷲市","中央町"],"5190425":[24,"度会郡玉城町","岩出"],"5192911":[24,"度会郡大紀町","錦"],"5192187":[24,"多気郡多気町","鍬形"],"5190507":[24,"伊勢市","小俣町新村"],"5192161":[24,"多気郡多気町","土羽"],"5193606":[24,"尾鷲市","北浦町"],"5191107":[24,"亀山市","関町木崎"],"5192518":[24,"多気郡大台町","大井"],"5194201":[24,"熊野市","須野町"],"5190102":[24,"亀山市","和田町"],"5192504":[24,"多気郡大台町","小切畑"],"5190405":[24,"度会郡玉城町","日向"],"5195211":[24,"南牟婁郡御浜町","上市木"],"5195200":[24,"南牟婁郡御浜町",""],"5190193":[24,"亀山市","布気町","９１９"],"5190314":[24,"鈴鹿市","長澤町"],"5191125":[24,"亀山市","加太向井"],"5193651":[24,"尾鷲市","末広町"],"5191113":[24,"亀山市","関町古厩"],"5193405":[24,"北牟婁郡紀北町","海山区船津"],"5190124":[24,"亀山市","東御幸町"],"5190156":[24,"亀山市","南野町"],"5192157":[24,"多気郡多気町","五佐奈"],"5192512":[24,"多気郡大台町","清滝"],"5190215":[24,"亀山市","太森町"],"5194673":[24,"熊野市","五郷町寺谷"],"5192100":[24,"多気郡多気町",""],"5192141":[24,"松阪市","上蛸路町"],"5193643":[24,"尾鷲市","南浦"],"5195413":[24,"熊野市","紀和町板屋"],"5192801":[24,"度会郡大紀町","柏野"],"5190196":[24,"亀山市","栄町","１５０４－１"],"5192501":[24,"多気郡大台町","下真手"],"5192151":[24,"多気郡多気町","朝長"],"5191129":[24,"亀山市","加太板屋"],"5192182":[24,"多気郡多気町","相可台"],"5191706":[24,"伊賀市","島ケ原"],"5190696":[24,"伊勢市","二見町茶屋","４２０番地１"],"5194326":[24,"熊野市","久生屋町"],"5193408":[24,"北牟婁郡紀北町","海山区便ノ山"],"5193639":[24,"尾鷲市","中川"],"5192201":[24,"多気郡多気町","上出江"],"5192523":[24,"多気郡大台町","小滝"],"5193646":[24,"尾鷲市","泉町"],"5194448":[24,"熊野市","育生町大井"],"5195401":[24,"熊野市","紀和町小森"],"5190435":[24,"度会郡玉城町","矢野"],"5190401":[24,"度会郡玉城町","世古"],"5193625":[24,"尾鷲市","向井"],"5191416":[24,"伊賀市","新堂"],"5193642":[24,"尾鷲市","大滝町"],"5194323":[24,"熊野市","木本町"],"5190608":[24,"伊勢市","二見町今一色"],"5190169":[24,"亀山市","白木町"],"5191118":[24,"亀山市","関町富士ハイツ"],"5190147":[24,"亀山市","山下町"],"5192422":[24,"多気郡大台町","柳原"],"5191121":[24,"亀山市","加太梶ケ坂"],"5194562":[24,"熊野市","飛鳥町小又"],"5192506":[24,"多気郡大台町","天ケ瀬"],"5194444":[24,"熊野市","神川町長原"],"5190592":[24,"伊勢市","小俣町元町","５４０"],"5191426":[24,"伊賀市","西之澤"],"5195406":[24,"熊野市","紀和町矢ノ川"],"5192188":[24,"多気郡多気町","牧"],"5192427":[24,"多気郡大台町","上楠"],"5194443":[24,"熊野市","神川町柳谷"],"5193695":[24,"尾鷲市","坂場西町","１－１"],"5190415":[24,"度会郡玉城町","田丸"],"5192704":[24,"度会郡大紀町","阿曽"],"5193614":[24,"尾鷲市","南陽町"],"5190181":[24,"亀山市","みずきが丘"],"5195832":[24,"南牟婁郡紀宝町","阪松原"],"5192202":[24,"多気郡多気町","下出江"],"5190427":[24,"度会郡玉城町","宮古"],"5191412":[24,"伊賀市","下柘植"],"5190421":[24,"度会郡玉城町","富岡"],"5195711":[24,"南牟婁郡紀宝町","井田"],"5191425":[24,"伊賀市","川西"],"5193492":[24,"北牟婁郡紀北町","海山区相賀","４９５番地８"],"5193400":[24,"北牟婁郡紀北町",""],"5194392":[24,"熊野市","井戸町","７９６"],"5195717":[24,"南牟婁郡紀宝町","瀬原"],"5192411":[24,"多気郡大台町","上菅"],"5193922":[24,"尾鷲市","古江町"],"5193207":[24,"北牟婁郡紀北町","紀伊長島区道瀬"],"5190117":[24,"亀山市","北山町"],"5195701":[24,"南牟婁郡紀宝町","鵜殿"],"5190212":[24,"亀山市","能褒野町"],"5193618":[24,"尾鷲市","栄町"],"5193811":[24,"尾鷲市","三木里町"],"5195321":[24,"南牟婁郡御浜町","阪本"],"5190604":[24,"伊勢市","二見町山田原"],"5192214":[24,"多気郡多気町","車川"],"5193402":[24,"北牟婁郡紀北町","海山区河内"],"5190144":[24,"亀山市","楠平尾町"],"5192156":[24,"多気郡多気町","西池上"],"5192511":[24,"多気郡大台町","菅木屋"],"5192176":[24,"多気郡多気町","長谷"],"5193923":[24,"尾鷲市","梶賀町"],"5191117":[24,"亀山市","関町泉ケ丘"],"5192405":[24,"多気郡大台町","弥起井"],"5193404":[24,"北牟婁郡紀北町","海山区中里"],"5191104":[24,"亀山市","関町白木一色"],"5193664":[24,"尾鷲市","坂場町"],"5193672":[24,"尾鷲市","矢浜岡崎町"],"5190113":[24,"亀山市","小下町"],"5190503":[24,"伊勢市","小俣町元町"],"5195325":[24,"南牟婁郡御浜町","片川"],"5192412":[24,"多気郡大台町","川合"],"5190197":[24,"亀山市","下庄町","１７０１"],"5195204":[24,"南牟婁郡御浜町","阿田和"],"5195203":[24,"南牟婁郡御浜町","下市木"],"5193652":[24,"尾鷲市","古戸町"],"5190126":[24,"亀山市","東丸町"],"5194561":[24,"熊野市","飛鳥町大又"],"5192178":[24,"多気郡多気町","平谷"],"5192148":[24,"松阪市","御麻生薗町"],"5190408":[24,"度会郡玉城町","坂本"],"5191192":[24,"亀山市","関町木崎","９１９番地の１"],"5192505":[24,"多気郡大台町","江馬"],"5192401":[24,"多気郡大台町","長ケ"],"5193413":[24,"北牟婁郡紀北町","海山区引本浦"],"5195834":[24,"南牟婁郡紀宝町","井内"],"5191411":[24,"伊賀市","楯岡"],"5192154":[24,"多気郡多気町","多気"],"5192142":[24,"松阪市","下蛸路町"],"5190157":[24,"亀山市","北野町"],"5192515":[24,"多気郡大台町","熊内"],"5192702":[24,"度会郡大紀町","三瀬川"],"5193206":[24,"北牟婁郡紀北町","紀伊長島区海野"],"5192166":[24,"多気郡多気町","野中"],"5193406":[24,"北牟婁郡紀北町","海山区相賀"],"5190221":[24,"亀山市","辺法寺町"],"5190198":[24,"亀山市","白木町","幸川４６４番"],"5192421":[24,"多気郡大台町","千代"],"5190417":[24,"度会郡玉城町","上田辺"],"5194441":[24,"熊野市","神川町花知"],"5194674":[24,"熊野市","五郷町和田"],"5190504":[24,"伊勢市","小俣町宮前"],"5191119":[24,"亀山市","関ケ丘"],"5194675":[24,"熊野市","五郷町大井谷"],"5192400":[24,"多気郡大台町",""],"5191707":[24,"伊賀市","島ケ原"],"5193812":[24,"尾鷲市","名柄町"],"5190123":[24,"亀山市","渋倉町"],"5192159":[24,"多気郡多気町","兄国"],"5190105":[24,"亀山市","みずほ台"],"5190411":[24,"度会郡玉城町","久保"],"5190146":[24,"亀山市","野村町"],"5193111":[24,"度会郡大紀町","大内山"],"5192183":[24,"多気郡多気町","四疋田"],"5190505":[24,"伊勢市","小俣町本町"],"5190162":[24,"亀山市","住山町"],"5190168":[24,"亀山市","太岡寺町"],"5194449":[24,"熊野市","育生町長井"],"5191422":[24,"伊賀市","希望ケ丘東"],"5193205":[24,"北牟婁郡紀北町","紀伊長島区長島"],"5190103":[24,"亀山市","川合町"],"5190171":[24,"亀山市","アイリス町"],"5192734":[24,"度会郡大紀町","永会"],"5190167":[24,"亀山市","小野町"],"5194324":[24,"熊野市","井戸町"],"5195326":[24,"南牟婁郡御浜町","栗須"],"5193616":[24,"尾鷲市","中村町"],"5193813":[24,"尾鷲市","小脇町"],"5190133":[24,"亀山市","下庄町"],"5193421":[24,"尾鷲市","須賀利町"],"5192171":[24,"多気郡多気町","西山"],"5195402":[24,"熊野市","紀和町平谷"],"5193626":[24,"尾鷲市","国市松泉町"],"5192502":[24,"多気郡大台町","上真手"],"5193414":[24,"北牟婁郡紀北町","海山区小浦"],"5191122":[24,"亀山市","加太市場"],"5190413":[24,"度会郡玉城町","妙法寺"],"5192592":[24,"多気郡大台町","江馬","３１６"],"5194563":[24,"熊野市","飛鳥町小阪"],"5190151":[24,"亀山市","若山町"],"5190404":[24,"度会郡玉城町","長更"],"5190436":[24,"度会郡玉城町","山神"],"5192203":[24,"多気郡多気町","片野"],"5194205":[24,"熊野市","遊木町"],"5192213":[24,"多気郡多気町","土屋"],"5192428":[24,"多気郡大台町","粟生"],"5190416":[24,"度会郡玉城町","下田辺"],"5190593":[24,"伊勢市","小俣町本町","３４１"],"5190607":[24,"伊勢市","二見町西"],"5191103":[24,"亀山市","関町市瀬"],"5192212":[24,"多気郡多気町","色太"],"5192593":[24,"多気郡大台町","茂原","４８番地"],"5193701":[24,"尾鷲市","九鬼町"],"5194565":[24,"熊野市","飛鳥町野口"],"5190165":[24,"亀山市","野村"],"5190412":[24,"度会郡玉城町","中楽"],"5193609":[24,"尾鷲市","北浦東町"],"5192525":[24,"多気郡大台町","滝谷"],"5195405":[24,"熊野市","紀和町丸山"],"5192155":[24,"多気郡多気町","東池上"],"5190603":[24,"伊勢市","二見町三津"],"5190114":[24,"亀山市","南鹿島町"],"5193620":[24,"尾鷲市","座ノ下町"],"5190292":[24,"亀山市","能褒野町","２０－１６"],"5191415":[24,"伊賀市","柏野"],"5192521":[24,"多気郡大台町","明豆"],"5191711":[24,"伊賀市","島ケ原"],"5190426":[24,"度会郡玉城町","中角"],"5190321":[24,"鈴鹿市","深溝町"],"5190161":[24,"亀山市","小川町"],"5195415":[24,"熊野市","紀和町大河内"],"5192631":[24,"多気郡大台町","岩井"],"5192703":[24,"度会郡大紀町","滝原"],"5190132":[24,"亀山市","菅内町"],"5195322":[24,"南牟婁郡御浜町","上野"],"5193921":[24,"尾鷲市","賀田町"],"5191403":[24,"伊賀市","上村"],"5192189":[24,"多気郡多気町","津留"],"5190428":[24,"度会郡玉城町","岡出"],"5195831":[24,"南牟婁郡紀宝町","桐原"],"5193673":[24,"尾鷲市","矢浜大道"],"5192165":[24,"多気郡多気町","田中"],"5191702":[24,"伊賀市","島ケ原"],"5191126":[24,"亀山市","加太神武"],"5190152":[24,"亀山市","本丸町"],"5190143":[24,"亀山市","安知本町"],"5191114":[24,"亀山市","関町萩原"],"5192516":[24,"多気郡大台町","唐櫃"],"5190223":[24,"亀山市","安坂山町"],"5193600":[24,"尾鷲市",""],"5193202":[24,"北牟婁郡紀北町","紀伊長島区大原"],"5195716":[24,"南牟婁郡紀宝町","北桧杖"],"5192184":[24,"多気郡多気町","三疋田"],"5193619":[24,"尾鷲市","馬越町"],"5193924":[24,"尾鷲市","曽根町"],"5195414":[24,"熊野市","紀和町小栗須"],"5193663":[24,"尾鷲市","宮ノ上町"],"5193613":[24,"尾鷲市","瀬木山町"],"5191406":[24,"伊賀市","小杉"],"5192192":[24,"多気郡多気町","大字五佐奈","１１７７番地"],"5194445":[24,"熊野市","育生町粉所"],"5193656":[24,"尾鷲市","南浦"],"5190315":[24,"鈴鹿市","山本町"],"5191413":[24,"伊賀市","愛田"],"5192147":[24,"松阪市","庄町"],"5190433":[24,"度会郡玉城町","勝田"],"5193401":[24,"北牟婁郡紀北町","海山区馬瀬"],"5190125":[24,"亀山市","東町"],"5192162":[24,"多気郡多気町","笠木"],"5194395":[24,"熊野市","有馬町","２８００"],"5195202":[24,"南牟婁郡御浜町","志原"],"5192158":[24,"多気郡多気町","荒蒔"],"5192735":[24,"度会郡大紀町","神原"],"5192211":[24,"多気郡多気町","丹生"],"5191123":[24,"亀山市","関町金場"],"5190213":[24,"亀山市","田村町"],"5192514":[24,"多気郡大台町","茂原"],"5193604":[24,"尾鷲市","港町"],"5193696":[24,"尾鷲市","中央町","１０－４３"],"5190437":[24,"度会郡玉城町","積良"],"5190432":[24,"度会郡玉城町","野篠"],"5192732":[24,"度会郡大紀町","野添"],"5190116":[24,"亀山市","本町"],"5193674":[24,"尾鷲市","矢浜真砂"],"5193617":[24,"尾鷲市","野地町"],"5191421":[24,"伊賀市","山畑"],"5194671":[24,"熊野市","五郷町桃崎"],"5192701":[24,"度会郡大紀町","船木"],"5193610":[24,"尾鷲市","北浦西町"],"5190422":[24,"度会郡玉城町","小社曽根"],"5195700":[24,"南牟婁郡紀宝町",""],"5191708":[24,"伊賀市","島ケ原"],"5194566":[24,"熊野市","飛鳥町神山"],"5190145":[24,"亀山市","和賀町"],"5192167":[24,"多気郡多気町","相鹿瀬"],"5190312":[24,"鈴鹿市","椿一宮町"],"5195835":[24,"南牟婁郡紀宝町","大里"],"5195403":[24,"熊野市","紀和町長尾"],"5191105":[24,"亀山市","関町鷲山"],"5190414":[24,"度会郡玉城町","佐田"],"5190195":[24,"亀山市","本丸町","５７７"],"5191115":[24,"亀山市","関町福徳"],"5191423":[24,"伊賀市","希望ケ丘西"],"5192175":[24,"多気郡多気町","前村"],"5195293":[24,"南牟婁郡御浜町","大字阿田和","４７５０"],"5192153":[24,"多気郡多気町","河田"],"5190153":[24,"亀山市","西町"],"5190104":[24,"亀山市","椿世町"],"5190407":[24,"度会郡玉城町","玉川"],"5193621":[24,"尾鷲市","行野浦"],"5193204":[24,"北牟婁郡紀北町","紀伊長島区東長島"],"5191102":[24,"亀山市","関町沓掛"],"5193702":[24,"尾鷲市","早田町"],"5190501":[24,"伊勢市","小俣町明野"],"5190316":[24,"鈴鹿市","小岐須町"],"5192429":[24,"多気郡大台町","高奈"],"5190497":[24,"度会郡玉城町","野篠","７０４－１９"],"5191108":[24,"亀山市","関町小野"],"5192802":[24,"度会郡大紀町","崎"],"5194446":[24,"熊野市","育生町赤倉"],"5190111":[24,"亀山市","栄町"],"5190324":[24,"鈴鹿市","小社町"],"5190393":[24,"鈴鹿市","伊船町","１９００"],"5193415":[24,"北牟婁郡紀北町","海山区矢口浦"],"5194204":[24,"熊野市","二木島町"],"5190492":[24,"度会郡玉城町","田宮寺","４６８－１"],"5190158":[24,"亀山市","市ケ坂町"],"5193612":[24,"尾鷲市","林町"],"5190434":[24,"度会郡玉城町","田宮寺"],"5195327":[24,"南牟婁郡御浜町","川瀬"],"5193637":[24,"尾鷲市","光ケ丘"],"5191414":[24,"伊賀市","御代"],"5190121":[24,"亀山市","江ケ室"],"5192503":[24,"多気郡大台町","本田木屋"],"5193692":[24,"尾鷲市","林町","２－２３"],"5190602":[24,"伊勢市","二見町江"],"5192507":[24,"多気郡大台町","栗谷"],"5193407":[24,"北牟婁郡紀北町","海山区小山浦"],"5190506":[24,"伊勢市","小俣町湯田"],"5192517":[24,"多気郡大台町","南"],"5195715":[24,"南牟婁郡紀宝町","高岡"],"5195323":[24,"南牟婁郡御浜町","西原"],"5195713":[24,"南牟婁郡紀宝町","成川"],"5190311":[24,"鈴鹿市","大久保町"],"5193666":[24,"尾鷲市","坂場西町"],"5194206":[24,"熊野市","新鹿町"],"5190214":[24,"亀山市","長明寺町"],"5193647":[24,"尾鷲市","小川西町"],"5193411":[24,"北牟婁郡紀北町","海山区白浦"],"5190155":[24,"亀山市","御幸町"],"5190271":[24,"鈴鹿市","西庄内町"],"5192632":[24,"多気郡大台町","桧原"],"5193814":[24,"尾鷲市","三木浦町"],"5192146":[24,"松阪市","阿波曽町"],"5193601":[24,"尾鷲市","南浦"],"5192731":[24,"度会郡大紀町","野原"],"5190495":[24,"度会郡玉城町","田丸","１１４－２"],"5193209":[24,"北牟婁郡紀北町","紀伊長島区古里"],"5194442":[24,"熊野市","神川町神上"],"5192144":[24,"松阪市","八太町"],"5193623":[24,"尾鷲市","大曽根浦"],"5194325":[24,"熊野市","有馬町"],"5192216":[24,"多気郡多気町","古江"],"5190222":[24,"亀山市","両尾町"],"5190322":[24,"鈴鹿市","三畑町"],"5191128":[24,"亀山市","加太北在家"],"5192163":[24,"多気郡多気町","矢田"],"5194394":[24,"熊野市","木本町","１１０１－４"],"5191703":[24,"伊賀市","島ケ原"],"5192522":[24,"多気郡大台町","御棟"],"5195411":[24,"熊野市","紀和町木津呂"],"5194672":[24,"熊野市","五郷町湯谷"],"5192403":[24,"多気郡大台町","上三瀬"],"5190400":[24,"度会郡玉城町",""],"5194321":[24,"熊野市","磯崎町"],"5193640":[24,"尾鷲市","桂ケ丘"],"5190164":[24,"亀山市","羽若町"],"5190594":[24,"伊勢市","小俣町相合","１３０６"],"5192185":[24,"多気郡多気町","佐伯中"],"5191404":[24,"伊賀市","中柘植"],"5192181":[24,"多気郡多気町","相可"],"5195206":[24,"南牟婁郡御浜町","柿原"],"5190142":[24,"亀山市","天神"],"5192425":[24,"多気郡大台町","神瀬"],"5191127":[24,"亀山市","加太中在家"],"5195416":[24,"熊野市","紀和町湯ノ口"],"5192792":[24,"度会郡大紀町","滝原","１６１０－１"],"5190403":[24,"度会郡玉城町","井倉"],"5190423":[24,"度会郡玉城町","昼田"],"5191106":[24,"亀山市","関町会下"],"5193605":[24,"尾鷲市","中井町"],"5192524":[24,"多気郡大台町","神滝"],"5190135":[24,"亀山市","三寺町"],"5194327":[24,"熊野市","金山町"],"5191124":[24,"亀山市","関町越川"],"5192177":[24,"多気郡多気町","神坂"],"5195201":[24,"南牟婁郡御浜町","神木"],"5193667":[24,"尾鷲市","南浦"],"5192152":[24,"多気郡多気町","弟国"],"5193659":[24,"尾鷲市","古戸野町"],"5190402":[24,"度会郡玉城町","門前"],"5194203":[24,"熊野市","二木島里町"],"5190502":[24,"伊勢市","小俣町相合"],"5191112":[24,"亀山市","関町中町"],"5190313":[24,"鈴鹿市","追分町"],"5194447":[24,"熊野市","育生町尾川"],"5192733":[24,"度会郡大紀町","金輪"],"5195404":[24,"熊野市","紀和町赤木"],"5190159":[24,"亀山市","西丸町"],"5190134":[24,"亀山市","中庄町"],"5190609":[24,"伊勢市","二見町茶屋"],"5190122":[24,"亀山市","東台町"],"5192164":[24,"多気郡多気町","森荘"],"5190493":[24,"度会郡玉城町","佐田","６２６"],"5190137":[24,"亀山市","阿野田町"],"5190595":[24,"伊勢市","小俣町湯田","４０９－１３"],"5193694":[24,"尾鷲市","末広町","１－３０"],"5192513":[24,"多気郡大台町","薗"],"5190611":[24,"伊勢市","二見町光の街"],"5194202":[24,"熊野市","甫母町"],"5190131":[24,"亀山市","井尻町"],"5192174":[24,"多気郡多気町","五桂"],"5192173":[24,"多気郡多気町","油夫"],"5192423":[24,"多気郡大台町","新田"],"5195412":[24,"熊野市","紀和町大栗須"],"5190100":[24,"亀山市",""],"5192426":[24,"多気郡大台町","下楠"],"5190148":[24,"亀山市","木下町"],"5191101":[24,"亀山市","関町坂下"],"5194207":[24,"熊野市","波田須町"],"5193201":[24,"北牟婁郡紀北町","紀伊長島区十須"],"5190606":[24,"伊勢市","二見町荘"],"5192736":[24,"度会郡大紀町","打見"],"5190431":[24,"度会郡玉城町","蚊野"],"5191705":[24,"伊賀市","島ケ原"],"5190101":[24,"亀山市","井田川町"],"5192215":[24,"多気郡多気町","朝柄"],"5193292":[24,"北牟婁郡紀北町","紀伊長島区東長島","７６９番地１"],"5190211":[24,"亀山市","川崎町"],"5193693":[24,"尾鷲市","上野町","５－２５"],"5192700":[24,"度会郡大紀町",""],"5190424":[24,"度会郡玉城町","山岡"],"5195714":[24,"南牟婁郡紀宝町","鮒田"],"5193208":[24,"北牟婁郡紀北町","紀伊長島区三浦"],"5195292":[24,"南牟婁郡御浜町","大字阿田和","６１２０－１"],"5190119":[24,"亀山市","高塚町"],"5192179":[24,"多気郡多気町","仁田"],"5192145":[24,"松阪市","射和町"],"5191402":[24,"伊賀市","柘植町"],"5193412":[24,"北牟婁郡紀北町","海山区島勝浦"],"5191424":[24,"伊賀市","川東"],"5193653":[24,"尾鷲市","上野町"],"5190163":[24,"亀山市","亀田町"],"5190272":[24,"鈴鹿市","東庄内町"],"5191405":[24,"伊賀市","野村"],"5192633":[24,"多気郡大台町","久豆"],"5195718":[24,"南牟婁郡紀宝町","浅里"],"5192413":[24,"多気郡大台町","大ケ所"],"5194322":[24,"熊野市","大泊町"],"5193403":[24,"北牟婁郡紀北町","海山区上里"],"5190601":[24,"伊勢市","二見町松下"],"5192402":[24,"多気郡大台町","下三瀬"],"5193203":[24,"北牟婁郡紀北町","紀伊長島区島原"],"5193648":[24,"尾鷲市","小川東町"],"5192634":[24,"多気郡大台町","大杉"],"5190154":[24,"亀山市","南崎町"],"5190106":[24,"亀山市","みどり町"],"5192143":[24,"松阪市","中万町"],"5194300":[24,"熊野市",""],"5190118":[24,"亀山市","北町"],"5191111":[24,"亀山市","関町新所"],"5192172":[24,"多気郡多気町","四神田"],"5194393":[24,"熊野市","井戸町","３７１"],"5191704":[24,"伊賀市","島ケ原"],"5190166":[24,"亀山市","布気町"],"5192204":[24,"多気郡多気町","波多瀬"],"5195712":[24,"南牟婁郡紀宝町","神内"],"5193634":[24,"尾鷲市","南浦"],"5193611":[24,"尾鷲市","朝日町"],"5192186":[24,"多気郡多気町","井内林"],"5191701":[24,"伊賀市","島ケ原"],"5195324":[24,"南牟婁郡御浜町","中立"],"5195417":[24,"熊野市","紀和町小川口"],"5191401":[24,"伊賀市","一ツ家"],"5192424":[24,"多気郡大台町","栃原"],"5190112":[24,"亀山市","上野町"],"5194564":[24,"熊野市","飛鳥町佐渡"],"5190127":[24,"亀山市","中屋敷町"],"5193638":[24,"尾鷲市","新田町"],"5193671":[24,"尾鷲市","矢浜"],"5191116":[24,"亀山市","関町久我"],"5190323":[24,"鈴鹿市","伊船町"],"5195833":[24,"南牟婁郡紀宝町","平尾井"],"5194396":[24,"熊野市","井戸町","７８４"],"5193602":[24,"尾鷲市","天満浦"],"5190605":[24,"伊勢市","二見町溝口"],"5195205":[24,"南牟婁郡御浜町","引作"],"5192404":[24,"多気郡大台町","佐原"],"5190141":[24,"亀山市","海本町"],"5190115":[24,"亀山市","北鹿島町"],"5190136":[24,"亀山市","田茂町"],"5193658":[24,"尾鷲市","倉ノ谷町"],"5190406":[24,"度会郡玉城町","岡村"],"5190438":[24,"度会郡玉城町","原"]}
