{"1698608":[13,"新宿区","西早稲田","３丁目５－１０"],"1698522":[13,"新宿区","百人町","１丁目２５－４"],"1698639":[13,"新宿区","高田馬場","１丁目３２－１３"],"1698521":[13,"新宿区","百人町","３丁目２８－１０"],"1698616":[13,"新宿区","西早稲田","２丁目３－１"],"1690072":[13,"新宿区","大久保"],"1690075":[13,"新宿区","高田馬場"],"1698533":[13,"新宿区","大久保","１丁目１６－１５豊生堂ビル"],"1698511":[13,"新宿区","百人町","１丁目８－１０"],"1698588":[13,"新宿区","北新宿","４丁目８－１６"],"1690052":[13,"新宿区","戸山"],"1698701":[13,"新宿区","西新宿","１丁目９－１"],"1698677":[13,"新宿区","高田馬場","１丁目３５－３"],"1698570":[13,"新宿区","高田馬場","２丁目１４－１１"],"1698556":[13,"新宿区","大久保","２丁目８－３"],"1690071":[13,"新宿区","戸塚町"],"1698531":[13,"新宿区","大久保","２丁目１－１"],"1698577":[13,"新宿区","高田馬場","４丁目２８－１２"],"1698527":[13,"新宿区","大久保","２－２－６ラクサス東新宿ビル６Ｆ"],"1698631":[13,"新宿区","高田馬場","１丁目３１－１８"],"1698585":[13,"新宿区","北新宿","３丁目２０－１"],"1698637":[13,"新宿区","高田馬場","４丁目３９－７"],"1698530":[13,"新宿区","百人町","２丁目２５－１３"],"1698540":[13,"新宿区","大久保","１丁目２－１５"],"1698077":[13,"新宿区","西早稲田","１丁目１－６"],"1698510":[13,"新宿区","百人町","２丁目４－８ステアーズビル３Ｆ"],"1698613":[13,"新宿区","戸塚町","１丁目１０４－１９"],"1698517":[13,"新宿区","百人町","２丁目２７－６"],"1698507":[13,"新宿区","百人町","２丁目２７－７"],"1698605":[13,"新宿区","西早稲田","３丁目３０－１６"],"1690051":[13,"新宿区","西早稲田"],"1698503":[13,"新宿区","百人町","３丁目２６－２"],"1698650":[13,"新宿区","高田馬場","２丁目７－１５全建総連会館"],"1698661":[13,"新宿区","高田馬場","１丁目２９－９"],"1698516":[13,"新宿区","百人町","２丁目２７－６"],"1698603":[13,"新宿区","西早稲田","１丁目２１－１早稲田大学西早稲田ビルディング"],"1698645":[13,"新宿区","高田馬場","４丁目３－７"],"1698624":[13,"新宿区","西早稲田","３丁目３０－１６"],"1698228":[13,"新宿区","北新宿","２－２１－１"],"1698525":[13,"新宿区","百人町","２丁目２０－１７"],"1698722":[13,"新宿区","高田馬場","１丁目２９－８"],"1698601":[13,"新宿区","大久保","２丁目１２－１ペアーレ新宿４階・５階"],"1690074":[13,"新宿区","北新宿"],"1698541":[13,"新宿区","大久保","２丁目１２－１１"],"1698610":[13,"新宿区","西早稲田","３丁目３０－１３"],"1698668":[13,"新宿区","高田馬場","２丁目８－４ＡＵビル３Ｆ"],"1698664":[13,"新宿区","西早稲田","２丁目１８－２"],"1698568":[13,"新宿区","高田馬場","１丁目４－１５"],"1698666":[13,"新宿区","高田馬場","４丁目９－１２"],"1698526":[13,"新宿区","大久保","２－２－６ラクサス東新宿ビル７Ｆ"],"1698611":[13,"新宿区","西早稲田","２丁目３－１早稲田奉仕園内"],"1698555":[13,"新宿区","大久保","３丁目４－１"],"1698612":[13,"新宿区","西早稲田","３丁目１３－５"],"1698656":[13,"新宿区","高田馬場","２丁目１３番１６号"],"1698644":[13,"新宿区","高田馬場","４丁目３０－２１"],"1698561":[13,"新宿区","北新宿","１丁目１９－３"],"1698586":[13,"新宿区","高田馬場","１丁目２３－４"],"1698050":[13,"新宿区","西早稲田","１丁目６－１"],"1698515":[13,"新宿区","百人町","２丁目２－３３"],"1698560":[13,"新宿区","大久保","１丁目１１－３"],"1698678":[13,"新宿区","高田馬場","１丁目３１－１６"],"1698580":[13,"新宿区","高田馬場","１丁目３４－７"],"1698551":[13,"新宿区","百人町","２丁目４－５及川ビル４Ｆ"],"1698648":[13,"新宿区","高田馬場","１丁目２９－１０"],"1698578":[13,"新宿区","高田馬場","４－２８－１２"],"1698550":[13,"新宿区","大久保","２丁目１－１"],"1698711":[13,"新宿区","高田馬場","１丁目２９－８"],"1698508":[13,"新宿区","大久保","２－１２－１"],"1698520":[13,"新宿区","百人町","１丁目１６－２１"],"1698535":[13,"新宿区","大久保","２－１２－１"],"1698011":[13,"新宿区","高田馬場","４丁目２－３８"],"1698558":[13,"新宿区","大久保","２丁目５－２５"],"1698915":[13,"新宿区","高田馬場","４丁目３０－２０"],"1690073":[13,"新宿区","百人町"],"1698640":[13,"新宿区","高田馬場","４丁目４－５"],"1698012":[13,"新宿区","大久保","２丁目１２－１"],"1698509":[13,"新宿区","西早稲田","２－３－１８－７２"],"1698543":[13,"新宿区","大久保","１丁目３－２１"],"1698655":[13,"新宿区","高田馬場","１丁目２－１２"]}
