{"2068566":[13,"稲城市","矢野口","４０１５－１"],"2060013":[13,"多摩市","桜ケ丘"],"2068520":[13,"多摩市","関戸","１丁目７－５"],"2060802":[13,"稲城市","東長沼"],"2060031":[13,"多摩市","豊ケ丘"],"2060025":[13,"多摩市","永山"],"2060024":[13,"多摩市","諏訪"],"2060804":[13,"稲城市","百村"],"2068515":[13,"多摩市","永山","７丁目３－１"],"2068540":[13,"多摩市","唐木田","２丁目７－１"],"2060015":[13,"多摩市","落川"],"2068543":[13,"多摩市","落合","１丁目４６－１"],"2060033":[13,"多摩市","落合"],"2060824":[13,"稲城市","若葉台"],"2060035":[13,"多摩市","唐木田"],"2068601":[13,"稲城市","東長沼","２１１１"],"2060022":[13,"多摩市","聖ケ丘"],"2060811":[13,"稲城市","押立"],"2060012":[13,"多摩市","貝取"],"2068555":[13,"稲城市","矢野口","１７７６"],"2068511":[13,"稲城市","坂浜","２３８"],"2068503":[13,"稲城市","大丸","１４０５"],"2068586":[13,"多摩市","南野","２丁目１０番１号"],"2060041":[13,"多摩市","愛宕"],"2068525":[13,"多摩市","永山","６丁目２４－１"],"2060001":[13,"多摩市","和田"],"2060000":[13,"多摩市",""],"2060821":[13,"稲城市","長峰"],"2060002":[13,"多摩市","一ノ宮"],"2060042":[13,"多摩市","山王下"],"2068611":[13,"多摩市","鶴牧","１丁目２３"],"2060004":[13,"多摩市","百草"],"2068550":[13,"多摩市","関戸","１丁目７－５"],"2068502":[13,"多摩市","関戸","１丁目９－１"],"2068567":[13,"多摩市","鶴牧","２丁目１１－２"],"2068686":[13,"多摩市","落合","１丁目３４"],"2060032":[13,"多摩市","南野"],"2060034":[13,"多摩市","鶴牧"],"2060014":[13,"多摩市","乞田"],"2068585":[13,"多摩市","関戸","４丁目８－３"],"2068530":[13,"多摩市","落合","１丁目４７"],"2060823":[13,"稲城市","平尾"],"2060801":[13,"稲城市","大丸"],"2068577":[13,"稲城市","大丸","２２２０"],"2060021":[13,"多摩市","連光寺"],"2060822":[13,"稲城市","坂浜"],"2068505":[13,"稲城市","百村","２１１１"],"2068561":[13,"多摩市","和田","１２５４－６"],"2068522":[13,"多摩市","関戸","１丁目７－４"],"2068666":[13,"多摩市","関戸","６丁目１２－１"],"2060003":[13,"多摩市","東寺方"],"2068512":[13,"多摩市","永山","１丁目７－１"],"2060812":[13,"稲城市","矢野口"],"2060803":[13,"稲城市","向陽台"],"2060011":[13,"多摩市","関戸"],"2068588":[13,"多摩市","落合","１丁目３１"],"2060023":[13,"多摩市","馬引沢"],"2060036":[13,"多摩市","中沢"]}
