{"1056222":[13,"港区","愛宕愛宕グリーンヒルズＭＯＲＩタワー"],"1057233":[13,"港区","東新橋汐留メディアタワー"],"1058543":[13,"港区","浜松町","１丁目２５－７"],"1058511":[13,"港区","芝公園","１丁目５－２５"],"1056230":[13,"港区","愛宕愛宕グリーンヒルズＭＯＲＩタワー"],"1057423":[13,"港区","東新橋日本テレビタワー"],"1057014":[13,"港区","東新橋電通本社ビル"],"1057311":[13,"港区","東新橋東京汐留ビルディング"],"1057113":[13,"港区","東新橋汐留シティセンター"],"1058458":[13,"港区","西新橋","３丁目２１－８"],"1058301":[13,"港区","東新橋","１丁目５－１"],"1058556":[13,"港区","芝大門","２丁目９－１６ダヴィンチ芝大門"],"1056218":[13,"港区","愛宕愛宕グリーンヒルズＭＯＲＩタワー"],"1058410":[13,"港区","西新橋","２丁目１５－１２"],"1057226":[13,"港区","東新橋汐留メディアタワー"],"1058686":[13,"港区","新橋","３丁目１－１"],"1056001":[13,"港区","虎ノ門城山トラストタワー"],"1058484":[13,"港区","芝大門","２－１０－１２ＫＤＸ芝大門"],"1057206":[13,"港区","東新橋汐留メディアタワー"],"1056115":[13,"港区","浜松町世界貿易センタービル"],"1056124":[13,"港区","浜松町世界貿易センタービル"],"1057431":[13,"港区","東新橋日本テレビタワー"],"1056025":[13,"港区","虎ノ門城山トラストタワー"],"1057131":[13,"港区","東新橋汐留シティセンター"],"1058660":[13,"港区","東新橋","１丁目１－１９"],"1056190":[13,"港区","浜松町世界貿易センタービル"],"1058420":[13,"港区","西新橋","２丁目５－３"],"1058615":[13,"港区","新橋","６丁目２１－６"],"1056022":[13,"港区","虎ノ門城山トラストタワー"],"1056202":[13,"港区","愛宕愛宕グリーンヒルズＭＯＲＩタワー"],"1057010":[13,"港区","東新橋電通本社ビル"],"1057406":[13,"港区","東新橋日本テレビタワー"],"1057003":[13,"港区","東新橋電通本社ビル"],"1056240":[13,"港区","愛宕愛宕グリーンヒルズＭＯＲＩタワー"],"1057009":[13,"港区","東新橋電通本社ビル"],"1050022":[13,"港区","海岸"],"1050014":[13,"港区","芝"],"1057028":[13,"港区","東新橋電通本社ビル"],"1058307":[13,"港区","海岸","１－２－２０"],"1057130":[13,"港区","東新橋汐留シティセンター"],"1057229":[13,"港区","東新橋汐留メディアタワー"],"1058537":[13,"港区","浜松町","２丁目１３－７"],"1057110":[13,"港区","東新橋汐留シティセンター"],"1056290":[13,"港区","愛宕愛宕グリーンヒルズＭＯＲＩタワー"],"1058521":[13,"港区","芝大門","１丁目１－３"],"1050021":[13,"港区","東新橋"],"1058486":[13,"港区","虎ノ門","４丁目３－１３秀和神谷町ビル９Ｆ"],"1056019":[13,"港区","虎ノ門城山トラストタワー"],"1058402":[13,"港区","西新橋","３丁目１２－８"],"1058405":[13,"港区","虎ノ門","２－２－５"],"1058414":[13,"港区","虎ノ門","１丁目１－２"],"1057326":[13,"港区","東新橋東京汐留ビルディング"],"1058530":[13,"港区","芝大門","１丁目１－３０日本自動車会館１５階"],"1057215":[13,"港区","東新橋汐留メディアタワー"],"1058665":[13,"港区","新橋","６丁目１９－１５"],"1056033":[13,"港区","虎ノ門城山トラストタワー"],"1057290":[13,"港区","東新橋汐留メディアタワー"],"1058522":[13,"港区","芝公園","３丁目１－２２"],"1056208":[13,"港区","愛宕愛宕グリーンヒルズＭＯＲＩタワー"],"1057036":[13,"港区","東新橋電通本社ビル"],"1058447":[13,"港区","虎ノ門","４丁目３番１３号ヒューリック神谷町ビル"],"1058012":[13,"港区","虎ノ門","４丁目３－１２"],"1057314":[13,"港区","東新橋東京汐留ビルディング"],"1056227":[13,"港区","愛宕愛宕グリーンヒルズＭＯＲＩタワー"],"1058606":[13,"港区","新橋","２丁目２０－１５新橋駅前ビル１号館"],"1056009":[13,"港区","虎ノ門城山トラストタワー"],"1057337":[13,"港区","東新橋東京汐留ビルディング"],"1056021":[13,"港区","虎ノ門城山トラストタワー"],"1058419":[13,"港区","西新橋","１丁目１４－１"],"1057413":[13,"港区","東新橋日本テレビタワー"],"1057302":[13,"港区","東新橋東京汐留ビルディング"],"1057041":[13,"港区","東新橋電通本社ビル"],"1058306":[13,"港区","海岸","１－２－２０"],"1057303":[13,"港区","東新橋東京汐留ビルディング"],"1058020":[13,"港区","虎ノ門","５丁目１２番１号"],"1056114":[13,"港区","浜松町世界貿易センタービル"],"1058435":[13,"港区","虎ノ門","２丁目２－５"],"1058546":[13,"港区","芝","２丁目３－３"],"1057141":[13,"港区","東新橋汐留シティセンター"],"1056129":[13,"港区","浜松町世界貿易センタービル"],"1056026":[13,"港区","虎ノ門城山トラストタワー"],"1056241":[13,"港区","愛宕愛宕グリーンヒルズＭＯＲＩタワー"],"1058716":[13,"港区","新橋","５丁目１１－３"],"1058578":[13,"港区","芝","３丁目８番２号芝公園ファーストビル１３Ｆ"],"1056011":[13,"港区","虎ノ門城山トラストタワー"],"1058453":[13,"港区","虎ノ門","３丁目５－１虎ノ門３７森ビル"],"1058070":[13,"港区","海岸","１丁目１５－１"],"1058654":[13,"港区","新橋","４丁目５－１アーバン新橋ビル"],"1057232":[13,"港区","東新橋汐留メディアタワー"],"1058448":[13,"港区","西新橋","２丁目３６－１"],"1057121":[13,"港区","東新橋汐留シティセンター"],"1057319":[13,"港区","東新橋東京汐留ビルディング"],"1056201":[13,"港区","愛宕愛宕グリーンヒルズＭＯＲＩタワー"],"1058440":[13,"港区","新橋","２丁目１９－１０新橋マリンビル４階"],"1058488":[13,"港区","西新橋","３－２３－５"],"1057333":[13,"港区","東新橋東京汐留ビルディング"],"1058404":[13,"港区","西新橋","１丁目１６－７大陽日酸新橋ビル"],"1056139":[13,"港区","浜松町世界貿易センタービル"],"1057201":[13,"港区","東新橋汐留メディアタワー"],"1057107":[13,"港区","東新橋汐留シティセンター"],"1058788":[13,"港区","虎ノ門","３丁目１７番１号ＴＯＫＹＵＲＥＩＴ虎ノ門ビル７階"],"1058580":[13,"港区","芝","２丁目３１－１９"],"1058678":[13,"港区","新橋","１丁目９－６"],"1057128":[13,"港区","東新橋汐留シティセンター"],"1057116":[13,"港区","東新橋汐留シティセンター"],"1056212":[13,"港区","愛宕愛宕グリーンヒルズＭＯＲＩタワー"],"1057426":[13,"港区","東新橋日本テレビタワー"],"1058582":[13,"港区","芝公園","２丁目５－２０"],"1057322":[13,"港区","東新橋東京汐留ビルディング"],"1056037":[13,"港区","虎ノ門城山トラストタワー"],"1058557":[13,"港区","西新橋","３丁目５－２西新橋第一法規ビル１階"],"1057429":[13,"港区","東新橋日本テレビタワー"],"1057410":[13,"港区","東新橋日本テレビタワー"],"1058470":[13,"港区","虎ノ門","２丁目２－２"],"1057219":[13,"港区","東新橋汐留メディアタワー"],"1058515":[13,"港区","芝","２丁目７－１５"],"1058611":[13,"港区","新橋","５丁目３３－１０"],"1058618":[13,"港区","東新橋","２丁目１１－８"],"1057307":[13,"港区","東新橋東京汐留ビルディング"],"1056132":[13,"港区","浜松町世界貿易センタービル"],"1057125":[13,"港区","東新橋汐留シティセンター"],"1057310":[13,"港区","東新橋東京汐留ビルディング"],"1058465":[13,"港区","虎ノ門","１丁目２２－１２ＳＶＡＸＴＳビル７階"],"1058330":[13,"港区","海岸","１丁目１１－１ニューピア竹芝ノースタワー１３階"],"1057032":[13,"港区","東新橋電通本社ビル"],"1057205":[13,"港区","東新橋汐留メディアタワー"],"1056206":[13,"港区","愛宕愛宕グリーンヒルズＭＯＲＩタワー"],"1058552":[13,"港区","海岸","２丁目１－７"],"1057046":[13,"港区","東新橋電通本社ビル"],"1057027":[13,"港区","東新橋電通本社ビル"],"1056106":[13,"港区","浜松町世界貿易センタービル"],"1057417":[13,"港区","東新橋日本テレビタワー"],"1056130":[13,"港区","浜松町世界貿易センタービル"],"1058574":[13,"港区","芝","３－３３－１"],"1058634":[13,"港区","芝浦","１丁目２番１シーバンスＮ館７階"],"1057020":[13,"港区","東新橋電通本社ビル"],"1058457":[13,"港区","虎ノ門","４丁目３－１３秀和神谷町ビル"],"1058677":[13,"港区","新橋","５丁目３６－１１"],"1056111":[13,"港区","浜松町世界貿易センタービル"],"1056005":[13,"港区","虎ノ門城山トラストタワー"],"1058322":[13,"港区","東新橋","１丁目９－３"],"1056136":[13,"港区","浜松町世界貿易センタービル"],"1050004":[13,"港区","新橋"],"1057221":[13,"港区","東新橋汐留メディアタワー"],"1056239":[13,"港区","愛宕愛宕グリーンヒルズＭＯＲＩタワー"],"1058455":[13,"港区","虎ノ門","２丁目２－５共同通信会館４Ｆ"],"1057306":[13,"港区","東新橋東京汐留ビルディング"],"1056029":[13,"港区","虎ノ門城山トラストタワー"],"1057006":[13,"港区","東新橋電通本社ビル"],"1057401":[13,"港区","東新橋日本テレビタワー"],"1056030":[13,"港区","虎ノ門城山トラストタワー"],"1057222":[13,"港区","東新橋汐留メディアタワー"],"1056015":[13,"港区","虎ノ門城山トラストタワー"],"1058437":[13,"港区","虎ノ門","１丁目２－８虎ノ門琴平タワー１８階"],"1056229":[13,"港区","愛宕愛宕グリーンヒルズＭＯＲＩタワー"],"1056032":[13,"港区","虎ノ門城山トラストタワー"],"1058411":[13,"港区","西新橋","１丁目１８－１７明産西新橋ビル"],"1057209":[13,"港区","東新橋汐留メディアタワー"],"1056140":[13,"港区","浜松町世界貿易センタービル"],"1057021":[13,"港区","東新橋電通本社ビル"],"1058450":[13,"港区","虎ノ門","２丁目３番１７号"],"1058563":[13,"港区","芝公園","４丁目８－１"],"1057004":[13,"港区","東新橋電通本社ビル"],"1057432":[13,"港区","東新橋日本テレビタワー"],"1057405":[13,"港区","東新橋日本テレビタワー"],"1056006":[13,"港区","虎ノ門城山トラストタワー"],"1057329":[13,"港区","東新橋東京汐留ビルディング"],"1057212":[13,"港区","東新橋汐留メディアタワー"],"1057424":[13,"港区","東新橋日本テレビタワー"],"1057019":[13,"港区","東新橋電通本社ビル"],"1057122":[13,"港区","東新橋汐留シティセンター"],"1056012":[13,"港区","虎ノ門城山トラストタワー"],"1057112":[13,"港区","東新橋汐留シティセンター"],"1056119":[13,"港区","浜松町世界貿易センタービル"],"1058512":[13,"港区","芝公園","１丁目５－３０"],"1057336":[13,"港区","東新橋東京汐留ビルディング"],"1058471":[13,"港区","西新橋","３丁目１９－１８"],"1057011":[13,"港区","東新橋電通本社ビル"],"1057223":[13,"港区","東新橋汐留メディアタワー"],"1056237":[13,"港区","愛宕愛宕グリーンヒルズＭＯＲＩタワー"],"1058432":[13,"港区","芝公園","２丁目４－１"],"1058077":[13,"港区","芝公園","１丁目７－６"],"1057119":[13,"港区","東新橋汐留シティセンター"],"1058670":[13,"港区","新橋","６丁目１８－５"],"1058088":[13,"港区","芝公園","２丁目４－１秀和芝パークビルＢ館１０階"],"1057419":[13,"港区","東新橋日本テレビタワー"],"1057404":[13,"港区","東新橋日本テレビタワー"],"1057313":[13,"港区","東新橋東京汐留ビルディング"],"1056002":[13,"港区","虎ノ門城山トラストタワー"],"1058403":[13,"港区","虎ノ門","４－３－２０"],"1057320":[13,"港区","東新橋東京汐留ビルディング"],"1057227":[13,"港区","東新橋汐留メディアタワー"],"1058502":[13,"港区","虎ノ門","１－１３－８"],"1057037":[13,"港区","東新橋電通本社ビル"],"1056231":[13,"港区","愛宕愛宕グリーンヒルズＭＯＲＩタワー"],"1057409":[13,"港区","東新橋日本テレビタワー"],"1057309":[13,"港区","東新橋東京汐留ビルディング"],"1056110":[13,"港区","浜松町世界貿易センタービル"],"1058523":[13,"港区","海岸","１丁目４－２６"],"1057325":[13,"港区","東新橋東京汐留ビルディング"],"1057135":[13,"港区","東新橋汐留シティセンター"],"1058415":[13,"港区","虎ノ門","４丁目１－２８虎ノ門タワーズオフィス"],"1057024":[13,"港区","東新橋電通本社ビル"],"1057132":[13,"港区","東新橋汐留シティセンター"],"1056134":[13,"港区","浜松町世界貿易センタービル"],"1056225":[13,"港区","愛宕愛宕グリーンヒルズＭＯＲＩタワー"],"1058555":[13,"港区","芝大門","１丁目１－２６"],"1057033":[13,"港区","東新橋電通本社ビル"],"1058001":[13,"港区","芝浦","１丁目１－１"],"1057015":[13,"港区","東新橋電通本社ビル"],"1056128":[13,"港区","浜松町世界貿易センタービル"],"1058589":[13,"港区","芝","３丁目２２－８"],"1057411":[13,"港区","東新橋日本テレビタワー"],"1056016":[13,"港区","虎ノ門城山トラストタワー"],"1057301":[13,"港区","東新橋東京汐留ビルディング"],"1056102":[13,"港区","浜松町世界貿易センタービル"],"1056113":[13,"港区","浜松町世界貿易センタービル"],"1058310":[13,"港区","東新橋","１丁目６－２"],"1058008":[13,"港区","芝","３丁目２－１８"],"1057202":[13,"港区","東新橋汐留メディアタワー"],"1056034":[13,"港区","虎ノ門城山トラストタワー"],"1057420":[13,"港区","東新橋日本テレビタワー"],"1057104":[13,"港区","東新橋汐留シティセンター"],"1058452":[13,"港区","虎ノ門","４丁目３番１号城山トラストタワー３７階"],"1057142":[13,"港区","東新橋汐留シティセンター"],"1058315":[13,"港区","海岸","１丁目１４番５号"],"1058717":[13,"港区","西新橋","１丁目２４－１４"],"1058005":[13,"港区","芝浦","１丁目２－１"],"1057220":[13,"港区","東新橋汐留メディアタワー"],"1056118":[13,"港区","浜松町世界貿易センタービル"],"1056209":[13,"港区","愛宕愛宕グリーンヒルズＭＯＲＩタワー"],"1058631":[13,"港区","新橋","１丁目１１－７"],"1058487":[13,"港区","虎ノ門","２丁目５－１０"],"1058055":[13,"港区","芝大門","２丁目２－１"],"1058689":[13,"港区","芝大門","２丁目１２－１８"],"1057138":[13,"港区","東新橋汐留シティセンター"],"1058509":[13,"港区","芝公園","２丁目９－３"],"1058575":[13,"港区","芝浦","１丁目６－３８"],"1057042":[13,"港区","東新橋電通本社ビル"],"1056090":[13,"港区","虎ノ門城山トラストタワー"],"1058464":[13,"港区","西新橋","３丁目９－４"],"1057108":[13,"港区","東新橋汐留シティセンター"],"1058408":[13,"港区","西新橋","１丁目７－１３虎ノ門イーストビルディング"],"1057390":[13,"港区","東新橋東京汐留ビルディング"],"1056131":[13,"港区","浜松町世界貿易センタービル"],"1057190":[13,"港区","東新橋汐留シティセンター"],"1056205":[13,"港区","愛宕愛宕グリーンヒルズＭＯＲＩタワー"],"1058525":[13,"港区","海岸","１丁目４－２２"],"1056215":[13,"港区","愛宕愛宕グリーンヒルズＭＯＲＩタワー"],"1058585":[13,"港区","芝大門","１丁目１２－１５"],"1057425":[13,"港区","東新橋日本テレビタワー"],"1057005":[13,"港区","東新橋電通本社ビル"],"1057444":[13,"港区","東新橋","１丁目６－１"],"1057305":[13,"港区","東新橋東京汐留ビルディング"],"1058505":[13,"港区","虎ノ門","２－８－１０虎ノ門１５森ビル"],"1058469":[13,"港区","芝浦","１丁目２－１シーハンスＮ館"],"1056108":[13,"港区","浜松町世界貿易センタービル"],"1056221":[13,"港区","愛宕愛宕グリーンヒルズＭＯＲＩタワー"],"1057418":[13,"港区","東新橋日本テレビタワー"],"1056120":[13,"港区","浜松町世界貿易センタービル"],"1057001":[13,"港区","東新橋電通本社ビル"],"1057321":[13,"港区","東新橋東京汐留ビルディング"],"1057139":[13,"港区","東新橋汐留シティセンター"],"1058407":[13,"港区","虎ノ門","２丁目１０－１"],"1056234":[13,"港区","愛宕愛宕グリーンヒルズＭＯＲＩタワー"],"1056010":[13,"港区","虎ノ門城山トラストタワー"],"1058456":[13,"港区","虎ノ門","３丁目１８－１９虎ノ門マリンビル"],"1058567":[13,"港区","芝公園","３丁目１－８"],"1056135":[13,"港区","浜松町世界貿易センタービル"],"1057414":[13,"港区","東新橋日本テレビタワー"],"1058529":[13,"港区","虎ノ門","４丁目１－４０虎ノ門山勝ビル１Ｆ＆６Ｆ"],"1057216":[13,"港区","東新橋汐留メディアタワー"],"1056211":[13,"港区","愛宕愛宕グリーンヒルズＭＯＲＩタワー"],"1057047":[13,"港区","東新橋電通本社ビル"],"1057101":[13,"港区","東新橋汐留シティセンター"],"1058630":[13,"港区","新橋","４丁目２１－３新橋東急ビル"],"1058433":[13,"港区","西新橋","２－３８－５西新橋ＭＦビル"],"1057115":[13,"港区","東新橋汐留シティセンター"],"1056207":[13,"港区","愛宕愛宕グリーンヒルズＭＯＲＩタワー"],"1058445":[13,"港区","虎ノ門","２丁目２－４"],"1058305":[13,"港区","海岸","１－２－２０"],"1057408":[13,"港区","東新橋日本テレビタワー"],"1058412":[13,"港区","西新橋","１丁目３－１２"],"1057316":[13,"港区","東新橋東京汐留ビルディング"],"1058613":[13,"港区","東新橋","２丁目１４－１"],"1058313":[13,"港区","東新橋","１丁目７－３"],"1057030":[13,"港区","東新橋電通本社ビル"],"1057217":[13,"港区","東新橋汐留メディアタワー"],"1057421":[13,"港区","東新橋日本テレビタワー"],"1058472":[13,"港区","愛宕","１丁目１－１１"],"1057331":[13,"港区","東新橋東京汐留ビルディング"],"1056101":[13,"港区","浜松町世界貿易センタービル"],"1058621":[13,"港区","新橋","１丁目２－６"],"1056213":[13,"港区","愛宕愛宕グリーンヒルズＭＯＲＩタワー"],"1057123":[13,"港区","東新橋汐留シティセンター"],"1057022":[13,"港区","東新橋電通本社ビル"],"1057335":[13,"港区","東新橋東京汐留ビルディング"],"1057143":[13,"港区","東新橋汐留シティセンター"],"1057208":[13,"港区","東新橋汐留メディアタワー"],"1057038":[13,"港区","東新橋電通本社ビル"],"1058451":[13,"港区","虎ノ門","１丁目３－１"],"1058680":[13,"港区","虎ノ門","１丁目２６－５虎ノ門１７森ビル５階"],"1056238":[13,"港区","愛宕愛宕グリーンヒルズＭＯＲＩタワー"],"1057403":[13,"港区","東新橋日本テレビタワー"],"1056123":[13,"港区","浜松町世界貿易センタービル"],"1057140":[13,"港区","東新橋汐留シティセンター"],"1058416":[13,"港区","虎ノ門","２丁目１０－４"],"1056210":[13,"港区","愛宕愛宕グリーンヒルズＭＯＲＩタワー"],"1050011":[13,"港区","芝公園"],"1058460":[13,"港区","虎ノ門","１丁目７番１２号虎ノ門ファーストガーデン"],"1058002":[13,"港区","浜松町","１丁目３１"],"1057126":[13,"港区","東新橋汐留シティセンター"],"1057137":[13,"港区","東新橋汐留シティセンター"],"1058554":[13,"港区","浜松町","１丁目３０－５浜松町スクエア１２階"],"1058338":[13,"港区","海岸","１丁目１４番２２号"],"1057490":[13,"港区","東新橋日本テレビタワー"],"1057224":[13,"港区","東新橋汐留メディアタワー"],"1058540":[13,"港区","芝","３－２３－１セレスティン芝三井ビルディング"],"1057034":[13,"港区","東新橋電通本社ビル"],"1058436":[13,"港区","虎ノ門","１丁目２－８虎ノ門琴平タワー８Ｆ"],"1058604":[13,"港区","新橋","１丁目１８－６"],"1056027":[13,"港区","虎ノ門城山トラストタワー"],"1056138":[13,"港区","浜松町世界貿易センタービル"],"1057040":[13,"港区","東新橋電通本社ビル"],"1056104":[13,"港区","浜松町世界貿易センタービル"],"1058711":[13,"品川区","大崎","１丁目１１－２"],"1057332":[13,"港区","東新橋東京汐留ビルディング"],"1056127":[13,"港区","浜松町世界貿易センタービル"],"1058685":[13,"港区","新橋","５丁目３６－１１"],"1058666":[13,"港区","新橋","６丁目１１－１０港運会館"],"1057213":[13,"港区","東新橋汐留メディアタワー"],"1056003":[13,"港区","虎ノ門城山トラストタワー"],"1057111":[13,"港区","東新橋汐留シティセンター"],"1056228":[13,"港区","愛宕愛宕グリーンヒルズＭＯＲＩタワー"],"1057102":[13,"港区","東新橋汐留シティセンター"],"1058422":[13,"港区","虎ノ門","２丁目２－１"],"1057016":[13,"港区","東新橋電通本社ビル"],"1056126":[13,"港区","浜松町世界貿易センタービル"],"1057120":[13,"港区","東新橋汐留シティセンター"],"1050012":[13,"港区","芝大門"],"1058608":[13,"港区","新橋","５丁目２０－３新橋ＳＴビル３Ｆ"],"1056017":[13,"港区","虎ノ門城山トラストタワー"],"1058311":[13,"港区","東新橋","１丁目７－３"],"1058588":[13,"港区","芝大門","２丁目１－１９"],"1057106":[13,"港区","東新橋汐留シティセンター"],"1058449":[13,"港区","芝浦","１丁目２番１号シーバンスＮ館２０階"],"1056224":[13,"港区","愛宕愛宕グリーンヒルズＭＯＲＩタワー"],"1056133":[13,"港区","浜松町世界貿易センタービル"],"1058446":[13,"港区","虎ノ門","３丁目８－２１"],"1057328":[13,"港区","東新橋東京汐留ビルディング"],"1058568":[13,"港区","芝公園","２丁目４番１号芝パークビルＢ館５階"],"1057133":[13,"港区","東新橋汐留シティセンター"],"1058528":[13,"港区","芝浦","１丁目１－１"],"1057415":[13,"港区","東新橋日本テレビタワー"],"1056214":[13,"港区","愛宕愛宕グリーンヒルズＭＯＲＩタワー"],"1057428":[13,"港区","東新橋日本テレビタワー"],"1058545":[13,"港区","芝","２丁目３２－１"],"1056117":[13,"港区","浜松町世界貿易センタービル"],"1058482":[13,"港区","虎ノ門","４丁目１－４０"],"1058576":[13,"港区","海岸","１丁目１６－２"],"1058707":[13,"江戸川区","春江町","２丁目３１番１５号"],"1058441":[13,"港区","芝大門","１丁目１－３"],"1050000":[13,"港区",""],"1056235":[13,"港区","愛宕愛宕グリーンヒルズＭＯＲＩタワー"],"1058517":[13,"港区","芝浦","１丁目１３－１６"],"1058702":[13,"港区","芝公園","２丁目４－１秀和芝パークビルＢ館１０階"],"1058558":[13,"港区","芝公園","１丁目７－２４"],"1057430":[13,"港区","東新橋日本テレビタワー"],"1056220":[13,"港区","愛宕愛宕グリーンヒルズＭＯＲＩタワー"],"1057118":[13,"港区","東新橋汐留シティセンター"],"1050023":[13,"港区","芝浦"],"1057324":[13,"港区","東新橋東京汐留ビルディング"],"1056109":[13,"港区","浜松町世界貿易センタービル"],"1056203":[13,"港区","愛宕愛宕グリーンヒルズＭＯＲＩタワー"],"1056121":[13,"港区","浜松町世界貿易センタービル"],"1057043":[13,"港区","東新橋電通本社ビル"],"1057412":[13,"港区","東新橋日本テレビタワー"],"1057008":[13,"港区","東新橋電通本社ビル"],"1058584":[13,"港区","浜松町","１丁目３０－５浜松町スクエア"],"1056007":[13,"港区","虎ノ門城山トラストタワー"],"1057105":[13,"港区","東新橋汐留シティセンター"],"1058712":[13,"港区","西新橋","２丁目１５－１２"],"1057090":[13,"港区","東新橋電通本社ビル"],"1056232":[13,"港区","愛宕愛宕グリーンヒルズＭＯＲＩタワー"],"1057023":[13,"港区","東新橋電通本社ビル"],"1056023":[13,"港区","虎ノ門城山トラストタワー"],"1050002":[13,"港区","愛宕"],"1056217":[13,"港区","愛宕愛宕グリーンヒルズＭＯＲＩタワー"],"1056013":[13,"港区","虎ノ門城山トラストタワー"],"1057002":[13,"港区","東新橋電通本社ビル"],"1057017":[13,"港区","東新橋電通本社ビル"],"1057231":[13,"港区","東新橋汐留メディアタワー"],"1058508":[13,"港区","芝公園","４丁目１番４号"],"1057012":[13,"港区","東新橋電通本社ビル"],"1056018":[13,"港区","虎ノ門城山トラストタワー"],"1057025":[13,"港区","東新橋電通本社ビル"],"1056219":[13,"港区","愛宕愛宕グリーンヒルズＭＯＲＩタワー"],"1058429":[13,"港区","西新橋","１丁目４－５"],"1058642":[13,"港区","東新橋","２丁目２－９"],"1057330":[13,"港区","東新橋東京汐留ビルディング"],"1056105":[13,"港区","浜松町世界貿易センタービル"],"1058428":[13,"港区","西新橋","２丁目１－１"],"1058683":[13,"港区","芝","３丁目２２－８"],"1057218":[13,"港区","東新橋汐留メディアタワー"],"1057134":[13,"港区","東新橋汐留シティセンター"],"1057103":[13,"港区","東新橋汐留シティセンター"],"1058085":[13,"港区","虎ノ門","５丁目１１－２オランダヒルズ森タワー２０階"],"1057407":[13,"港区","東新橋日本テレビタワー"],"1056103":[13,"港区","浜松町世界貿易センタービル"],"1058312":[13,"港区","東新橋","１丁目７－３"],"1050013":[13,"港区","浜松町"],"1058687":[13,"港区","新橋","４丁目２２－４"],"1056107":[13,"港区","浜松町世界貿易センタービル"],"1058468":[13,"港区","浜松町","２丁目１３－１０"],"1057039":[13,"港区","東新橋電通本社ビル"],"1057230":[13,"港区","東新橋汐留メディアタワー"],"1057422":[13,"港区","東新橋日本テレビタワー"],"1057207":[13,"港区","東新橋汐留メディアタワー"],"1057210":[13,"港区","東新橋汐留メディアタワー"],"1057312":[13,"港区","東新橋東京汐留ビルディング"],"1056125":[13,"港区","浜松町世界貿易センタービル"],"1058701":[13,"港区","芝公園","２丁目４－１秀和芝パークビルＢ館１０階"],"1057416":[13,"港区","東新橋日本テレビタワー"],"1057109":[13,"港区","東新橋汐留シティセンター"],"1058610":[13,"港区","東新橋","２丁目６－１０"],"1058473":[13,"港区","虎ノ門","２－２－５"],"1058640":[13,"港区","東新橋","１丁目９－２汐留住友ビル"],"1058401":[13,"港区","虎ノ門","１丁目２０－１０"],"1058461":[13,"港区","西新橋","３丁目２５－８"],"1057228":[13,"港区","東新橋汐留メディアタワー"],"1058581":[13,"港区","芝公園","１丁目１－２"],"1057013":[13,"港区","東新橋電通本社ビル"],"1057127":[13,"港区","東新橋汐留シティセンター"],"1058614":[13,"港区","芝浦","１丁目２－１シーバンスＮ館"],"1058527":[13,"港区","海岸","１丁目５－２０"],"1058603":[13,"港区","海岸","２丁目１－７住友不動産竹芝ビル"],"1058587":[13,"港区","芝大門","１丁目１２－１５"],"1056014":[13,"港区","虎ノ門城山トラストタワー"],"1058011":[13,"港区","海岸","１丁目２－２０"],"1057323":[13,"港区","東新橋東京汐留ビルディング"],"1056004":[13,"港区","虎ノ門城山トラストタワー"],"1058520":[13,"港区","東新橋","１丁目９－２汐留住友ビル２４階"],"1056036":[13,"港区","虎ノ門城山トラストタワー"],"1057203":[13,"港区","東新橋汐留メディアタワー"],"1058434":[13,"港区","西新橋","２丁目８－６住友不動産日比谷ビル"],"1058427":[13,"港区","西新橋","１丁目２－９日比谷セントラルビル"],"1058550":[13,"港区","浜松町","１－２１－２"],"1056242":[13,"港区","愛宕愛宕グリーンヒルズＭＯＲＩタワー"],"1057029":[13,"港区","東新橋電通本社ビル"],"1056137":[13,"港区","浜松町世界貿易センタービル"],"1057035":[13,"港区","東新橋電通本社ビル"],"1058688":[13,"港区","虎ノ門","２丁目１－１"],"1056116":[13,"港区","浜松町世界貿易センタービル"],"1058510":[13,"港区","芝","３丁目１－１２"],"1056024":[13,"港区","虎ノ門城山トラストタワー"],"1056035":[13,"港区","虎ノ門城山トラストタワー"],"1057234":[13,"港区","東新橋汐留メディアタワー"],"1058579":[13,"港区","浜松町","２丁目１１－３ＭＴＢＪビル"],"1057136":[13,"港区","東新橋汐留シティセンター"],"1058483":[13,"港区","虎ノ門","３丁目５－１虎ノ門３７森ビル"],"1058534":[13,"港区","虎ノ門","３丁目２２－１秀和第二芝公園３丁目ビル４Ｆ"],"1057327":[13,"港区","東新橋東京汐留ビルディング"],"1056204":[13,"港区","愛宕愛宕グリーンヒルズＭＯＲＩタワー"],"1058333":[13,"港区","東新橋","１丁目６－３"],"1058467":[13,"港区","虎ノ門","２丁目８番１０号"],"1057211":[13,"港区","東新橋汐留メディアタワー"],"1058050":[13,"港区","芝公園","１－３－１留園ビル６階"],"1058485":[13,"港区","虎ノ門","１丁目３－２"],"1056031":[13,"港区","虎ノ門城山トラストタワー"],"1056233":[13,"港区","愛宕愛宕グリーンヒルズＭＯＲＩタワー"],"1056223":[13,"港区","愛宕愛宕グリーンヒルズＭＯＲＩタワー"],"1056020":[13,"港区","虎ノ門城山トラストタワー"],"1058535":[13,"港区","海岸","１丁目２－２０汐留ビルディング５階"],"1057304":[13,"港区","東新橋東京汐留ビルディング"],"1057007":[13,"港区","東新橋電通本社ビル"],"1057044":[13,"港区","東新橋電通本社ビル"],"1058553":[13,"港区","芝","１丁目５－９"],"1057427":[13,"港区","東新橋日本テレビタワー"],"1057026":[13,"港区","東新橋電通本社ビル"],"1057317":[13,"港区","東新橋東京汐留ビルディング"],"1058010":[13,"港区","西新橋","１丁目６－２１"],"1050003":[13,"港区","西新橋"],"1058565":[13,"港区","虎ノ門","１－２－８"],"1057308":[13,"港区","東新橋東京汐留ビルディング"],"1057214":[13,"港区","東新橋汐留メディアタワー"],"1056226":[13,"港区","愛宕愛宕グリーンヒルズＭＯＲＩタワー"],"1058583":[13,"港区","新橋","４－１１－１ＴＫ新橋ビル"],"1050001":[13,"港区","虎ノ門"],"1057117":[13,"港区","東新橋汐留シティセンター"],"1057129":[13,"港区","東新橋汐留シティセンター"],"1058668":[13,"港区","芝浦","１丁目２－１シーバンスＮ館"],"1056028":[13,"港区","虎ノ門城山トラストタワー"],"1057318":[13,"港区","東新橋東京汐留ビルディング"],"1058577":[13,"港区","新橋","６丁目１－１１タウィンチ御成門"],"1057114":[13,"港区","東新橋汐留シティセンター"],"1056122":[13,"港区","浜松町世界貿易センタービル"],"1058507":[13,"港区","芝","２丁目３２－１"],"1058560":[13,"港区","芝公園","３丁目３－１"],"1058626":[13,"港区","海岸","２丁目１－７"],"1056216":[13,"港区","愛宕愛宕グリーンヒルズＭＯＲＩタワー"],"1057334":[13,"港区","東新橋東京汐留ビルディング"],"1057031":[13,"港区","東新橋電通本社ビル"],"1057045":[13,"港区","東新橋電通本社ビル"],"1058623":[13,"港区","芝","３丁目８番２号芝公園ファーストビル"],"1058424":[13,"港区","虎ノ門","３丁目１０－４－８０８"],"1057402":[13,"港区","東新橋日本テレビタワー"],"1057315":[13,"港区","東新橋東京汐留ビルディング"],"1057124":[13,"港区","東新橋汐留シティセンター"],"1056112":[13,"港区","浜松町世界貿易センタービル"],"1056236":[13,"港区","愛宕愛宕グリーンヒルズＭＯＲＩタワー"],"1056008":[13,"港区","虎ノ門城山トラストタワー"],"1057204":[13,"港区","東新橋汐留メディアタワー"],"1057018":[13,"港区","東新橋電通本社ビル"],"1057225":[13,"港区","東新橋汐留メディアタワー"],"1058518":[13,"港区","芝大門","１丁目１３－９"]}
