{"0294494":[3,"奥州市","衣川区楢原山"],"0295619":[3,"和賀郡西和賀町","沢内弁天"],"0294305":[3,"奥州市","衣川区長袋"],"0294474":[3,"奥州市","衣川区上河内"],"0294323":[3,"奥州市","衣川区小安代"],"0294378":[3,"奥州市","衣川区菖蒲平"],"0294303":[3,"奥州市","衣川区衣原"],"0292292":[3,"陸前高田市","高田町","字鳴石４２－５"],"0294454":[3,"奥州市","衣川区表"],"0294442":[3,"奥州市","衣川区上野"],"0295616":[3,"和賀郡西和賀町","沢内泉沢"],"0294389":[3,"奥州市","衣川区長板沢"],"0294381":[3,"奥州市","衣川区石ケ沢"],"0294412":[3,"奥州市","衣川区富田"],"0294456":[3,"奥州市","衣川区西裏"],"0294315":[3,"奥州市","衣川区天田"],"0290431":[3,"一関市","大東町猿沢"],"0290603":[3,"一関市","大東町沖田"],"0291211":[3,"一関市","室根町津谷川"],"0290522":[3,"一関市","大東町曽慶"],"0294465":[3,"奥州市","衣川区後滝の沢"],"0293406":[3,"一関市","藤沢町西口"],"0291202":[3,"一関市","室根町矢越"],"0295611":[3,"和賀郡西和賀町","沢内新町"],"0295513":[3,"和賀郡西和賀町","甲子"],"0294308":[3,"奥州市","衣川区大平"],"0294334":[3,"奥州市","衣川区百ケ袋"],"0294371":[3,"奥州市","衣川区桧山沢"],"0294208":[3,"奥州市","前沢区粟ケ島"],"0294415":[3,"奥州市","衣川区向館谷起"],"0293101":[3,"一関市","花泉町花泉"],"0294101":[3,"西磐井郡平泉町","長島"],"0295618":[3,"和賀郡西和賀町","沢内両沢"],"0290711":[3,"一関市","大東町大原"],"0294342":[3,"奥州市","衣川区高保呂"],"0292208":[3,"陸前高田市","広田町"],"0295505":[3,"和賀郡西和賀町","湯本"],"0294293":[3,"奥州市","前沢区","字向田２－８５"],"0294329":[3,"奥州市","衣川区上寺田"],"0294501":[3,"胆沢郡金ケ崎町","六原"],"0294481":[3,"奥州市","衣川区畦畑山"],"0294361":[3,"奥州市","衣川区長嚢"],"0294354":[3,"奥州市","衣川区除"],"0294488":[3,"奥州市","衣川区大原"],"0294417":[3,"奥州市","衣川区富田前"],"0294485":[3,"奥州市","衣川区宝塔谷地"],"0294322":[3,"奥州市","衣川区板倉"],"0294383":[3,"奥州市","衣川区沖の野"],"0292201":[3,"陸前高田市","矢作町"],"0294424":[3,"奥州市","衣川区九輪堂"],"0294464":[3,"奥州市","衣川区前滝の沢"],"0294311":[3,"奥州市","衣川区古館"],"0295613":[3,"和賀郡西和賀町","沢内前郷"],"0290303":[3,"一関市","東山町松川"],"0294491":[3,"奥州市","衣川区上立沢"],"0294452":[3,"奥州市","衣川区月山"],"0294484":[3,"奥州市","衣川区噌味"],"0294404":[3,"奥州市","衣川区寺袋"],"0292206":[3,"陸前高田市","米崎町"],"0295512":[3,"和賀郡西和賀町","川尻"],"0294203":[3,"奥州市","前沢区北久保"],"0294325":[3,"奥州市","衣川区小正板"],"0290211":[3,"一関市","弥栄"],"0293207":[3,"一関市","花泉町油島"],"0295703":[3,"和賀郡西和賀町","沢内貝沢"],"0294375":[3,"奥州市","衣川区鞍掛"],"0293206":[3,"一関市","花泉町永井"],"0290803":[3,"一関市","千厩町千厩"],"0292311":[3,"気仙郡住田町","世田米"],"0293105":[3,"一関市","花泉町涌津"],"0294475":[3,"奥州市","衣川区中山"],"0295522":[3,"和賀郡西和賀町","巣郷"],"0294207":[3,"奥州市","前沢区赤面"],"0294373":[3,"奥州市","衣川区山田"],"0294437":[3,"奥州市","衣川区唐金"],"0294486":[3,"奥州市","衣川区鷹の巣"],"0294461":[3,"奥州市","衣川区平"],"0290602":[3,"一関市","大東町鳥海"],"0293103":[3,"一関市","花泉町老松"],"0294418":[3,"奥州市","衣川区杉林"],"0294408":[3,"奥州市","衣川区土屋"],"0294385":[3,"奥州市","衣川区富沢"],"0294445":[3,"奥州市","衣川区七日市場"],"0290202":[3,"一関市","川崎町薄衣"],"0294194":[3,"西磐井郡平泉町","平泉","字佐野原２１"],"0295503":[3,"和賀郡西和賀町","穴明"],"0290192":[3,"一関市","狐禅寺","字大平１７"],"0294503":[3,"胆沢郡金ケ崎町","西根"],"0294492":[3,"奥州市","衣川区下立沢"],"0294314":[3,"奥州市","衣川区中屋敷"],"0295500":[3,"和賀郡西和賀町",""],"0294365":[3,"奥州市","衣川区天土"],"0292293":[3,"陸前高田市","高田町","字館の沖１８番地"],"0291201":[3,"一関市","室根町折壁"],"0292502":[3,"気仙郡住田町","下有住"],"0294345":[3,"奥州市","衣川区館城"],"0295507":[3,"和賀郡西和賀町","大沓"],"0292203":[3,"陸前高田市","竹駒町"],"0294402":[3,"奥州市","衣川区星屋"],"0293401":[3,"一関市","藤沢町増沢"],"0294382":[3,"奥州市","衣川区関袋"],"0294431":[3,"奥州市","衣川区田中"],"0294352":[3,"奥州市","衣川区岩の上"],"0294433":[3,"奥州市","衣川区池田西"],"0292204":[3,"陸前高田市","気仙町"],"0294327":[3,"奥州市","衣川区馬懸"],"0295514":[3,"和賀郡西和賀町","湯川"],"0294363":[3,"奥州市","衣川区夏梨"],"0294483":[3,"奥州市","衣川区沼野"],"0294406":[3,"奥州市","衣川区大坂"],"0294422":[3,"奥州市","衣川区瀬原"],"0293403":[3,"一関市","藤沢町砂子田"],"0294435":[3,"奥州市","衣川区押切"],"0294443":[3,"奥州市","衣川区六日市場"],"0294439":[3,"奥州市","衣川区田中西"],"0294426":[3,"奥州市","衣川区愛宕下"],"0293522":[3,"一関市","藤沢町大籠"],"0294362":[3,"奥州市","衣川区小林山"],"0295501":[3,"和賀郡西和賀町","左草"],"0290801":[3,"一関市","千厩町清田"],"0294401":[3,"奥州市","衣川区張山"],"0294473":[3,"奥州市","衣川区向"],"0292200":[3,"陸前高田市",""],"0294304":[3,"奥州市","衣川区外の沢"],"0293311":[3,"一関市","藤沢町黄海"],"0295612":[3,"和賀郡西和賀町","沢内大野"],"0295617":[3,"和賀郡西和賀町","沢内長瀬野"],"0292202":[3,"陸前高田市","横田町"],"0294306":[3,"奥州市","衣川区小田"],"0294500":[3,"胆沢郡金ケ崎町",""],"0291111":[3,"一関市","千厩町奥玉"],"0292207":[3,"陸前高田市","小友町"],"0294482":[3,"奥州市","衣川区畦畑"],"0294421":[3,"奥州市","衣川区日向"],"0294195":[3,"西磐井郡平泉町","平泉","字衣関２０２"],"0294348":[3,"奥州市","衣川区杉野"],"0294453":[3,"奥州市","衣川区山口"],"0294324":[3,"奥州市","衣川区正板"],"0292300":[3,"気仙郡住田町",""],"0294377":[3,"奥州市","衣川区後山"],"0294209":[3,"奥州市","前沢区あすか通"],"0290301":[3,"一関市","東山町田河津"],"0294403":[3,"奥州市","衣川区本田原"],"0294192":[3,"西磐井郡平泉町","平泉","字志羅山４５－２"],"0294344":[3,"奥州市","衣川区沢田"],"0295504":[3,"和賀郡西和賀町","槻沢"],"0294316":[3,"奥州市","衣川区苗代沢"],"0294497":[3,"奥州市","衣川区餅転"],"0294307":[3,"奥州市","衣川区有浦"],"0294436":[3,"奥州市","衣川区大石ケ沢"],"0294312":[3,"奥州市","衣川区西窪"],"0294205":[3,"奥州市","前沢区合ノ沢"],"0295621":[3,"和賀郡西和賀町","沢内鍵飯"],"0295615":[3,"和賀郡西和賀町","沢内猿橋"],"0293405":[3,"一関市","藤沢町藤沢"],"0294455":[3,"奥州市","衣川区横道下"],"0294423":[3,"奥州市","衣川区瀬原西浦"],"0294331":[3,"奥州市","衣川区深沢"],"0294355":[3,"奥州市","衣川区山岸"],"0294463":[3,"奥州市","衣川区葭ケ沢"],"0294102":[3,"西磐井郡平泉町","平泉"],"0294413":[3,"奥州市","衣川区堰下"],"0294427":[3,"奥州市","衣川区陣場下"],"0294387":[3,"奥州市","衣川区下大森"],"0294451":[3,"奥州市","衣川区東裏"],"0294211":[3,"奥州市","前沢区駅東"],"0294202":[3,"奥州市","前沢区白山"],"0294411":[3,"奥州市","衣川区上小路"],"0295506":[3,"和賀郡西和賀町","湯之沢"],"0294471":[3,"奥州市","衣川区下河内"],"0294372":[3,"奥州市","衣川区松林"],"0294353":[3,"奥州市","衣川区旧殿"],"0294434":[3,"奥州市","衣川区池田"],"0295523":[3,"和賀郡西和賀町","越中畑"],"0294495":[3,"奥州市","衣川区楢原"],"0294321":[3,"奥州市","衣川区雲南田"],"0292205":[3,"陸前高田市","高田町"],"0294317":[3,"奥州市","衣川区桑畑"],"0290523":[3,"一関市","大東町摺沢"],"0290201":[3,"一関市","川崎町門崎"],"0294505":[3,"胆沢郡金ケ崎町","永栄"],"0294333":[3,"奥州市","衣川区駒場"],"0294432":[3,"奥州市","衣川区小林"],"0290804":[3,"一関市","千厩町磐清水"],"0294441":[3,"奥州市","衣川区並木前"],"0294487":[3,"奥州市","衣川区大原山"],"0294425":[3,"奥州市","衣川区采女沢"],"0294347":[3,"奥州市","衣川区大西"],"0294332":[3,"奥州市","衣川区古戸"],"0294493":[3,"奥州市","衣川区野崎"],"0294407":[3,"奥州市","衣川区金成"],"0294206":[3,"奥州市","前沢区赤坂"],"0294328":[3,"奥州市","衣川区下寺田"],"0293102":[3,"一関市","花泉町金沢"],"0290521":[3,"一関市","大東町渋民"],"0294502":[3,"胆沢郡金ケ崎町","三ケ尻"],"0294414":[3,"奥州市","衣川区野田"],"0293104":[3,"一関市","花泉町日形"],"0294438":[3,"奥州市","衣川区室の木"],"0294292":[3,"奥州市","前沢区","字七日町裏７１"],"0294405":[3,"奥州市","衣川区桑木谷地"],"0295614":[3,"和賀郡西和賀町","沢内太田"],"0294593":[3,"胆沢郡金ケ崎町","西根","森山４番地２"],"0290802":[3,"一関市","千厩町小梨"],"0294416":[3,"奥州市","衣川区向館"],"0294326":[3,"奥州市","衣川区懸田"],"0290302":[3,"一関市","東山町長坂"],"0294313":[3,"奥州市","衣川区石生"],"0294341":[3,"奥州市","衣川区六道"],"0295701":[3,"和賀郡西和賀町","沢内川舟"],"0292501":[3,"気仙郡住田町","上有住"],"0294388":[3,"奥州市","衣川区上大森"],"0294343":[3,"奥州市","衣川区能登屋敷"],"0293205":[3,"一関市","花泉町涌津"],"0294374":[3,"奥州市","衣川区桧山沢山"],"0294386":[3,"奥州市","衣川区女石"],"0294419":[3,"奥州市","衣川区大面"],"0294376":[3,"奥州市","衣川区本巻"],"0294504":[3,"胆沢郡金ケ崎町","永沢"],"0294472":[3,"奥州市","衣川区中河内"],"0294346":[3,"奥州市","衣川区豊巻"],"0294100":[3,"西磐井郡平泉町",""],"0294364":[3,"奥州市","衣川区西風山"],"0295692":[3,"和賀郡西和賀町","沢内字太田","２地割８１－１"],"0294446":[3,"奥州市","衣川区川端"],"0294384":[3,"奥州市","衣川区石神"],"0294462":[3,"奥州市","衣川区八千"],"0295502":[3,"和賀郡西和賀町","樺沢"],"0294201":[3,"奥州市","前沢区阿部舘"],"0294444":[3,"奥州市","衣川区清水の上"],"0290601":[3,"一関市","大東町中川"],"0293402":[3,"一関市","藤沢町新沼"],"0295521":[3,"和賀郡西和賀町","大渡"],"0295511":[3,"和賀郡西和賀町","上野々"],"0294592":[3,"胆沢郡金ケ崎町","西根","南町２２－１"],"0294351":[3,"奥州市","衣川区夏秋"],"0295702":[3,"和賀郡西和賀町","沢内若畑"],"0292396":[3,"気仙郡住田町","世田米","字川向９６－１"],"0293521":[3,"一関市","藤沢町保呂羽"],"0294496":[3,"奥州市","衣川区真打"],"0294204":[3,"奥州市","前沢区下谷起"],"0290131":[3,"一関市","狐禅寺"],"0293404":[3,"一関市","藤沢町徳田"],"0290132":[3,"一関市","滝沢"]}
