{"3309688":[11,"さいたま市浦和区","高砂","１丁目２１エイペックスタワー南館"],"3309566":[11,"さいたま市大宮区","桜木町","４丁目２０９"],"3309586":[11,"さいたま市浦和区","常盤","６丁目４－４"],"3308538":[11,"さいたま市浦和区","常盤","６丁目３６－４"],"3309630":[11,"さいたま市大宮区","桜木町","１丁目７－５"],"3300061":[11,"さいたま市浦和区","常盤"],"3308572":[11,"さいたま市浦和区","高砂","３丁目１６－５８"],"3300803":[11,"さいたま市大宮区","高鼻町"],"3306027":[11,"さいたま市中央区","新都心明治安田生命さいたま新都心ビル"],"3309621":[11,"さいたま市大宮区","宮町","１丁目６０"],"3308710":[11,"さいたま市浦和区","東岸町","９－２０新山ビル２階"],"3309622":[11,"さいたま市大宮区","桜木町","１丁目７－５"],"3300073":[11,"さいたま市浦和区","元町"],"3300801":[11,"さいたま市大宮区","土手町"],"3308547":[11,"さいたま市大宮区","宮町","１丁目１０９－１大宮宮町ビル４Ｆ"],"3306010":[11,"さいたま市中央区","新都心明治安田生命さいたま新都心ビル"],"3308511":[11,"さいたま市大宮区","大門町","１丁目３２"],"3300053":[11,"さいたま市浦和区","前地"],"3309045":[11,"さいたま市浦和区","針ヶ谷","４丁目２－２０住友生命浦和テクノシティービル５Ｆ"],"3300072":[11,"さいたま市浦和区","領家"],"3309525":[11,"さいたま市大宮区","宮町","１丁目１１４番１号リクルートヒシヤ大宮ビル３階"],"3308579":[11,"さいたま市浦和区","常盤","４丁目１６－２"],"3300041":[11,"さいたま市浦和区","三崎"],"3306006":[11,"さいたま市中央区","新都心明治安田生命さいたま新都心ビル"],"3306024":[11,"さいたま市中央区","新都心明治安田生命さいたま新都心ビル"],"3300081":[11,"さいたま市中央区","新都心"],"3308571":[11,"さいたま市浦和区","岸町","７丁目１１－６"],"3309582":[11,"さいたま市大宮区","桜木町","１丁目１１－９ニッセイ大宮桜木町ビル５Ｆ"],"3309551":[11,"さいたま市大宮区","北袋町","１丁目２９９－１２"],"3309588":[11,"さいたま市浦和区","常盤","６丁目４－４"],"3306032":[11,"さいたま市中央区","新都心明治安田生命さいたま新都心ビル"],"3300064":[11,"さいたま市浦和区","岸町"],"3309531":[11,"さいたま市大宮区","桜木町","１丁目７－５ソニックシティビル１５Ｆ"],"3300051":[11,"さいたま市浦和区","駒場"],"3309301":[11,"さいたま市浦和区","高砂","３丁目１５－１"],"3309564":[11,"さいたま市大宮区","三橋","３丁目１３３－２"],"3306008":[11,"さいたま市中央区","新都心明治安田生命さいたま新都心ビル"],"3306090":[11,"さいたま市中央区","新都心明治安田生命さいたま新都心ビル"],"3306022":[11,"さいたま市中央区","新都心明治安田生命さいたま新都心ビル"],"3306002":[11,"さいたま市中央区","新都心明治安田生命さいたま新都心ビル"],"3300842":[11,"さいたま市大宮区","浅間町"],"3308566":[11,"さいたま市浦和区","仲町","１丁目１－１３"],"3308686":[11,"さいたま市大宮区","土手町","１丁目４９－８Ｇ・Ｍ大宮ビル"],"3309666":[11,"さいたま市浦和区","針ヶ谷","４丁目２－１１さくら浦和ビル"],"3308506":[11,"さいたま市大宮区","北袋町","１丁目２９９－３"],"3309540":[11,"さいたま市大宮区","桜木町","１丁目１０－２ＧＩＮＺＡＹＡＭＡＴＯ３"],"3306016":[11,"さいたま市中央区","新都心明治安田生命さいたま新都心ビル"],"3309535":[11,"さいたま市大宮区","大成町","１丁目２４６"],"3308601":[11,"さいたま市大宮区","宮町","１丁目８９"],"3306013":[11,"さいたま市中央区","新都心明治安田生命さいたま新都心ビル"],"3309502":[11,"さいたま市大宮区","大成町","３丁目５２７"],"3306034":[11,"さいたま市中央区","新都心明治安田生命さいたま新都心ビル"],"3309553":[11,"さいたま市大宮区","大成町","２丁目２２４－１"],"3300835":[11,"さいたま市大宮区","北袋町"],"3309608":[11,"さいたま市大宮区","桜木町","１丁目７－５"],"3309501":[11,"さいたま市大宮区","桜木町","２丁目３"],"3306017":[11,"さいたま市中央区","新都心明治安田生命さいたま新都心ビル"],"3306019":[11,"さいたま市中央区","新都心明治安田生命さいたま新都心ビル"],"3309550":[11,"さいたま市浦和区","岸町","７丁目１０－１４"],"3308533":[11,"さいたま市浦和区","高砂","３丁目１５－１"],"3308522":[11,"さいたま市浦和区","大原","３丁目１０－１"],"3300063":[11,"さいたま市浦和区","高砂"],"3308519":[11,"さいたま市浦和区","高砂","１丁目１－１"],"3309508":[11,"さいたま市大宮区","桜木町","４丁目３８３"],"3309575":[11,"さいたま市大宮区","三橋","２丁目６２５－６"],"3300056":[11,"さいたま市浦和区","東仲町"],"3306020":[11,"さいたま市中央区","新都心明治安田生命さいたま新都心ビル"],"3309511":[11,"さいたま市浦和区","領家","３丁目１８－１"],"3300856":[11,"さいたま市大宮区","三橋"],"3308505":[11,"さいたま市大宮区","下町","２丁目６１"],"3309626":[11,"さいたま市大宮区","桜木町","１丁目７－５ソニックシティビル８Ｆ"],"3300043":[11,"さいたま市浦和区","大東"],"3300854":[11,"さいたま市大宮区","桜木町"],"3300846":[11,"さいたま市大宮区","大門町"],"3306030":[11,"さいたま市中央区","新都心明治安田生命さいたま新都心ビル"],"3306028":[11,"さいたま市中央区","新都心明治安田生命さいたま新都心ビル"],"3300836":[11,"さいたま市大宮区","大原"],"3300851":[11,"さいたま市大宮区","櫛引町"],"3308669":[11,"さいたま市大宮区","桜木町","１丁目７－５"],"3308550":[11,"さいたま市大宮区","宮町","１丁目３８－１野村不動産大宮共同ビル７Ｆ"],"3300044":[11,"さいたま市浦和区","瀬ケ崎"],"3309543":[11,"さいたま市大宮区","桜木町","４丁目３４５"],"3309601":[11,"さいたま市大宮区","桜木町","１丁目７－５ソニックシティビル２３Ｆ"],"3300800":[11,"さいたま市大宮区",""],"3309581":[11,"さいたま市大宮区","桜木町","１丁目１１－９ニッセイ大宮桜木町ビル４Ｆ"],"3300074":[11,"さいたま市浦和区","北浦和"],"3309585":[11,"さいたま市大宮区","大成町","２丁目２２６"],"3309611":[11,"さいたま市浦和区","高砂","２丁目１－１９"],"3309377":[11,"さいたま市浦和区","高砂","４丁目３－１５ＫＳビル４Ｆ"],"3306005":[11,"さいたま市中央区","新都心明治安田生命さいたま新都心ビル"],"3309111":[11,"さいたま市中央区","新都心","８番地"],"3300805":[11,"さいたま市大宮区","寿能町"],"3306033":[11,"さいたま市中央区","新都心明治安田生命さいたま新都心ビル"],"3309715":[11,"さいたま市中央区","新都心","１番地１"],"3306009":[11,"さいたま市中央区","新都心明治安田生命さいたま新都心ビル"],"3308688":[11,"さいたま市大宮区","土手町","１丁目２ＪＡ共済埼玉ビル"],"3309310":[11,"さいたま市浦和区","常盤","６丁目１－２１"],"3309545":[11,"さいたま市大宮区","宮町","２丁目８１アネックスビル内"],"3309577":[11,"さいたま市大宮区","錦町","１０１７"],"3308508":[11,"さいたま市大宮区","北袋町","１丁目２９７"],"3308581":[11,"さいたま市大宮区","桜木町","２丁目２９２－１"],"3309536":[11,"さいたま市中央区","新都心","１１－１"],"3300802":[11,"さいたま市大宮区","宮町"],"3306011":[11,"さいたま市中央区","新都心明治安田生命さいたま新都心ビル"],"3309555":[11,"さいたま市大宮区","錦町","４３４－３"],"3308565":[11,"さいたま市浦和区","針ケ谷","４丁目７－２５"],"3309590":[11,"さいたま市浦和区","常盤","４丁目１１－１９"],"3309696":[11,"さいたま市大宮区","桜木町","１丁目１０－１６シーノ大宮ノースウィング１８Ｆ"],"3300042":[11,"さいたま市浦和区","木崎"],"3309109":[11,"さいたま市中央区","新都心","８番地さいたまスーパーアリーナ内"],"3309565":[11,"さいたま市大宮区","三橋","２丁目６２５－６"],"3300804":[11,"さいたま市大宮区","堀の内町"],"3308510":[11,"さいたま市中央区","新都心","３－１郵便局株式会社関東支社２３Ｆ"],"3306003":[11,"さいたま市中央区","新都心明治安田生命さいたま新都心ビル"],"3309512":[11,"さいたま市大宮区","上小町","４７６"],"3309507":[11,"さいたま市浦和区","北浦和","５－５－１"],"3300065":[11,"さいたま市浦和区","神明"],"3309011":[11,"さいたま市大宮区","土手町","１丁目４９－８ＧＭ大宮ビル３階"],"3300853":[11,"さいたま市大宮区","錦町"],"3300071":[11,"さいたま市浦和区","上木崎"],"3309583":[11,"さいたま市大宮区","桜木町","１丁目１１－９ニッセイ大宮桜木町ビル６Ｆ"],"3309796":[11,"さいたま市中央区","新都心","３－３０"],"3306015":[11,"さいたま市中央区","新都心明治安田生命さいたま新都心ビル"],"3306026":[11,"さいたま市中央区","新都心明治安田生命さいたま新都心ビル"],"3300844":[11,"さいたま市大宮区","下町"],"3306001":[11,"さいたま市中央区","新都心明治安田生命さいたま新都心ビル"],"3306023":[11,"さいたま市中央区","新都心明治安田生命さいたま新都心ビル"],"3309509":[11,"さいたま市大宮区","桜木町","２丁目２８５－２日本火災大宮ビル"],"3309503":[11,"さいたま市大宮区","錦町","６８２－２大宮情報文化センター"],"3300852":[11,"さいたま市大宮区","大成町"],"3300000":[11,"さいたま市中央区",""],"3309558":[11,"さいたま市大宮区","大成町","３丁目２６１－２"],"3306014":[11,"さいたま市中央区","新都心明治安田生命さいたま新都心ビル"],"3309544":[11,"さいたま市大宮区","桜木町","１丁目１０－１７"],"3309548":[11,"さいたま市大宮区","吉敷町","１丁目１３５アライビル"],"3300075":[11,"さいたま市浦和区","針ヶ谷"],"3309523":[11,"さいたま市大宮区","桜木町","２丁目２８６"],"3309559":[11,"さいたま市大宮区","吉敷町","４丁目２６７－２"],"3300062":[11,"さいたま市浦和区","仲町"],"3306007":[11,"さいたま市中央区","新都心明治安田生命さいたま新都心ビル"],"3300845":[11,"さいたま市大宮区","仲町"],"3300046":[11,"さいたま市浦和区","大原"],"3300834":[11,"さいたま市大宮区","天沼町"],"3300855":[11,"さいたま市大宮区","上小町"],"3309510":[11,"さいたま市大宮区","錦町","６８２－２"],"3306031":[11,"さいたま市中央区","新都心明治安田生命さいたま新都心ビル"],"3308529":[11,"さいたま市浦和区","針ケ谷","４丁目２－６５"],"3300841":[11,"さいたま市大宮区","東町"],"3309311":[11,"さいたま市浦和区","上木崎","２丁目７－５"],"3300843":[11,"さいたま市大宮区","吉敷町"],"3306021":[11,"さいたま市中央区","新都心明治安田生命さいたま新都心ビル"],"3306004":[11,"さいたま市中央区","新都心明治安田生命さいたま新都心ビル"],"3309330":[11,"さいたま市浦和区","領家","５丁目３－３"],"3306025":[11,"さいたま市中央区","新都心明治安田生命さいたま新都心ビル"],"3300045":[11,"さいたま市浦和区","皇山町"],"3306012":[11,"さいたま市中央区","新都心明治安田生命さいたま新都心ビル"],"3300054":[11,"さいたま市浦和区","東岸町"],"3309797":[11,"さいたま市中央区","新都心","３番地１"],"3308532":[11,"さいたま市浦和区","針ヶ谷","１丁目１８－２"],"3308580":[11,"さいたま市浦和区","北浦和","５－５－１"],"3308518":[11,"さいたま市浦和区","高砂","３丁目１－４"],"3308551":[11,"さいたま市浦和区","常盤","５丁目８－４１"],"3309850":[11,"さいたま市浦和区","針ヶ谷","４丁目２－１８"],"3308503":[11,"さいたま市大宮区","天沼町","１－８４７"],"3309580":[11,"さいたま市大宮区","桜木町","１丁目１１－９ニッセイ大宮桜木町ビル４Ｆ"],"3300052":[11,"さいたま市浦和区","本太"],"3306018":[11,"さいたま市中央区","新都心明治安田生命さいたま新都心ビル"],"3306035":[11,"さいたま市中央区","新都心明治安田生命さいたま新都心ビル"],"3300055":[11,"さいたま市浦和区","東高砂町"],"3306029":[11,"さいたま市中央区","新都心明治安田生命さいたま新都心ビル"],"3308585":[11,"さいたま市浦和区","岸町","５丁目７－１１"]}
