{"1458506":[13,"大田区","雪谷大塚町","４－１２"],"1458511":[13,"大田区","南千束","３丁目８－６"],"1450076":[13,"大田区","田園調布南"],"1458523":[13,"大田区","東雪谷","２丁目１－１６"],"1450073":[13,"大田区","北嶺町"],"1450065":[13,"大田区","東雪谷"],"1450071":[13,"大田区","田園調布"],"1450064":[13,"大田区","上池台"],"1458533":[13,"大田区","田園調布","１丁目３３－１"],"1450062":[13,"大田区","北千束"],"1450067":[13,"大田区","雪谷大塚町"],"1450072":[13,"大田区","田園調布本町"],"1450063":[13,"大田区","南千束"],"1458566":[13,"大田区","南雪谷","２丁目２０－３"],"1450075":[13,"大田区","西嶺町"],"1458501":[13,"大田区","雪谷大塚町","１－７"],"1450074":[13,"大田区","東嶺町"],"1458515":[13,"大田区","北千束","２丁目１－１"],"1450061":[13,"大田区","石川町"],"1450066":[13,"大田区","南雪谷"],"1458558":[13,"大田区","上池台","３丁目３７－８"]}
