{"1588566":[13,"世田谷区","深沢","５丁目３８－１"],"1588514":[13,"世田谷区","用賀","４丁目５－１６ＴＥビル５Ｆ"],"1588588":[13,"世田谷区","尾山台","３丁目７－５"],"1580093":[13,"世田谷区","上野毛"],"1588578":[13,"世田谷区","用賀","２丁目２８－９"],"1588611":[13,"世田谷区","瀬田","５丁目３９－２０"],"1588585":[13,"世田谷区","中町","４丁目２－５"],"1588552":[13,"世田谷区","深沢","５丁目１３－１０"],"1580094":[13,"世田谷区","玉川"],"1588551":[13,"世田谷区","上野毛","４丁目３５－１０"],"1588543":[13,"世田谷区","等々力","６丁目１６－９"],"1588550":[13,"世田谷区","用賀","４丁目１０－１"],"1580082":[13,"世田谷区","等々力"],"1588610":[13,"世田谷区","玉川台","２丁目１４－９"],"1580097":[13,"世田谷区","用賀"],"1588622":[13,"世田谷区","玉川","１－２０－１"],"1588567":[13,"世田谷区","用賀","２丁目２６－４"],"1588502":[13,"世田谷区","玉川","３丁目１７－１"],"1588525":[13,"世田谷区","用賀","２丁目３２－４"],"1588522":[13,"世田谷区","用賀","２丁目３８－１２"],"1580095":[13,"世田谷区","瀬田"],"1588583":[13,"世田谷区","玉川台","２丁目３３－１"],"1580092":[13,"世田谷区","野毛"],"1588508":[13,"世田谷区","深沢","７丁目１－１"],"1588640":[13,"世田谷区","上用賀","５丁目５－１０"],"1588632":[13,"世田谷区","等々力","６丁目３９－１５"],"1588628":[13,"世田谷区","用賀","４丁目３２－２５"],"1588575":[13,"世田谷区","玉川","２－２１－１"],"1588586":[13,"世田谷区","等々力","８丁目９番１８号"],"1588601":[13,"世田谷区","玉川","２丁目１－７"],"1588509":[13,"世田谷区","用賀","４丁目１０－１"],"1588530":[13,"世田谷区","用賀","４丁目１０－１"],"1588701":[13,"世田谷区","玉川","３丁目１７－１"],"1588520":[13,"世田谷区","用賀","２丁目１９－７"],"1588577":[13,"世田谷区","上用賀","１丁目１７－１２"],"1588512":[13,"世田谷区","東玉川","２丁目２１－８"],"1588544":[13,"世田谷区","中町","４丁目３５－１５"],"1588513":[13,"世田谷区","東玉川","２丁目６－７"],"1588549":[13,"世田谷区","用賀","２丁目３１－７イイダアネックス１２Ｆ"],"1588555":[13,"世田谷区","深沢","８丁目１２－７"],"1580096":[13,"世田谷区","玉川台"],"1588557":[13,"世田谷区","玉堤","１丁目２８－１"],"1588501":[13,"世田谷区","上用賀","１丁目１８－１"],"1588633":[13,"世田谷区","用賀","４－１０－１ＳＢＳタワー"],"1580087":[13,"世田谷区","玉堤"],"1588771":[13,"世田谷区","玉川","２－２１－１二子玉川ライズ７階"],"1588523":[13,"世田谷区","上用賀","２丁目１２－１７"],"1588631":[13,"世田谷区","等々力","６丁目３９－１５"],"1580084":[13,"世田谷区","東玉川"],"1580083":[13,"世田谷区","奥沢"],"1588505":[13,"世田谷区","尾山台","３丁目７－２"],"1588510":[13,"世田谷区","上野毛","３丁目９－２５"],"1580098":[13,"世田谷区","上用賀"],"1580085":[13,"世田谷区","玉川田園調布"],"1580081":[13,"世田谷区","深沢"],"1588531":[13,"世田谷区","上用賀","６丁目２５－１"],"1588580":[13,"世田谷区","用賀","４丁目５－１６ＴＥビル７Ｆ"],"1580086":[13,"世田谷区","尾山台"],"1588666":[13,"世田谷区","玉川台","２丁目１８－１"],"1588630":[13,"世田谷区","等々力","６丁目３９－１５"],"1588602":[13,"世田谷区","東玉川","２丁目３７－１１"],"1588615":[13,"世田谷区","用賀","４丁目１０番２号"],"1580091":[13,"世田谷区","中町"],"1588518":[13,"世田谷区","玉川","３丁目１４－５"],"1588511":[13,"世田谷区","玉川田園調布","１丁目２０－９"],"1588561":[13,"世田谷区","用賀","４丁目１０番１号世田谷ビジネススクエア"],"1588558":[13,"世田谷区","上野毛","３丁目１５－３４"],"1588533":[13,"世田谷区","上野毛","１丁目７－１１"]}
