{"0591743":[1,"勇払郡厚真町","共和"],"0591600":[1,"勇払郡厚真町",""],"0590914":[1,"白老郡白老町","栄町"],"0590496":[1,"登別市","富浦町","１丁目４１番地１"],"0590024":[1,"登別市","緑町"],"0591364":[1,"苫小牧市","沼ノ端"],"0591611":[1,"勇払郡厚真町","幌里"],"0590908":[1,"白老郡白老町","緑丘"],"0591371":[1,"苫小牧市","弁天"],"0591273":[1,"苫小牧市","明徳町"],"0591432":[1,"勇払郡安平町","早来源武"],"0591605":[1,"勇払郡厚真町","本郷"],"0592127":[1,"沙流郡日高町","旭町"],"0591264":[1,"苫小牧市","宮前町"],"0590016":[1,"登別市","片倉町"],"0590598":[1,"登別市","登別温泉町","１３３"],"0592425":[1,"新冠郡新冠町","明和"],"0598701":[1,"登別市","中央町","６丁目１１番地"],"0592416":[1,"新冠郡新冠町","古岸"],"0591592":[1,"勇払郡安平町","早来大町","６７番地"],"0591692":[1,"勇払郡厚真町","京町","１２０"],"0591262":[1,"苫小牧市","美原町"],"0591513":[1,"勇払郡安平町","早来緑丘"],"0592423":[1,"新冠郡新冠町","泉"],"0592244":[1,"沙流郡日高町","賀張"],"0590998":[1,"白老郡白老町","緑丘","４丁目６７６"],"0592563":[1,"日高郡新ひだか町","静内川合"],"0592422":[1,"新冠郡新冠町","岩清水"],"0591606":[1,"勇払郡厚真町","朝日"],"0593463":[1,"浦河郡浦河町","姉茶"],"0590464":[1,"登別市","登別東町"],"0592123":[1,"沙流郡日高町","幾千世"],"0591276":[1,"苫小牧市","はまなす町"],"0591506":[1,"勇払郡安平町","早来北町"],"0590012":[1,"登別市","中央町"],"0591394":[1,"苫小牧市","晴海町","２３－１"],"0590551":[1,"登別市","登別温泉町"],"0592400":[1,"新冠郡新冠町",""],"0591986":[1,"勇払郡安平町","追分弥生"],"0590017":[1,"登別市","柏木町"],"0591304":[1,"苫小牧市","北栄町"],"0591931":[1,"勇払郡安平町","追分中央"],"0591375":[1,"苫小牧市","一本松町"],"0591615":[1,"勇払郡厚真町","高丘"],"0591511":[1,"勇払郡安平町","安平"],"0593195":[1,"日高郡新ひだか町","三石本町","２１２"],"0592243":[1,"沙流郡日高町","厚賀町"],"0590013":[1,"登別市","幌別町"],"0590901":[1,"白老郡白老町","社台"],"0591292":[1,"苫小牧市","字錦岡","５２１－２９３"],"0592412":[1,"新冠郡新冠町","節婦町"],"0590272":[1,"伊達市","北黄金町"],"0590997":[1,"白老郡白老町","字石山","２０番地の２４"],"0592413":[1,"新冠郡新冠町","高江"],"0592126":[1,"沙流郡日高町","豊郷"],"0590028":[1,"登別市","富岸町"],"0592598":[1,"日高郡新ひだか町","静内浦和","１２５"],"0590595":[1,"登別市","登別温泉町","５５"],"0593106":[1,"日高郡新ひだか町","三石西蓬莱"],"0591747":[1,"勇払郡厚真町","富野"],"0590152":[1,"伊達市","北有珠町"],"0591501":[1,"勇払郡安平町","早来大町"],"0591363":[1,"苫小牧市","静川"],"0590002":[1,"登別市","幸町"],"0590592":[1,"登別市","登別温泉町","１５４"],"0590905":[1,"白老郡白老町","大町"],"0593102":[1,"日高郡新ひだか町","三石福畑"],"0592341":[1,"新冠郡新冠町","新和"],"0590463":[1,"登別市","中登別町"],"0591624":[1,"勇払郡厚真町","豊沢"],"0592562":[1,"日高郡新ひだか町","静内浦和"],"0590641":[1,"白老郡白老町","虎杖浜"],"0593462":[1,"浦河郡浦河町","富里"],"0592415":[1,"新冠郡新冠町","緑丘"],"0592421":[1,"新冠郡新冠町","若園"],"0590014":[1,"登別市","富士町"],"0590001":[1,"登別市","新栄町"],"0590922":[1,"白老郡白老町","萩野"],"0591505":[1,"勇払郡安平町","早来栄町"],"0591941":[1,"勇払郡安平町","追分青葉"],"0593454":[1,"浦河郡浦河町","野深"],"0591987":[1,"勇払郡安平町","追分豊栄"],"0591601":[1,"勇払郡厚真町","京町"],"0592411":[1,"新冠郡新冠町","大狩部"],"0592241":[1,"沙流郡日高町","豊田"],"0593352":[1,"日高郡新ひだか町","三石稲見"],"0591433":[1,"勇払郡安平町","遠浅"],"0591982":[1,"勇払郡安平町","追分美園"],"0590156":[1,"伊達市","南有珠町"],"0593105":[1,"日高郡新ひだか町","三石東蓬莱"],"0591502":[1,"勇払郡安平町","早来北進"],"0592245":[1,"沙流郡日高町","清畠"],"0591396":[1,"苫小牧市","字勇払","１４５－２５９"],"0591942":[1,"勇払郡安平町","追分白樺"],"0592124":[1,"沙流郡日高町","庫富"],"0592253":[1,"新冠郡新冠町","大狩部"],"0598601":[1,"登別市","札内町","１８４－３"],"0591623":[1,"勇払郡厚真町","新町"],"0591748":[1,"勇払郡厚真町","厚和"],"0590552":[1,"登別市","上登別町"],"0592344":[1,"新冠郡新冠町","美宇"],"0591602":[1,"勇払郡厚真町","表町"],"0591362":[1,"苫小牧市","柏原"],"0590596":[1,"登別市","登別温泉町","２０３－１"],"0590005":[1,"登別市","札内町"],"0590993":[1,"白老郡白老町","字北吉原","１８１番地"],"0592417":[1,"新冠郡新冠町","東泊津"],"0590912":[1,"白老郡白老町","陣屋町"],"0592566":[1,"日高郡新ひだか町","静内東別"],"0592401":[1,"新冠郡新冠町","本町"],"0591393":[1,"苫小牧市","字勇払","１４５－１"],"0591983":[1,"勇払郡安平町","追分旭"],"0591593":[1,"勇払郡安平町","早来栄町","１７３番地５"],"0591372":[1,"苫小牧市","勇払"],"0590902":[1,"白老郡白老町","若草町"],"0590273":[1,"伊達市","南稀府町"],"0592426":[1,"新冠郡新冠町","万世"],"0591612":[1,"勇払郡厚真町","桜丘"],"0590151":[1,"伊達市","有珠町"],"0592342":[1,"新冠郡新冠町","里平"],"0591622":[1,"勇払郡厚真町","宇隆"],"0590913":[1,"白老郡白老町","緑町"],"0591301":[1,"苫小牧市","東開町"],"0590904":[1,"白老郡白老町","東町"],"0591274":[1,"苫小牧市","もえぎ町"],"0590462":[1,"登別市","富浦町"],"0592125":[1,"沙流郡日高町","広富"],"0590916":[1,"白老郡白老町","高砂町"],"0592252":[1,"新冠郡新冠町","東川"],"0590027":[1,"登別市","青葉町"],"0591302":[1,"苫小牧市","拓勇西町"],"0591742":[1,"勇払郡厚真町","浜厚真"],"0592427":[1,"新冠郡新冠町","大富"],"0591613":[1,"勇払郡厚真町","吉野"],"0593461":[1,"浦河郡浦河町","東栄"],"0592121":[1,"沙流郡日高町","門別本町"],"0590000":[1,"登別市",""],"0592414":[1,"新冠郡新冠町","朝日"],"0590032":[1,"登別市","新生町"],"0593453":[1,"浦河郡浦河町","瑞穂"],"0591741":[1,"勇払郡厚真町","上厚真"],"0592242":[1,"沙流郡日高町","美原"],"0593111":[1,"日高郡新ひだか町","三石越海町"],"0593353":[1,"日高郡新ひだか町","三石清瀬"],"0591961":[1,"勇払郡安平町","追分花園"],"0591749":[1,"勇払郡厚真町","清住"],"0590154":[1,"伊達市","東有珠町"],"0590921":[1,"白老郡白老町","石山"],"0590553":[1,"登別市","カルルス町"],"0593104":[1,"日高郡新ひだか町","三石蓬栄"],"0591751":[1,"勇払郡厚真町","鯉沼"],"0590023":[1,"登別市","桜木町"],"0592332":[1,"沙流郡日高町","三和"],"0593101":[1,"日高郡新ひだか町","三石富沢"],"0593231":[1,"日高郡新ひだか町","三石本桐"],"0590155":[1,"伊達市","若生町"],"0591625":[1,"勇払郡厚真町","美里"],"0592418":[1,"新冠郡新冠町","西泊津"],"0590461":[1,"登別市","札内町"],"0591504":[1,"勇払郡安平町","早来守田"],"0590907":[1,"白老郡白老町","末広町"],"0591512":[1,"勇払郡安平町","早来瑞穂"],"0593451":[1,"浦河郡浦河町","荻伏町"],"0591693":[1,"勇払郡厚真町","錦町","１０－２"],"0592192":[1,"沙流郡日高町","門別本町","２１０番地１号"],"0592492":[1,"新冠郡新冠町","字北星町","３番地の２"],"0591752":[1,"勇払郡厚真町","軽舞"],"0591366":[1,"苫小牧市","あけぼの町"],"0591361":[1,"苫小牧市","美沢"],"0591754":[1,"勇払郡厚真町","鹿沼"],"0591263":[1,"苫小牧市","青雲町"],"0590004":[1,"登別市","来馬町"],"0592402":[1,"新冠郡新冠町","中央町"],"0590274":[1,"伊達市","中稀府町"],"0591616":[1,"勇払郡厚真町","幌内"],"0593232":[1,"日高郡新ひだか町","三石美野和"],"0591594":[1,"勇払郡安平町","早来大町","１１１番地"],"0590492":[1,"登別市","登別東町","１丁目２２番地"],"0590642":[1,"白老郡白老町","竹浦"],"0591503":[1,"勇払郡安平町","東早来"],"0590031":[1,"登別市","上鷲別町"],"0590465":[1,"登別市","登別本町"],"0592403":[1,"新冠郡新冠町","北星町"],"0590036":[1,"登別市","美園町"],"0590466":[1,"登別市","登別港町"],"0591603":[1,"勇払郡厚真町","本町"],"0590011":[1,"登別市","常盤町"],"0590923":[1,"白老郡白老町","北吉原"],"0590015":[1,"登別市","新川町"],"0592565":[1,"日高郡新ひだか町","静内春立"],"0590911":[1,"白老郡白老町","森野"],"0591744":[1,"勇払郡厚真町","共栄"],"0591984":[1,"勇払郡安平町","追分向陽"],"0590025":[1,"登別市","大和町"],"0591621":[1,"勇払郡厚真町","東和"],"0592564":[1,"日高郡新ひだか町","静内西川"],"0590003":[1,"登別市","千歳町"],"0591614":[1,"勇払郡厚真町","富里"],"0592122":[1,"沙流郡日高町","緑町"],"0590995":[1,"白老郡白老町","大町","１丁目１－１"],"0590033":[1,"登別市","栄町"],"0590157":[1,"伊達市","向有珠町"],"0590903":[1,"白老郡白老町","日の出町"],"0591272":[1,"苫小牧市","のぞみ町"],"0590915":[1,"白老郡白老町","川沿"],"0592331":[1,"沙流郡日高町","正和"],"0591373":[1,"苫小牧市","真砂町"],"0593354":[1,"日高郡新ひだか町","三石川上"],"0590153":[1,"伊達市","大平町"],"0591365":[1,"苫小牧市","植苗"],"0592343":[1,"新冠郡新冠町","太陽"],"0591911":[1,"勇払郡安平町","追分本町"],"0591303":[1,"苫小牧市","拓勇東町"],"0593112":[1,"日高郡新ひだか町","三石港町"],"0590026":[1,"登別市","若山町"],"0591971":[1,"勇払郡安平町","追分緑が丘"],"0591596":[1,"勇払郡安平町","早来大町","３４番地１号"],"0592251":[1,"新冠郡新冠町","共栄"],"0591305":[1,"苫小牧市","沼ノ端中央"],"0591985":[1,"勇払郡安平町","追分春日"],"0593355":[1,"日高郡新ひだか町","三石美河"],"0591392":[1,"苫小牧市","真砂町","２５番地１号"],"0593108":[1,"日高郡新ひだか町","三石本町"],"0592424":[1,"新冠郡新冠町","新栄"],"0591261":[1,"苫小牧市","ときわ町"],"0591271":[1,"苫小牧市","澄川町"],"0591374":[1,"苫小牧市","晴海町"],"0593107":[1,"日高郡新ひだか町","三石旭町"],"0592404":[1,"新冠郡新冠町","東町"],"0591434":[1,"勇払郡安平町","早来富岡"],"0590271":[1,"伊達市","南黄金町"],"0591500":[1,"勇払郡安平町",""],"0591753":[1,"勇払郡厚真町","豊丘"],"0590493":[1,"登別市","中登別町","２４番地"],"0590022":[1,"登別市","川上町"],"0590275":[1,"伊達市","北稀府町"],"0590900":[1,"白老郡白老町",""],"0590035":[1,"登別市","若草町"],"0591746":[1,"勇払郡厚真町","上野"],"0591745":[1,"勇払郡厚真町","豊川"],"0590021":[1,"登別市","鉱山町"],"0591595":[1,"勇払郡安平町","早来大町","９５番地"],"0591395":[1,"苫小牧市","字勇払","１４３番地"],"0591921":[1,"勇払郡安平町","追分柏が丘"],"0593351":[1,"日高郡新ひだか町","三石歌笛"],"0592571":[1,"日高郡新ひだか町","三石西端"],"0592561":[1,"日高郡新ひだか町","東静内"],"0591951":[1,"勇払郡安平町","追分若草"],"0591604":[1,"勇払郡厚真町","錦町"],"0590034":[1,"登別市","鷲別町"],"0591275":[1,"苫小牧市","錦岡"],"0591265":[1,"苫小牧市","樽前"],"0593233":[1,"日高郡新ひだか町","三石鳧舞"],"0593103":[1,"日高郡新ひだか町","三石豊岡"],"0590906":[1,"白老郡白老町","本町"],"0591431":[1,"勇払郡安平町","早来新栄"]}
