{"2330005":[14,"横浜市港南区","東芹が谷"],"2330013":[14,"横浜市港南区","丸山台"],"2330006":[14,"横浜市港南区","芹が谷"],"2330004":[14,"横浜市港南区","港南中央通"],"2330003":[14,"横浜市港南区","港南"],"2338502":[14,"横浜市港南区","港南","４丁目２－３"],"2330000":[14,"横浜市港南区",""],"2330008":[14,"横浜市港南区","最戸"],"2338550":[14,"横浜市港南区","最戸","１丁目１３－１"],"2338503":[14,"横浜市港南区","芹が谷","２丁目６－１"],"2330012":[14,"横浜市港南区","上永谷"],"2338555":[14,"横浜市港南区","上大岡西","１丁目６－１"],"2330011":[14,"横浜市港南区","東永谷"],"2330001":[14,"横浜市港南区","上大岡東"],"2330014":[14,"横浜市港南区","上永谷町"],"2330007":[14,"横浜市港南区","大久保"],"2330015":[14,"横浜市港南区","日限山"],"2330016":[14,"横浜市港南区","下永谷"],"2330002":[14,"横浜市港南区","上大岡西"],"2338501":[14,"横浜市港南区","港南","４丁目２－２"],"2338556":[14,"横浜市港南区","上大岡西","１丁目６－１"]}
