{"3660812":[11,"深谷市","折之口"],"3660015":[11,"深谷市","蓮沼"],"3660819":[11,"深谷市","見晴町"],"3660010":[11,"深谷市","高島"],"3660828":[11,"深谷市","東大沼"],"3660005":[11,"深谷市","町田"],"3660028":[11,"深谷市","稲荷町北"],"3660837":[11,"深谷市","起会"],"3660001":[11,"深谷市","中瀬"],"3660835":[11,"深谷市","谷之"],"3660008":[11,"深谷市","北阿賀野"],"3660017":[11,"深谷市","沼尻"],"3668501":[11,"深谷市","仲町","１１－１"],"3660031":[11,"深谷市","国済寺町"],"3660061":[11,"深谷市","二ツ小屋"],"3660004":[11,"深谷市","上手計"],"3660009":[11,"深谷市","横瀬"],"3660032":[11,"深谷市","幡羅町"],"3660815":[11,"深谷市","櫛引"],"3660021":[11,"深谷市","上増田"],"3660062":[11,"深谷市","前小屋"],"3660836":[11,"深谷市","伊勢方"],"3660810":[11,"深谷市","宿根"],"3660054":[11,"深谷市","緑ケ丘"],"3660811":[11,"深谷市","人見"],"3668510":[11,"深谷市","幡羅町","１丁目９－２"],"3660816":[11,"深谷市","樫合"],"3660823":[11,"深谷市","本住町"],"3660802":[11,"深谷市","桜ケ丘"],"3660053":[11,"深谷市","秋元町"],"3660016":[11,"深谷市","新井"],"3668515":[11,"深谷市","大字宿根","３１５"],"3660829":[11,"深谷市","西大沼"],"3660014":[11,"深谷市","藤野木"],"3660814":[11,"深谷市","大谷"],"3660019":[11,"深谷市","新戒"],"3660012":[11,"深谷市","江原"],"3660813":[11,"深谷市","境"],"3660822":[11,"深谷市","仲町"],"3660041":[11,"深谷市","東方"],"3660817":[11,"深谷市","柏合"],"3660825":[11,"深谷市","深谷町"],"3660052":[11,"深谷市","上柴町西"],"3660027":[11,"深谷市","天神町"],"3660833":[11,"深谷市","戸森"],"3660022":[11,"深谷市","本田ケ谷"],"3668581":[11,"深谷市","大字上野台","割塚１４００－１０"],"3660025":[11,"深谷市","寿町"],"3660023":[11,"深谷市","宮ケ谷戸"],"3660003":[11,"深谷市","大塚"],"3660801":[11,"深谷市","上野台"],"3668511":[11,"深谷市","上野台","１３５１"],"3660034":[11,"深谷市","常盤町"],"3660827":[11,"深谷市","栄町"],"3660832":[11,"深谷市","高畑"],"3660035":[11,"深谷市","原郷"],"3660026":[11,"深谷市","稲荷町"],"3660839":[11,"深谷市","矢島"],"3660013":[11,"深谷市","堀米"],"3660042":[11,"深谷市","東方町"],"3660033":[11,"深谷市","国済寺"],"3660826":[11,"深谷市","田所町"],"3660821":[11,"深谷市","田谷"],"3660002":[11,"深谷市","下手計"],"3660838":[11,"深谷市","大塚島"],"3660000":[11,"深谷市",""],"3660818":[11,"深谷市","萱場"],"3660831":[11,"深谷市","内ケ島"],"3660834":[11,"深谷市","曲田"],"3668502":[11,"深谷市","上柴町東","２丁目２７－１"],"3660018":[11,"深谷市","成塚"],"3660011":[11,"深谷市","石塚"],"3660007":[11,"深谷市","南阿賀野"],"3660006":[11,"深谷市","血洗島"],"3660029":[11,"深谷市","上敷免"],"3660024":[11,"深谷市","明戸"],"3660824":[11,"深谷市","西島町"],"3660051":[11,"深谷市","上柴町東"],"3668567":[11,"深谷市","田所町","１５－１"]}
