{"2400103":[14,"横須賀市","佐島"],"2400114":[14,"三浦郡葉山町","木古庭"],"2400105":[14,"横須賀市","秋谷"],"2400007":[14,"横浜市保土ケ谷区","明神台"],"2400035":[14,"横浜市保土ケ谷区","今井町"],"2400066":[14,"横浜市保土ケ谷区","釜台町"],"2400036":[14,"横浜市保土ケ谷区","新桜ケ丘"],"2400006":[14,"横浜市保土ケ谷区","星川"],"2400023":[14,"横浜市保土ケ谷区","岩井町"],"2400061":[14,"横浜市保土ケ谷区","峰沢町"],"2400052":[14,"横浜市保土ケ谷区","西谷町"],"2400041":[14,"横浜市保土ケ谷区","東川島町"],"2400025":[14,"横浜市保土ケ谷区","狩場町"],"2400192":[14,"三浦郡葉山町","堀内","２１３５"],"2400044":[14,"横浜市保土ケ谷区","仏向町"],"2400031":[14,"横浜市保土ケ谷区","藤塚町"],"2408501":[14,"横浜市保土ケ谷区","常盤台","７９－１"],"2408515":[14,"横浜市保土ケ谷区","神戸町","１３４横浜ビジネスパークイーストタワー"],"2400102":[14,"横須賀市","荻野"],"2400004":[14,"横浜市保土ケ谷区","岩間町"],"2400108":[14,"横須賀市","佐島の丘"],"2400197":[14,"三浦郡葉山町","上山口","１５６０－４４"],"2400113":[14,"三浦郡葉山町","長柄"],"2400003":[14,"横浜市保土ケ谷区","天王町"],"2400112":[14,"三浦郡葉山町","堀内"],"2400014":[14,"横浜市保土ケ谷区","霞台"],"2400067":[14,"横浜市保土ケ谷区","常盤台"],"2400198":[14,"三浦郡葉山町","上山口","１５６０－３９"],"2400053":[14,"横浜市保土ケ谷区","新井町"],"2400032":[14,"横浜市保土ケ谷区","法泉"],"2400106":[14,"横須賀市","子安"],"2400115":[14,"三浦郡葉山町","上山口"],"2400042":[14,"横浜市保土ケ谷区","上星川"],"2400026":[14,"横浜市保土ケ谷区","権太坂"],"2400111":[14,"三浦郡葉山町","一色"],"2400046":[14,"横浜市保土ケ谷区","仏向西"],"2400016":[14,"横浜市保土ケ谷区","初音ケ丘"],"2400022":[14,"横浜市保土ケ谷区","西久保町"],"2400002":[14,"横浜市保土ケ谷区","宮田町"],"2400107":[14,"横須賀市","湘南国際村"],"2400024":[14,"横浜市保土ケ谷区","瀬戸ケ谷町"],"2408550":[14,"横浜市保土ケ谷区","帷子町","２丁目６４"],"2408540":[14,"横浜市保土ケ谷区","川辺町","２－１０"],"2400196":[14,"横須賀市","長坂","２丁目６－１"],"2400051":[14,"横浜市保土ケ谷区","上菅田町"],"2400101":[14,"横須賀市","長坂"],"2400015":[14,"横浜市保土ケ谷区","岩崎町"],"2400116":[14,"三浦郡葉山町","下山口"],"2400021":[14,"横浜市保土ケ谷区","保土ケ谷町"],"2400045":[14,"横浜市保土ケ谷区","川島町"],"2400104":[14,"横須賀市","芦名"],"2400195":[14,"横須賀市","長坂","１丁目３－２"],"2400065":[14,"横浜市保土ケ谷区","和田"],"2400011":[14,"横浜市保土ケ谷区","桜ケ丘"],"2400033":[14,"横浜市保土ケ谷区","境木本町"],"2400034":[14,"横浜市保土ケ谷区","境木町"],"2400193":[14,"三浦郡葉山町","上山口","１５６０－３５"],"2400005":[14,"横浜市保土ケ谷区","神戸町"],"2400013":[14,"横浜市保土ケ谷区","帷子町"],"2400043":[14,"横浜市保土ケ谷区","坂本町"],"2400001":[14,"横浜市保土ケ谷区","川辺町"],"2408612":[14,"横浜市保土ケ谷区","岩井町","１－７－４Ｆ"],"2400100":[14,"三浦郡葉山町",""],"2408521":[14,"横浜市保土ケ谷区","岩井町","２１５"],"2400064":[14,"横浜市保土ケ谷区","峰岡町"],"2400017":[14,"横浜市保土ケ谷区","花見台"],"2400000":[14,"横浜市保土ケ谷区",""],"2400063":[14,"横浜市保土ケ谷区","鎌谷町"],"2400012":[14,"横浜市保土ケ谷区","月見台"],"2400062":[14,"横浜市保土ケ谷区","岡沢町"]}
