{"1560043":[13,"世田谷区","松原"],"1568502":[13,"世田谷区","桜丘","１丁目１－１"],"1560045":[13,"世田谷区","桜上水"],"1560055":[13,"世田谷区","船橋"],"1560042":[13,"世田谷区","羽根木"],"1560053":[13,"世田谷区","桜"],"1568533":[13,"世田谷区","経堂","１丁目４１－１６"],"1560051":[13,"世田谷区","宮坂"],"1568511":[13,"世田谷区","上北沢","５丁目１１－１"],"1560041":[13,"世田谷区","大原"],"1560057":[13,"世田谷区","上北沢"],"1568666":[13,"世田谷区","経堂","５丁目３８－２０"],"1568506":[13,"世田谷区","上北沢","２－１－６"],"1568522":[13,"世田谷区","桜丘","５丁目５０－１６"],"1560044":[13,"世田谷区","赤堤"],"1568510":[13,"世田谷区","松原","３丁目４０－７パインフィールドビル６０１"],"1560056":[13,"世田谷区","八幡山"],"1568555":[13,"世田谷区","松原","６丁目１３－１０"],"1560052":[13,"世田谷区","経堂"],"1568504":[13,"世田谷区","桜丘","１丁目１－１"],"1560054":[13,"世田谷区","桜丘"],"1568588":[13,"世田谷区","上北沢","５丁目３７－１８"]}
