{"3000822":[8,"土浦市","蓮河原町"],"3004204":[8,"つくば市","作谷"],"3002343":[8,"つくばみらい市","狸渕"],"3002633":[8,"つくば市","遠東"],"3000726":[8,"稲敷市","西代"],"3000505":[8,"稲敷市","村田"],"3000300":[8,"稲敷郡阿見町",""],"3000007":[8,"土浦市","板谷"],"3000023":[8,"土浦市","沖宿町"],"3002644":[8,"つくば市","木俣"],"3003598":[8,"結城郡八千代町","大字平塚","４８２８"],"3003538":[8,"結城郡八千代町","東大山"],"3001252":[8,"つくば市","高見原"],"3001414":[8,"稲敷市","戌渡"],"3003527":[8,"結城郡八千代町","東原"],"3001604":[8,"北相馬郡利根町","横須賀"],"3004495":[8,"桜川市","真壁町飯塚","９１１"],"3001216":[8,"牛久市","神谷"],"3004423":[8,"桜川市","真壁町塙世"],"3004223":[8,"つくば市","小田"],"3002415":[8,"つくばみらい市","西楢戸"],"3004244":[8,"つくば市","田中"],"3000053":[8,"土浦市","真鍋新町"],"3001314":[8,"稲敷郡河内町","下町歩"],"3000876":[8,"土浦市","北荒川沖町"],"3004113":[8,"土浦市","下坂田"],"3000406":[8,"稲敷郡美浦村","山内"],"3000614":[8,"稲敷市","清水"],"3001263":[8,"つくば市","富士見台"],"3000410":[8,"稲敷郡美浦村","みどり台"],"3002445":[8,"つくばみらい市","小絹"],"3001612":[8,"北相馬郡利根町","加納新田"],"3002326":[8,"つくばみらい市","上島"],"3001312":[8,"稲敷郡河内町","長竿"],"3001234":[8,"牛久市","中央"],"3002315":[8,"つくばみらい市","足高"],"3002395":[8,"つくばみらい市","福田","１９５"],"3000814":[8,"土浦市","国分町"],"3004503":[8,"筑西市","宮後"],"3004201":[8,"つくば市","寺具"],"3000635":[8,"稲敷市","堀之内"],"3004234":[8,"つくば市","山木"],"3001508":[8,"取手市","紫水"],"3000127":[8,"かすみがうら市","上大堤"],"3001633":[8,"北相馬郡利根町","下井"],"3000634":[8,"稲敷市","柏木"],"3000722":[8,"稲敷市","三島"],"3000512":[8,"稲敷市","椎塚"],"3004107":[8,"土浦市","東城寺"],"3002734":[8,"常総市","栗山新田"],"3001327":[8,"稲敷郡河内町","猿島"],"3002352":[8,"つくばみらい市","小島新田"],"3001631":[8,"北相馬郡利根町","早尾"],"3002313":[8,"つくばみらい市","東栗山"],"3004242":[8,"つくば市","中菅間"],"3000011":[8,"土浦市","神立中央"],"3001501":[8,"取手市","双葉"],"3000873":[8,"土浦市","荒川沖"],"3000405":[8,"稲敷郡美浦村","間野"],"3002305":[8,"つくばみらい市","重右衛門新田"],"3004426":[8,"桜川市","真壁町下谷貝"],"3002615":[8,"つくば市","田倉"],"3002668":[8,"つくば市","かみかわ"],"3000046":[8,"土浦市","千束町"],"3004247":[8,"つくば市","和台"],"3000124":[8,"かすみがうら市","大和田"],"3000001":[8,"土浦市","今泉"],"3000126":[8,"かすみがうら市","南根本"],"3004101":[8,"土浦市","永井"],"3002335":[8,"つくばみらい市","上平柳"],"3002744":[8,"常総市","杉山"],"3004202":[8,"つくば市","高野原新田"],"3000844":[8,"土浦市","乙戸"],"3002661":[8,"つくば市","上河原崎"],"3000331":[8,"稲敷郡阿見町","阿見"],"3000732":[8,"稲敷市","上之島"],"3004215":[8,"つくば市","小沢"],"3000845":[8,"土浦市","乙戸南"],"3002454":[8,"つくばみらい市","下長沼"],"3001533":[8,"取手市","中田"],"3001287":[8,"牛久市","福田町"],"3001426":[8,"稲敷市","寺内"],"3002798":[8,"常総市","杉山","１４６０－１"],"3002727":[8,"常総市","大沢"],"3000414":[8,"稲敷郡美浦村","信太"],"3004192":[8,"土浦市","藤沢","９７５"],"3001277":[8,"つくば市","駒込"],"3003533":[8,"結城郡八千代町","片角"],"3000304":[8,"稲敷郡阿見町","掛馬"],"3001402":[8,"稲敷郡河内町","平川"],"3000332":[8,"稲敷郡阿見町","中央"],"3003257":[8,"つくば市","筑穂"],"3000401":[8,"稲敷郡美浦村","馬掛"],"3003541":[8,"結城郡八千代町","新地"],"3001295":[8,"牛久市","東猯穴町","１０００"],"3000064":[8,"土浦市","東若松町"],"3004502":[8,"筑西市","上西郷谷"],"3002404":[8,"つくばみらい市","南"],"3000528":[8,"稲敷市","上君山"],"3002656":[8,"つくば市","真瀬"],"3000006":[8,"土浦市","東中貫町"],"3002747":[8,"常総市","崎房"],"3001546":[8,"取手市","岡"],"3004504":[8,"筑西市","宮山"],"3002613":[8,"つくば市","西高野"],"3002703":[8,"常総市","小保川"],"3004224":[8,"つくば市","小和田"],"3003595":[8,"結城郡八千代町","大字佐野","１１６４"],"3001151":[8,"稲敷郡阿見町","荒川沖"],"3000393":[8,"稲敷郡阿見町","中央","３丁目２１－１"],"3002645":[8,"つくば市","上郷"],"3002405":[8,"つくばみらい市","仁左衛門新田"],"3004521":[8,"筑西市","東石田"],"3000746":[8,"稲敷市","神崎本宿"],"3002357":[8,"つくばみらい市","谷口"],"3004413":[8,"桜川市","真壁町酒寄"],"3002506":[8,"常総市","三坂町"],"3000428":[8,"稲敷郡美浦村","舟子"],"3003592":[8,"結城郡八千代町","大字菅谷","１１７０"],"3000835":[8,"土浦市","大岩田"],"3000033":[8,"土浦市","川口"],"3004235":[8,"つくば市","泉"],"3000636":[8,"稲敷市","羽生"],"3001235":[8,"牛久市","刈谷町"],"3001286":[8,"牛久市","小坂町"],"3003537":[8,"結城郡八千代町","苅橋"],"3001326":[8,"稲敷郡河内町","宮淵"],"3000392":[8,"稲敷郡阿見町","中央","１丁目１－１"],"3002423":[8,"つくばみらい市","成瀬"],"3000063":[8,"土浦市","若松町"],"3000613":[8,"稲敷市","新橋"],"3000506":[8,"稲敷市","沼田"],"3002342":[8,"つくばみらい市","弥柳"],"3004245":[8,"つくば市","水守"],"3000315":[8,"稲敷郡阿見町","香澄の里"],"3000815":[8,"土浦市","中高津"],"3002733":[8,"常総市","馬場新田"],"3004236":[8,"つくば市","小泉"],"3002686":[8,"つくば市","","諏訪Ｃ２２街区１"],"3001294":[8,"つくば市","茎崎","１８８８－２"],"3001611":[8,"北相馬郡利根町","惣新田"],"3000511":[8,"稲敷市","高田"],"3000012":[8,"土浦市","神立東"],"3001278":[8,"つくば市","房内"],"3002446":[8,"つくばみらい市","細代"],"3000411":[8,"稲敷郡美浦村","太田"],"3004108":[8,"土浦市","小野"],"3000024":[8,"土浦市","田村町"],"3003561":[8,"結城郡八千代町","平塚"],"3002336":[8,"つくばみらい市","山谷"],"3000407":[8,"稲敷郡美浦村","八井田"],"3000312":[8,"稲敷郡阿見町","南平台"],"3002455":[8,"つくばみらい市","十和"],"3002355":[8,"つくばみらい市","市野深"],"3001243":[8,"つくば市","大井"],"3000434":[8,"稲敷郡美浦村","堀田"],"3001621":[8,"北相馬郡利根町","福木"],"3001502":[8,"取手市","新川"],"3003263":[8,"つくば市","立原"],"3002434":[8,"つくばみらい市","平沼"],"3000326":[8,"稲敷郡阿見町","星の里"],"3003251":[8,"つくば市","佐"],"3001423":[8,"稲敷市","太田"],"3004105":[8,"土浦市","田宮"],"3000423":[8,"稲敷郡美浦村","茂呂"],"3002306":[8,"つくばみらい市","南太田"],"3000021":[8,"土浦市","菅谷町"],"3002669":[8,"つくば市","高山"],"3000595":[8,"稲敷市","江戸崎甲","３２７７－１"],"3001206":[8,"牛久市","ひたち野西"],"3002711":[8,"常総市","本豊田"],"3000212":[8,"かすみがうら市","有河"],"3000877":[8,"土浦市","荒川本郷"],"3004243":[8,"つくば市","池田"],"3002492":[8,"つくばみらい市","加藤","２３７"],"3000123":[8,"かすみがうら市","上軽部"],"3000054":[8,"土浦市","西真鍋町"],"3004428":[8,"桜川市","真壁町大塚新田"],"3000000":[8,"土浦市",""],"3004214":[8,"つくば市","山口"],"3000045":[8,"土浦市","文京町"],"3001545":[8,"取手市","和田"],"3000731":[8,"稲敷市","本新"],"3004531":[8,"筑西市","築地"],"3000605":[8,"稲敷市","幸田"],"3000416":[8,"稲敷郡美浦村","大塚"],"3000437":[8,"稲敷郡美浦村","見晴"],"3000617":[8,"稲敷市","福田"],"3002657":[8,"つくば市","香取台"],"3001331":[8,"稲敷郡河内町","生板"],"3003563":[8,"結城郡八千代町","村貫"],"3002614":[8,"つくば市","上里"],"3000204":[8,"かすみがうら市","下軽部"],"3000333":[8,"稲敷郡阿見町","若栗"],"3001316":[8,"稲敷郡河内町","布鎌"],"3001262":[8,"つくば市","九万坪"],"3000527":[8,"稲敷市","下君山"],"3004522":[8,"筑西市","向上野"],"3000415":[8,"稲敷郡美浦村","美駒"],"3001634":[8,"北相馬郡利根町","押付新田"],"3000051":[8,"土浦市","真鍋"],"3001258":[8,"つくば市","六斗"],"3001337":[8,"稲敷郡河内町","竜ケ崎町歩"],"3003519":[8,"結城郡八千代町","新井"],"3001159":[8,"稲敷郡阿見町","本郷"],"3001217":[8,"牛久市","さくら台"],"3003504":[8,"結城郡八千代町","西大山"],"3000005":[8,"土浦市","中貫"],"3002654":[8,"つくば市","水堀"],"3002314":[8,"つくばみらい市","城中"],"3001253":[8,"つくば市","天宝喜"],"3004246":[8,"つくば市","上沢"],"3000745":[8,"稲敷市","橋向"],"3000843":[8,"土浦市","中村南"],"3001512":[8,"取手市","藤代"],"3000303":[8,"稲敷郡阿見町","大室"],"3002621":[8,"つくば市","南原"],"3000400":[8,"稲敷郡美浦村",""],"3001401":[8,"稲敷郡河内町","十三間戸"],"3001632":[8,"北相馬郡利根町","下曽根"],"3004546":[8,"筑西市","村田"],"3003252":[8,"つくば市","若森"],"3002617":[8,"つくば市","吉沼"],"3000048":[8,"土浦市","田中"],"3002507":[8,"常総市","三坂新田町"],"3002717":[8,"常総市","東野原"],"3001232":[8,"牛久市","上柏田"],"3004535":[8,"筑西市","谷原"],"3001514":[8,"取手市","宮和田"],"3000526":[8,"稲敷市","松山"],"3000492":[8,"稲敷郡美浦村","大字受領","１５１５"],"3003532":[8,"結城郡八千代町","本郷"],"3004427":[8,"桜川市","真壁町上谷貝"],"3001532":[8,"取手市","谷中"],"3000421":[8,"稲敷郡美浦村","木原"],"3004115":[8,"土浦市","藤沢"],"3001152":[8,"稲敷郡阿見町","荒川本郷"],"3001254":[8,"つくば市","宝陽台"],"3002725":[8,"常総市","古間木沼新田"],"3000802":[8,"土浦市","飯田"],"3001311":[8,"稲敷郡河内町","庄布川"],"3004221":[8,"つくば市","大形"],"3002426":[8,"つくばみらい市","宮戸"],"3001422":[8,"稲敷市","南太田"],"3000637":[8,"稲敷市","柏木古渡"],"3004402":[8,"桜川市","真壁町下小幡"],"3000875":[8,"土浦市","中荒川沖町"],"3002402":[8,"つくばみらい市","坂野新田"],"3004511":[8,"筑西市","押尾"],"3003556":[8,"結城郡八千代町","芦ケ谷新田"],"3000836":[8,"土浦市","烏山"],"3002646":[8,"つくば市","緑ケ原"],"3002641":[8,"つくば市","今鹿島"],"3002663":[8,"つくば市","鍋沼新田"],"3000394":[8,"稲敷郡阿見町","大字阿見","４６６９－２"],"3002493":[8,"つくばみらい市","絹の台","４丁目２番２号"],"3001522":[8,"取手市","高須"],"3001506":[8,"取手市","上萱場"],"3002413":[8,"つくばみらい市","田村"],"3003542":[8,"結城郡八千代町","福岡"],"3003262":[8,"つくば市","蓮沼"],"3002797":[8,"常総市","鴻野山","１６７０"],"3002792":[8,"常総市","新石下","４３６５"],"3001272":[8,"つくば市","茎崎"],"3001260":[8,"つくば市","西大井"],"3002742":[8,"常総市","向石下"],"3000009":[8,"土浦市","中都町"],"3004422":[8,"桜川市","真壁町亀熊"],"3002321":[8,"つくばみらい市","戸茂"],"3000812":[8,"土浦市","下高津"],"3001421":[8,"稲敷市","堀川"],"3000037":[8,"土浦市","桜町"],"3004417":[8,"桜川市","真壁町飯塚"],"3001324":[8,"稲敷郡河内町","源清田"],"3001242":[8,"つくば市","樋の沢"],"3001321":[8,"稲敷郡河内町","羽子騎"],"3001503":[8,"取手市","大曲"],"3000403":[8,"稲敷郡美浦村","馬見山"],"3001601":[8,"北相馬郡利根町","大房"],"3000135":[8,"かすみがうら市","加茂"],"3004412":[8,"桜川市","真壁町羽鳥"],"3002307":[8,"つくばみらい市","板橋"],"3004213":[8,"つくば市","平沢"],"3001427":[8,"稲敷市","羽賀浦"],"3000847":[8,"土浦市","卸町"],"3000837":[8,"土浦市","右籾"],"3000134":[8,"かすみがうら市","深谷"],"3002714":[8,"常総市","平内"],"3001332":[8,"稲敷郡河内町","幸谷"],"3001325":[8,"稲敷郡河内町","平三郎"],"3002736":[8,"常総市","孫兵ヱ新田"],"3000507":[8,"稲敷市","犬塚"],"3002337":[8,"つくばみらい市","谷井田"],"3001606":[8,"北相馬郡利根町","もえぎ野台"],"3002521":[8,"常総市","大生郷町"],"3002637":[8,"つくば市","酒丸"],"3003522":[8,"結城郡八千代町","袋"],"3000038":[8,"土浦市","大町"],"3001541":[8,"取手市","配松"],"3000436":[8,"稲敷郡美浦村","根本"],"3002651":[8,"つくば市","鬼ケ窪"],"3002422":[8,"つくばみらい市","古川"],"3000397":[8,"稲敷郡阿見町","中央","８丁目３－１"],"3000062":[8,"土浦市","都和"],"3001222":[8,"牛久市","南"],"3000743":[8,"稲敷市","曲渕"],"3001205":[8,"牛久市","東大和田町"],"3001315":[8,"稲敷郡河内町","十里"],"3002658":[8,"つくば市","諏訪"],"3001536":[8,"取手市","光風台"],"3002634":[8,"つくば市","中東原新田"],"3000311":[8,"稲敷郡阿見町","島津"],"3001492":[8,"稲敷市","柴崎","７４２７"],"3000068":[8,"土浦市","西並木町"],"3001223":[8,"牛久市","城中町"],"3003544":[8,"結城郡八千代町","若"],"3000721":[8,"稲敷市","大島"],"3001525":[8,"取手市","桜が丘"],"3004232":[8,"つくば市","北太田"],"3000523":[8,"稲敷市","時崎"],"3001285":[8,"牛久市","正直町"],"3001268":[8,"つくば市","中山"],"3000031":[8,"土浦市","東崎町"],"3004104":[8,"土浦市","沢辺"],"3004403":[8,"桜川市","真壁町長岡"],"3004543":[8,"筑西市","竹垣"],"3000612":[8,"稲敷市","市崎"],"3001413":[8,"稲敷市","伊崎"],"3003505":[8,"結城郡八千代町","佐野"],"3000027":[8,"土浦市","木田余東台"],"3004205":[8,"つくば市","安食"],"3000055":[8,"土浦市","殿里"],"3004114":[8,"土浦市","上坂田"],"3001249":[8,"つくば市","若葉"],"3002441":[8,"つくばみらい市","寺畑"],"3002333":[8,"つくばみらい市","下平柳"],"3001614":[8,"北相馬郡利根町","立崎"],"3001392":[8,"稲敷郡河内町","源清田","１１８３"],"3004295":[8,"つくば市","和台","１６番２"],"3000032":[8,"土浦市","湖北"],"3004116":[8,"土浦市","藤沢新田"],"3003261":[8,"つくば市","花畑"],"3000501":[8,"稲敷市","鳩崎"],"3002793":[8,"常総市","新石下","４３１０番地１"],"3002726":[8,"常総市","中沼"],"3001255":[8,"つくば市","小茎"],"3002302":[8,"つくばみらい市","狸穴"],"3004401":[8,"桜川市","真壁町上小幡"],"3001531":[8,"取手市","小浮気"],"3001613":[8,"北相馬郡利根町","東奥山新田"],"3001524":[8,"取手市","神浦"],"3002353":[8,"つくばみらい市","小張"],"3000301":[8,"稲敷郡阿見町","青宿"],"3000056":[8,"土浦市","木田余西台"],"3000132":[8,"かすみがうら市","男神"],"3001403":[8,"稲敷郡河内町","金江津"],"3002647":[8,"つくば市","手子生"],"3001157":[8,"稲敷郡阿見町","小池"],"3001605":[8,"北相馬郡利根町","大平"],"3002403":[8,"つくばみらい市","中原"],"3000395":[8,"稲敷郡阿見町","中央","３丁目２０－１"],"3002716":[8,"常総市","大房"],"3008686":[8,"土浦市","下高津","１丁目２０－３５"],"3004222":[8,"つくば市","下大島"],"3000744":[8,"稲敷市","押砂"],"3004424":[8,"桜川市","真壁町源法寺"],"3000692":[8,"稲敷市","須賀津","２０８"],"3001504":[8,"取手市","萱場"],"3002735":[8,"常総市","左平太新田"],"3000723":[8,"稲敷市","境島"],"3004545":[8,"筑西市","下川中子"],"3002616":[8,"つくば市","五人受"],"3001323":[8,"稲敷郡河内町","手栗"],"3001195":[8,"稲敷郡阿見町","大字吉原","３５７７"],"3000838":[8,"土浦市","摩利山新田"],"3003564":[8,"結城郡八千代町","水口"],"3001201":[8,"牛久市","東猯穴町"],"3004598":[8,"筑西市","海老ケ島","１３００"],"3004536":[8,"筑西市","東保末"],"3001507":[8,"取手市","浜田"],"3001515":[8,"取手市","平野"],"3000002":[8,"土浦市","粟野町"],"3000069":[8,"土浦市","東並木町"],"3000801":[8,"土浦市","矢作"],"3004233":[8,"つくば市","君島"],"3001207":[8,"牛久市","ひたち野東"],"3000606":[8,"稲敷市","脇川"],"3000825":[8,"土浦市","霞ケ岡町"],"3002323":[8,"つくばみらい市","伊丹"],"3000509":[8,"稲敷市","江戸崎乙"],"3003555":[8,"結城郡八千代町","芦ケ谷"],"3000008":[8,"土浦市","笠師町"],"3004411":[8,"桜川市","真壁町田"],"3002425":[8,"つくばみらい市","川崎"],"3001313":[8,"稲敷郡河内町","田川"],"3002416":[8,"つくばみらい市","東楢戸"],"3004421":[8,"桜川市","真壁町原方"],"3002421":[8,"つくばみらい市","西丸山"],"3003506":[8,"結城郡八千代町","成田"],"3003565":[8,"結城郡八千代町","松本"],"3000192":[8,"かすみがうら市","大和田","８２８－５"],"3004512":[8,"筑西市","有田"],"3001333":[8,"稲敷郡河内町","角崎町歩"],"3003524":[8,"結城郡八千代町","兵庫"],"3008588":[8,"土浦市","東中貫町","５－１"],"3004102":[8,"土浦市","本郷"],"3004203":[8,"つくば市","明石"],"3000846":[8,"土浦市","小山田"],"3002308":[8,"つくばみらい市","伊奈東"],"3004212":[8,"つくば市","神郡"],"3000508":[8,"稲敷市","佐倉"],"3000121":[8,"かすみがうら市","宍倉"],"3000125":[8,"かすみがうら市","三ツ木"],"3001412":[8,"稲敷市","柴崎"],"3002453":[8,"つくばみらい市","上長沼"],"3002452":[8,"つくばみらい市","樛木"],"3000404":[8,"稲敷郡美浦村","土浦"],"3000625":[8,"稲敷市","須賀津"],"3001296":[8,"牛久市","猪子町","８９６"],"3000022":[8,"土浦市","白鳥町"],"3000420":[8,"稲敷郡美浦村","郷中"],"3002635":[8,"つくば市","東光台"],"3001626":[8,"北相馬郡利根町","四季の丘"],"3001404":[8,"稲敷郡河内町","片巻"],"3000724":[8,"稲敷市","八筋川"],"3002745":[8,"常総市","大沢新田"],"3001271":[8,"つくば市","桜が丘"],"3002494":[8,"つくばみらい市","小絹","５５１番地"],"3000028":[8,"土浦市","おおつ野"],"3001415":[8,"稲敷市","中山"],"3003253":[8,"つくば市","大曽根"],"3001602":[8,"北相馬郡利根町","押戸"],"3002662":[8,"つくば市","下河原崎"],"3002334":[8,"つくばみらい市","中平柳"],"3000611":[8,"稲敷市","中島"],"3004112":[8,"土浦市","桃園"],"3000061":[8,"土浦市","並木"],"3002702":[8,"常総市","原宿"],"3000313":[8,"稲敷郡阿見町","石川"],"3000813":[8,"土浦市","富士崎"],"3001204":[8,"牛久市","岡見町"],"3004516":[8,"筑西市","新井新田"],"3000593":[8,"稲敷市","江戸崎","甲５４１"],"3000525":[8,"稲敷市","羽賀"],"3003534":[8,"結城郡八千代町","太田"],"3000067":[8,"土浦市","東都和"],"3001425":[8,"稲敷市","小野"],"3003513":[8,"結城郡八千代町","久下田"],"3004505":[8,"筑西市","田宿"],"3002300":[8,"つくばみらい市",""],"3002345":[8,"つくばみらい市","長渡呂"],"3000413":[8,"稲敷郡美浦村","大谷"],"3001537":[8,"取手市","毛有"],"3000047":[8,"土浦市","生田町"],"3003521":[8,"結城郡八千代町","川尻"],"3001224":[8,"牛久市","庄兵衛新田町"],"3000325":[8,"稲敷郡阿見町","上条"],"3004111":[8,"土浦市","大畑"],"3004193":[8,"土浦市","藤沢","３６４７－５"],"3001200":[8,"牛久市",""],"3002301":[8,"つくばみらい市","高岡"],"3002495":[8,"つくばみらい市","絹の台","６丁目２０番４号"],"3000419":[8,"稲敷郡美浦村","山王"],"3001334":[8,"稲敷郡河内町","小林町歩"],"3000433":[8,"稲敷郡美浦村","木"],"3001542":[8,"取手市","神住"],"3004354":[8,"つくば市","国松"],"3000003":[8,"土浦市","紫ケ丘"],"3000804":[8,"土浦市","粕毛"],"3000521":[8,"稲敷市","月出里"],"3000515":[8,"稲敷市","南ケ丘"],"3003514":[8,"結城郡八千代町","大里"],"3000425":[8,"稲敷郡美浦村","興津"],"3003267":[8,"つくば市","前野"],"3000214":[8,"かすみがうら市","坂"],"3000035":[8,"土浦市","有明町"],"3000749":[8,"稲敷市","佐原組新田"],"3002431":[8,"つくばみらい市","上小目"],"3002731":[8,"常総市","古間木新田"],"3001203":[8,"牛久市","下根町"],"3003536":[8,"結城郡八千代町","中野"],"3000850":[8,"土浦市","中村東"],"3004118":[8,"土浦市","田土部"],"3008550":[8,"土浦市","菅谷町","１３５１－４"],"3002748":[8,"常総市","馬場"],"3001212":[8,"牛久市","結束町"],"3002712":[8,"常総市","曲田"],"3002444":[8,"つくばみらい市","杉下"],"3002497":[8,"つくばみらい市","絹の台","４丁目３番"],"3001624":[8,"北相馬郡利根町","中田切"],"3004429":[8,"桜川市","真壁町東矢貝"],"3001158":[8,"稲敷郡阿見町","住吉"],"3002704":[8,"常総市","舘方"],"3000826":[8,"土浦市","小松ケ丘町"],"3001248":[8,"つくば市","若栗"],"3001511":[8,"取手市","椚木"],"3003554":[8,"結城郡八千代町","尾崎"],"3000741":[8,"稲敷市","手賀組新田"],"3002643":[8,"つくば市","野畑"],"3004408":[8,"桜川市","真壁町真壁"],"3004506":[8,"筑西市","鍋山"],"3004353":[8,"つくば市","沼田"],"3000122":[8,"かすみがうら市","西成井"],"3002504":[8,"常総市","沖新田町"],"3001284":[8,"牛久市","島田町"],"3001192":[8,"稲敷郡阿見町","大字吉原","３５８６"],"3002723":[8,"常総市","蔵持新田"],"3000626":[8,"稲敷市","甘田"],"3001273":[8,"つくば市","下岩崎"],"3001266":[8,"つくば市","自由ケ丘"],"3004231":[8,"つくば市","北条"],"3001155":[8,"稲敷郡阿見町","吉原"],"3002523":[8,"常総市","笹塚新田町"],"3000015":[8,"土浦市","北神立町"],"3004541":[8,"筑西市","松原"],"3003254":[8,"つくば市","鹿島台"],"3000748":[8,"稲敷市","清久島"],"3000737":[8,"稲敷市","上須田"],"3002358":[8,"つくばみらい市","陽光台"],"3000603":[8,"稲敷市","伊佐部"],"3002706":[8,"常総市","新石下"],"3003516":[8,"結城郡八千代町","高崎"],"3001616":[8,"北相馬郡利根町","立木"],"3000616":[8,"稲敷市","東大沼"],"3003523":[8,"結城郡八千代町","八町"],"3001516":[8,"取手市","藤代南"],"3002451":[8,"つくばみらい市","箕輪"],"3004533":[8,"筑西市","成井"],"3000502":[8,"稲敷市","信太古渡"],"3000631":[8,"稲敷市","三次"],"3004515":[8,"筑西市","倉持"],"3001623":[8,"北相馬郡利根町","八幡台"],"3003551":[8,"結城郡八千代町","栗山"],"3000624":[8,"稲敷市","南山来"],"3001211":[8,"牛久市","柏田町"],"3002795":[8,"常総市","古間木","１５１１"],"3004415":[8,"桜川市","真壁町東山田"],"3002331":[8,"つくばみらい市","神住新田"],"3002612":[8,"つくば市","大砂"],"3000833":[8,"土浦市","小岩田西"],"3000322":[8,"稲敷郡阿見町","君島"],"3000727":[8,"稲敷市","飯島"],"3002664":[8,"つくば市","高良田"],"3002525":[8,"常総市","伊左衛門新田町"],"3002344":[8,"つくばみらい市","長渡呂新田"],"3004513":[8,"筑西市","中根"],"3001406":[8,"稲敷郡河内町","下加納"],"3002648":[8,"つくば市","豊里の杜"],"3001257":[8,"つくば市","明神"],"3000818":[8,"土浦市","天川"],"3000839":[8,"土浦市","滝田"],"3000193":[8,"かすみがうら市","深谷","２４－１０"],"3004405":[8,"桜川市","真壁町桜井"],"3000831":[8,"土浦市","小岩田"],"3001225":[8,"牛久市","新地町"],"3002743":[8,"常総市","岡田"],"3001221":[8,"牛久市","牛久町"],"3001193":[8,"土浦市","荒川沖東","２丁目７－１"],"3000049":[8,"土浦市","田中町"],"3000604":[8,"稲敷市","釜井"],"3001202":[8,"牛久市","中根町"],"3004117":[8,"土浦市","高岡"],"3000811":[8,"土浦市","上高津"],"3001615":[8,"北相馬郡利根町","中谷"],"3000524":[8,"稲敷市","小羽賀"],"3002432":[8,"つくばみらい市","鬼長"],"3001283":[8,"牛久市","奥原町"],"3002665":[8,"つくば市","高須賀"],"3002498":[8,"つくばみらい市","筒戸","１１１４番地"],"3001505":[8,"取手市","下萱場"],"3004534":[8,"筑西市","高津"],"3001233":[8,"牛久市","栄町"],"3002347":[8,"つくばみらい市","豊体"],"3000601":[8,"稲敷市","下須田"],"3002332":[8,"つくばみらい市","山王新田"],"3001213":[8,"牛久市","上太田町"],"3000025":[8,"土浦市","手野町"],"3003535":[8,"結城郡八千代町","粟野"],"3001538":[8,"取手市","米田"],"3002522":[8,"常総市","横曽根新田町"],"3000202":[8,"かすみがうら市","田伏"],"3001625":[8,"北相馬郡利根町","羽中"],"3002511":[8,"常総市","花島町"],"3004517":[8,"筑西市","海老ケ島"],"3000422":[8,"稲敷郡美浦村","大須賀津"],"3000424":[8,"稲敷郡美浦村","受領"],"3003543":[8,"結城郡八千代町","新地新田"],"3004544":[8,"筑西市","古内"],"3002653":[8,"つくば市","面野井"],"3001261":[8,"つくば市","あしび野"],"3000412":[8,"稲敷郡美浦村","宮地"],"3000427":[8,"稲敷郡美浦村","布佐"],"3002401":[8,"つくばみらい市","台"],"3004507":[8,"筑西市","内淀"],"3001247":[8,"つくば市","西の沢"],"3002443":[8,"つくばみらい市","西ノ台南"],"3001635":[8,"北相馬郡利根町","上曽根"],"3000402":[8,"稲敷郡美浦村","大山"],"3000036":[8,"土浦市","大和町"],"3001269":[8,"つくば市","池向"],"3001523":[8,"取手市","大留"],"3003255":[8,"つくば市","玉取"],"3001322":[8,"稲敷郡河内町","古河林"],"3001405":[8,"稲敷郡河内町","田川"],"3004416":[8,"桜川市","真壁町伊佐々"],"3002636":[8,"つくば市","土田"],"3000396":[8,"稲敷郡阿見町","香澄の里","３６－１"],"3001274":[8,"つくば市","上岩崎"],"3004351":[8,"つくば市","上大島"],"3002414":[8,"つくばみらい市","真木"],"3001156":[8,"稲敷郡阿見町","福田"],"3004525":[8,"筑西市","寺上野"],"3000136":[8,"かすみがうら市","戸崎"],"3002435":[8,"つくばみらい市","筒戸"],"3000500":[8,"稲敷市",""],"3002322":[8,"つくばみらい市","戸崎"],"3003531":[8,"結城郡八千代町","今里"],"3002505":[8,"常総市","中妻町"],"3001696":[8,"北相馬郡利根町","大字布川","８４１－１"],"3000834":[8,"土浦市","小岩田東"],"3001150":[8,"稲敷郡阿見町","よしわら"],"3000642":[8,"稲敷市","下馬渡"],"3000503":[8,"稲敷市","稲波"],"3001600":[8,"北相馬郡利根町",""],"3000623":[8,"稲敷市","四箇"],"3000321":[8,"稲敷郡阿見町","塙"],"3003553":[8,"結城郡八千代町","蕗田"],"3004218":[8,"つくば市","大貫"],"3004103":[8,"土浦市","大志戸"],"3000131":[8,"かすみがうら市","下大堤"],"3002659":[8,"つくば市","万博公園西"],"3002624":[8,"つくば市","西沢"],"3002351":[8,"つくばみらい市","善助新田"],"3004514":[8,"筑西市","山王堂"],"3004404":[8,"桜川市","真壁町白井"],"3000638":[8,"稲敷市","古渡"],"3000819":[8,"土浦市","上高津新町"],"3002724":[8,"常総市","古間木"],"3001281":[8,"牛久市","桂町"],"3002715":[8,"常総市","山口"],"3003266":[8,"つくば市","北原"],"3002705":[8,"常総市","豊田"],"3000823":[8,"土浦市","小松"],"3003500":[8,"結城郡八千代町",""],"3000514":[8,"稲敷市","駒塚"],"3003515":[8,"結城郡八千代町","大渡戸"],"3002524":[8,"常総市","五郎兵衛新田町"],"3000213":[8,"かすみがうら市","牛渡"],"3002442":[8,"つくばみらい市","西ノ台"],"3000742":[8,"稲敷市","四ッ谷"],"3004293":[8,"つくば市","和台","１０"],"3000622":[8,"稲敷市","神宮寺"],"3002666":[8,"つくば市","下別府"],"3002346":[8,"つくばみらい市","青木"],"3001246":[8,"つくば市","菅間"],"3002721":[8,"常総市","篠山"],"3008567":[8,"土浦市","中央","１丁目１３番１２号"],"3002667":[8,"つくば市","中別府"],"3003265":[8,"つくば市","長高野"],"3004501":[8,"筑西市","猫島"],"3000066":[8,"土浦市","虫掛"],"3000641":[8,"稲敷市","浮島"],"3000824":[8,"土浦市","千鳥ケ丘町"],"3001424":[8,"稲敷市","下太田"],"3004542":[8,"筑西市","吉田"],"3003545":[8,"結城郡八千代町","東蕗田"],"3002303":[8,"つくばみらい市","大和田"],"3001251":[8,"つくば市","城山"],"3004414":[8,"桜川市","真壁町椎尾"],"3002622":[8,"つくば市","要"],"3001241":[8,"つくば市","牧園"],"3002354":[8,"つくばみらい市","新戸"],"3001336":[8,"稲敷郡河内町","大徳鍋子新田"],"3000632":[8,"稲敷市","飯出"],"3003525":[8,"結城郡八千代町","沼森"],"3001622":[8,"北相馬郡利根町","布川"],"3002746":[8,"常総市","鴻野山"],"3000805":[8,"土浦市","宍塚"],"3002707":[8,"常総市","本石下"],"3002348":[8,"つくばみらい市","青古新田"],"3004532":[8,"筑西市","鷺島"],"3004249":[8,"つくば市","洞下"],"3000849":[8,"土浦市","中村西根"],"3001282":[8,"牛久市","井ノ岡町"],"3000314":[8,"稲敷郡阿見町","追原"],"3000306":[8,"稲敷郡阿見町","曙"],"3001544":[8,"取手市","山王"],"3000602":[8,"稲敷市","阿波崎"],"3000426":[8,"稲敷郡美浦村","土屋"],"3004251":[8,"つくば市","田水山"],"3004537":[8,"筑西市","大林"],"3000725":[8,"稲敷市","佐原下手"],"3000398":[8,"稲敷郡阿見町","大字阿見","４０４１"],"3000042":[8,"土浦市","城北町"],"3000026":[8,"土浦市","木田余"],"3001535":[8,"取手市","清水"],"3002356":[8,"つくばみらい市","奉社"],"3001539":[8,"取手市","小泉"],"3001214":[8,"牛久市","女化町"],"3000735":[8,"稲敷市","六角"],"3002311":[8,"つくばみらい市","野堀"],"3000848":[8,"土浦市","西根西"],"3001513":[8,"取手市","片町"],"3000205":[8,"かすみがうら市","安食"],"3001275":[8,"つくば市","梅ケ丘"],"3004425":[8,"桜川市","真壁町細芝"],"3002411":[8,"つくばみらい市","押砂"],"3000607":[8,"稲敷市","光葉"],"3003501":[8,"結城郡八千代町","塩本"],"3003511":[8,"結城郡八千代町","瀬戸井"],"3000203":[8,"かすみがうら市","岩坪"],"3000337":[8,"稲敷郡阿見町","中郷"],"3000044":[8,"土浦市","大手町"],"3001236":[8,"牛久市","田宮町"],"3001417":[8,"稲敷市","狸穴"],"3002513":[8,"常総市","羽生町"],"3000513":[8,"稲敷市","桑山"],"3000016":[8,"土浦市","中神立町"],"3003571":[8,"結城郡八千代町","大戸新田"],"3002325":[8,"つくばみらい市","中島"],"3000872":[8,"土浦市","沖新田"],"3002655":[8,"つくば市","島名"],"3000816":[8,"土浦市","永国東町"],"3002732":[8,"常総市","鴻野山新田"],"3002436":[8,"つくばみらい市","絹の台"],"3001259":[8,"つくば市","稲荷原"],"3002406":[8,"つくばみらい市","福岡"],"3000334":[8,"稲敷郡阿見町","鈴木"],"3001153":[8,"稲敷郡阿見町","実穀"],"3000529":[8,"稲敷市","江戸崎みらい"],"3000832":[8,"土浦市","桜ケ丘町"],"3002701":[8,"常総市","若宮戸"],"3000013":[8,"土浦市","神立町"],"3001245":[8,"つくば市","高崎"],"3003562":[8,"結城郡八千代町","磯"],"3002456":[8,"つくばみらい市","北袋"],"3000408":[8,"稲敷郡美浦村","根火"],"3000004":[8,"土浦市","小山崎"],"3001300":[8,"稲敷郡河内町",""],"3001265":[8,"つくば市","細見"],"3002502":[8,"常総市","上蛇町"],"3004217":[8,"つくば市","杉木"],"3000418":[8,"稲敷郡美浦村","花見塚"],"3000734":[8,"稲敷市","結佐"],"3001231":[8,"牛久市","猪子町"],"3000324":[8,"稲敷郡阿見町","飯倉"],"3002695":[8,"つくば市","東光台","５丁目６"],"3004523":[8,"筑西市","赤浜"],"3003518":[8,"結城郡八千代町","野爪"],"3000496":[8,"稲敷郡美浦村","大字木原","２３５０"],"3000803":[8,"土浦市","佐野子"],"3000842":[8,"土浦市","西根南"],"3000302":[8,"稲敷郡阿見町","廻戸"],"3000034":[8,"土浦市","港町"],"3002407":[8,"つくばみらい市","北山"],"3003295":[8,"つくば市","大曽根","３６８１"],"3004538":[8,"筑西市","海老江"],"3000432":[8,"稲敷郡美浦村","定光"],"3002341":[8,"つくばみらい市","福田"],"3000821":[8,"土浦市","蓮河原新町"],"3003517":[8,"結城郡八千代町","坪井"],"3004407":[8,"桜川市","真壁町古城"],"3001603":[8,"北相馬郡利根町","奥山"],"3002327":[8,"つくばみらい市","福原"],"3000431":[8,"稲敷郡美浦村","本橋"],"3004406":[8,"桜川市","真壁町山尾"],"3000792":[8,"稲敷市","結佐","１５４５"],"3008619":[8,"土浦市","右籾","２４１０"],"3000621":[8,"稲敷市","阿波"],"3001335":[8,"稲敷郡河内町","生板鍋子新田"],"3000643":[8,"稲敷市","上馬渡"],"3001154":[8,"稲敷郡阿見町","上長"],"3002503":[8,"常総市","川崎町"],"3002623":[8,"つくば市","本沢"],"3002632":[8,"つくば市","旭"],"3001288":[8,"牛久市","久野町"],"3002304":[8,"つくばみらい市","武兵衛新田"],"3000014":[8,"土浦市","西神立"],"3003294":[8,"つくば市","北原","６"],"3002501":[8,"常総市","福二町"],"3001215":[8,"牛久市","遠山町"],"3004352":[8,"つくば市","筑波"],"3004106":[8,"土浦市","小高"],"3000817":[8,"土浦市","永国"],"3003539":[8,"結城郡八千代町","仁江戸"],"3001411":[8,"稲敷市","伊佐津"],"3004241":[8,"つくば市","上菅間"],"3008601":[8,"土浦市","城北町","４－１５"],"3003503":[8,"結城郡八千代町","粕礼"],"3001267":[8,"つくば市","大舟戸"],"3002713":[8,"常総市","収納谷"],"3000633":[8,"稲敷市","岡飯出"],"3003502":[8,"結城郡八千代町","下山川"],"3001543":[8,"取手市","中内"],"3000041":[8,"土浦市","立田町"],"3000201":[8,"かすみがうら市","柏崎"],"3000211":[8,"かすみがうら市","志戸崎"],"3004248":[8,"つくば市","磯部"],"3000305":[8,"稲敷郡阿見町","竹来"],"3000522":[8,"稲敷市","蒲ケ山"],"3000504":[8,"稲敷市","江戸崎甲"],"3004211":[8,"つくば市","臼井"],"3003572":[8,"結城郡八千代町","菅谷"],"3000052":[8,"土浦市","東真鍋町"],"3002417":[8,"つくばみらい市","富士見ヶ丘"],"3002593":[8,"常総市","大生郷町","６１３３"],"3001244":[8,"つくば市","松の里"],"3000874":[8,"土浦市","荒川沖西"],"3004524":[8,"筑西市","中上野"],"3001416":[8,"稲敷市","角崎"],"3002611":[8,"つくば市","大久保"],"3003264":[8,"つくば市","篠崎"],"3003256":[8,"つくば市","大穂"],"3002741":[8,"常総市","国生"],"3002642":[8,"つくば市","高野"],"3001534":[8,"取手市","渋沼"],"3001240":[8,"つくば市","池の台"],"3001276":[8,"つくば市","小山"],"3000336":[8,"稲敷郡阿見町","西郷"],"3002359":[8,"つくばみらい市","紫峰ヶ丘"],"3002512":[8,"常総市","大輪町"],"3000810":[8,"土浦市","永国台"],"3002722":[8,"常総市","蔵持"],"3001636":[8,"北相馬郡利根町","羽根野"],"3002312":[8,"つくばみらい市","神生"],"3000615":[8,"稲敷市","町田"],"3000736":[8,"稲敷市","八千石"],"3002424":[8,"つくばみらい市","加藤"],"3002698":[8,"つくば市","東光台","５丁目２番３号"],"3003526":[8,"結城郡八千代町","貝谷"],"3001292":[8,"牛久市","中央","３丁目１５－１"],"3000341":[8,"稲敷郡阿見町","うずら野"],"3002631":[8,"つくば市","沼崎"],"3000323":[8,"稲敷郡阿見町","大形"],"3003512":[8,"結城郡八千代町","小屋"],"3000747":[8,"稲敷市","余津谷"],"3000841":[8,"土浦市","中"],"3000871":[8,"土浦市","荒川沖東"],"3002652":[8,"つくば市","高田"],"3000133":[8,"かすみがうら市","中台"],"3000409":[8,"稲敷郡美浦村","牛込"],"3000335":[8,"稲敷郡阿見町","岡崎"],"3003552":[8,"結城郡八千代町","大間木"],"3001256":[8,"つくば市","森の里"],"3002324":[8,"つくばみらい市","下島"],"3000435":[8,"稲敷郡美浦村","中野内"],"3000043":[8,"土浦市","中央"],"3001521":[8,"取手市","押切"],"3002526":[8,"常総市","大生郷新田町"],"3002412":[8,"つくばみらい市","日川"],"3000065":[8,"土浦市","常名"],"3002433":[8,"つくばみらい市","下小目"],"3000417":[8,"稲敷郡美浦村","谷中"],"3002638":[8,"つくば市","百家"],"3001237":[8,"牛久市","田宮"],"3004216":[8,"つくば市","漆所"],"3000733":[8,"稲敷市","石納"],"3001264":[8,"つくば市","泊崎"]}
