{"2520104":[14,"相模原市緑区","向原"],"2520244":[14,"相模原市中央区","田名"],"2520026":[14,"座間市","新田宿"],"2520111":[14,"相模原市緑区","川尻"],"2520883":[14,"藤沢市","遠藤","４４１１"],"2520215":[14,"相模原市中央区","氷川町"],"2525152":[14,"相模原市緑区","小渕","２０００番地"],"2520175":[14,"相模原市緑区","若柳"],"2525201":[14,"相模原市中央区","淵野辺","１丁目１７－７１"],"2520380":[14,"相模原市南区","麻溝台","２丁目１－１"],"2520317":[14,"相模原市南区","御園"],"2525298":[14,"相模原市中央区","下九沢","１１２０番地"],"2520162":[14,"相模原市緑区","青根"],"2521115":[14,"綾瀬市","落合南"],"2520334":[14,"相模原市南区","若松"],"2520221":[14,"相模原市中央区","高根"],"2520383":[14,"相模原市南区","文京","２丁目１－１"],"2520224":[14,"相模原市中央区","青葉"],"2520314":[14,"相模原市南区","南台"],"2521132":[14,"綾瀬市","寺尾中"],"2520232":[14,"相模原市中央区","矢部"],"2521137":[14,"綾瀬市","寺尾台"],"2528550":[14,"座間市","相武台","２丁目２６８"],"2520806":[14,"藤沢市","土棚"],"2520804":[14,"藤沢市","湘南台"],"2520243":[14,"相模原市中央区","上溝"],"2525185":[14,"相模原市緑区","中野","５５０番地"],"2520134":[14,"相模原市緑区","下九沢"],"2520185":[14,"相模原市緑区","日連"],"2525258":[14,"相模原市中央区","淵野辺","５丁目１０－１"],"2520377":[14,"相模原市南区","相模大野","５丁目３１番１号南区合同庁舎内"],"2520223":[14,"相模原市中央区","松が丘"],"2520378":[14,"相模原市南区","新戸","２９５８番地"],"2521107":[14,"綾瀬市","深谷中"],"2520004":[14,"座間市","東原"],"2520114":[14,"相模原市緑区","葉山島"],"2521103":[14,"綾瀬市","深谷"],"2520321":[14,"相模原市南区","相模台"],"2521125":[14,"綾瀬市","吉岡東"],"2520100":[14,"相模原市緑区",""],"2520882":[14,"藤沢市","遠藤","５３２２"],"2520318":[14,"相模原市南区","上鶴間本町"],"2525292":[14,"相模原市中央区","田名","３７００番地"],"2525277":[14,"相模原市中央区","中央","２丁目１１番１５号"],"2520022":[14,"座間市","明王"],"2520152":[14,"相模原市緑区","太井"],"2520227":[14,"相模原市中央区","光が丘"],"2521121":[14,"綾瀬市","小園"],"2525250":[14,"相模原市中央区","小山","４－１－５５"],"2520801":[14,"藤沢市","長後"],"2520300":[14,"相模原市南区",""],"2520234":[14,"相模原市中央区","共和"],"2520388":[14,"相模原市南区","相模大野","６丁目６－６"],"2520200":[14,"相模原市中央区",""],"2520124":[14,"相模原市緑区","田名"],"2520211":[14,"相模原市中央区","宮下本町"],"2520013":[14,"座間市","栗原"],"2520886":[14,"藤沢市","獺郷","１００８－１"],"2521127":[14,"綾瀬市","早川城山"],"2520814":[14,"藤沢市","天神町"],"2528538":[14,"相模原市南区","麻溝台","１９００"],"2520181":[14,"相模原市緑区","佐野川"],"2520011":[14,"座間市","相武台"],"2525295":[14,"相模原市中央区","宮下","１丁目１番５７号"],"2520813":[14,"藤沢市","亀井野"],"2521105":[14,"綾瀬市","蓼川"],"2520001":[14,"座間市","相模が丘"],"2520158":[14,"相模原市緑区","又野"],"2520202":[14,"相模原市中央区","淵野辺本町"],"2520183":[14,"相模原市緑区","吉野"],"2520146":[14,"相模原市緑区","大山町"],"2520156":[14,"相模原市緑区","青山"],"2520206":[14,"相模原市中央区","淵野辺"],"2520335":[14,"相模原市南区","下溝"],"2520373":[14,"相模原市南区","北里","１丁目１５－１"],"2520392":[14,"相模原市南区","桜台","１８－１"],"2520822":[14,"藤沢市","葛原"],"2528585":[14,"座間市","小松原","１丁目３９－７"],"2520805":[14,"藤沢市","円行"],"2525192":[14,"相模原市緑区","久保沢","１丁目３番１号"],"2520214":[14,"相模原市中央区","向陽町"],"2520344":[14,"相模原市南区","古淵"],"2520253":[14,"相模原市中央区","南橋本"],"2520012":[14,"座間市","広野台"],"2520316":[14,"相模原市南区","双葉"],"2521133":[14,"綾瀬市","寺尾本町"],"2520807":[14,"藤沢市","下土棚"],"2520172":[14,"相模原市緑区","与瀬本町"],"2520381":[14,"相模原市南区","相模大野","６丁目３－１"],"2520016":[14,"座間市","西栗原"],"2520233":[14,"相模原市中央区","鹿沼台"],"2520237":[14,"相模原市中央区","千代田"],"2520303":[14,"相模原市南区","相模大野"],"2525210":[14,"相模原市中央区","由野台","３丁目１－１"],"2521114":[14,"綾瀬市","上土棚南"],"2520023":[14,"座間市","立野台"],"2520203":[14,"相模原市中央区","東淵野辺"],"2520888":[14,"藤沢市","桐原町","１番地"],"2520802":[14,"藤沢市","高倉"],"2521134":[14,"綾瀬市","寺尾南"],"2520182":[14,"相模原市緑区","澤井"],"2525225":[14,"相模原市中央区","小山","３４２９"],"2520395":[14,"相模原市南区","相南","３丁目３３－１"],"2520322":[14,"相模原市南区","相模台団地"],"2520217":[14,"相模原市中央区","小町通"],"2520103":[14,"相模原市緑区","原宿南"],"2521108":[14,"綾瀬市","深谷上"],"2520153":[14,"相模原市緑区","根小屋"],"2520161":[14,"相模原市緑区","青野原"],"2525288":[14,"相模原市中央区","相模原","６丁目２０－１"],"2520117":[14,"相模原市緑区","中沢"],"2520306":[14,"相模原市南区","栄町"],"2525286":[14,"相模原市中央区","小山","１丁目１５番３０号"],"2520333":[14,"相模原市南区","東大沼"],"2520826":[14,"藤沢市","宮原"],"2520173":[14,"相模原市緑区","小原"],"2520881":[14,"藤沢市","土棚","８"],"2521126":[14,"綾瀬市","綾西"],"2520137":[14,"相模原市緑区","二本松"],"2521102":[14,"綾瀬市","本蓼川"],"2520313":[14,"相模原市南区","松が枝町"],"2520207":[14,"相模原市中央区","矢部新町"],"2521122":[14,"綾瀬市","小園南"],"2520113":[14,"相模原市緑区","谷ヶ原"],"2521104":[14,"綾瀬市","大上"],"2520246":[14,"相模原市中央区","水郷田名"],"2520021":[14,"座間市","緑ケ丘"],"2520005":[14,"座間市","さがみ野"],"2525233":[14,"相模原市中央区","千代田","７丁目６－１０"],"2521192":[14,"綾瀬市","早川","５５０"],"2528539":[14,"座間市","座間","２丁目２８５９"],"2520370":[14,"相模原市南区","相模大野","３丁目９－１"],"2520336":[14,"相模原市南区","当麻"],"2528540":[14,"座間市","入谷","３丁目１７０７－１６星野ハイツＣ１０２号"],"2525297":[14,"相模原市中央区","南橋本","３丁目１－３５"],"2521193":[14,"綾瀬市","早川","２７４３－１"],"2520885":[14,"藤沢市","亀井野","１８６６"],"2520236":[14,"相模原市中央区","富士見"],"2520188":[14,"相模原市緑区","寸沢嵐"],"2521101":[14,"綾瀬市","厚木航空基地"],"2520142":[14,"相模原市緑区","元橋本町"],"2528558":[14,"座間市","ひばりが丘","４丁目２１－１"],"2520823":[14,"藤沢市","菖蒲沢"],"2521111":[14,"綾瀬市","上土棚北"],"2525191":[14,"相模原市緑区","根小屋","１７５２"],"2520312":[14,"相模原市南区","相南"],"2525189":[14,"相模原市緑区","西橋本","５丁目８－１"],"2528522":[14,"座間市","広野台","２丁目１０番１１号"],"2520159":[14,"相模原市緑区","三ケ木"],"2520213":[14,"相模原市中央区","すすきの町"],"2520184":[14,"相模原市緑区","小渕"],"2520327":[14,"相模原市南区","磯部"],"2520226":[14,"相模原市中央区","陽光台"],"2521131":[14,"綾瀬市","寺尾北"],"2521106":[14,"綾瀬市","深谷南"],"2521124":[14,"綾瀬市","吉岡"],"2520155":[14,"相模原市緑区","鳥屋"],"2520251":[14,"相模原市中央区","大野台"],"2525252":[14,"相模原市中央区","鹿沼台","１丁目２－１８"],"2520002":[14,"座間市","小松原"],"2520385":[14,"相模原市南区","上鶴間","７丁目９－１"],"2520812":[14,"藤沢市","西俣野"],"2525255":[14,"相模原市中央区","相模原","４丁目７－１エスプラザビル"],"2525211":[14,"相模原市中央区","富士見","６丁目４－１４"],"2520132":[14,"相模原市緑区","橋本台"],"2520880":[14,"藤沢市","亀井野","１８６６"],"2520216":[14,"相模原市中央区","清新"],"2525162":[14,"相模原市緑区","与瀬","８９６番地"],"2520015":[14,"座間市","南栗原"],"2525172":[14,"相模原市緑区","中野","６３３番地"],"2520374":[14,"相模原市南区","北里","１丁目１５番１号"],"2528567":[14,"座間市","東原","５丁目１－１１"],"2520816":[14,"藤沢市","遠藤"],"2520332":[14,"相模原市南区","西大沼"],"2520143":[14,"相模原市緑区","橋本"],"2521123":[14,"綾瀬市","早川"],"2520811":[14,"藤沢市","桐原町"],"2521135":[14,"綾瀬市","寺尾釜田"],"2520222":[14,"相模原市中央区","由野台"],"2520136":[14,"相模原市緑区","上九沢"],"2525294":[14,"相模原市中央区","横山","１－１－１"],"2520024":[14,"座間市","入谷"],"2525183":[14,"相模原市緑区","西橋本","５丁目５番１号"],"2520245":[14,"相模原市中央区","田名塩田"],"2520116":[14,"相模原市緑区","城山"],"2520241":[14,"相模原市中央区","横山台"],"2520102":[14,"相模原市緑区","原宿"],"2520307":[14,"相模原市南区","文京"],"2520229":[14,"相模原市中央区","弥栄"],"2525195":[14,"相模原市緑区","寸沢嵐","１０９１－１"],"2520302":[14,"相模原市南区","上鶴間"],"2520323":[14,"相模原市南区","相武台団地"],"2520824":[14,"藤沢市","打戻"],"2520106":[14,"相模原市緑区","広田"],"2520187":[14,"相模原市緑区","名倉"],"2521113":[14,"綾瀬市","上土棚中"],"2520154":[14,"相模原市緑区","長竹"],"2520208":[14,"相模原市中央区","矢部新田"],"2525221":[14,"相模原市中央区","宮下","３丁目１４－１５"],"2520329":[14,"相模原市南区","北里"],"2525293":[14,"相模原市中央区","田名","３０００番地"],"2520141":[14,"相模原市緑区","相原"],"2521116":[14,"綾瀬市","落合北"],"2520174":[14,"相模原市緑区","千木良"],"2528570":[14,"座間市","相武台","２丁目２１５"],"2520386":[14,"相模原市南区","西大沼","５丁目４番２０号"],"2520324":[14,"相模原市南区","相武台"],"2520326":[14,"相模原市南区","新戸"],"2520014":[14,"座間市","栗原中央"],"2521112":[14,"綾瀬市","上土棚"],"2525188":[14,"相模原市緑区","橋本","２丁目８番１８号"],"2520027":[14,"座間市","座間"],"2520228":[14,"相模原市中央区","並木"],"2520225":[14,"相模原市中央区","緑が丘"],"2520815":[14,"藤沢市","石川"],"2520212":[14,"相模原市中央区","宮下"],"2520186":[14,"相模原市緑区","牧野"],"2520239":[14,"相模原市中央区","中央"],"2520315":[14,"相模原市南区","桜台"],"2520003":[14,"座間市","ひばりが丘"],"2520151":[14,"相模原市緑区","三井"],"2525181":[14,"相模原市緑区","大山町","２－１０"],"2528511":[14,"座間市","座間","無番地"],"2520112":[14,"相模原市緑区","若葉台"],"2521100":[14,"綾瀬市",""],"2521136":[14,"綾瀬市","寺尾西"],"2525285":[14,"相模原市中央区","南橋本","３丁目８－８"],"2520305":[14,"相模原市南区","豊町"],"2520242":[14,"相模原市中央区","横山"],"2520144":[14,"相模原市緑区","東橋本"],"2520025":[14,"座間市","四ツ谷"],"2520821":[14,"藤沢市","用田"],"2520304":[14,"相模原市南区","旭町"],"2520171":[14,"相模原市緑区","与瀬"],"2520254":[14,"相模原市中央区","下九沢"],"2525196":[14,"相模原市緑区","橋本台","４丁目１－１"],"2520301":[14,"相模原市南区","鵜野森"],"2520375":[14,"相模原市南区","北里","１丁目１５番１号"],"2520398":[14,"相模原市南区","上鶴間本町","９－５０－４５２Ｆ"],"2520115":[14,"相模原市緑区","小倉"],"2520238":[14,"相模原市中央区","星が丘"],"2520328":[14,"相模原市南区","麻溝台"],"2520825":[14,"藤沢市","獺郷"],"2520176":[14,"相模原市緑区","寸沢嵐"],"2521195":[14,"綾瀬市","深谷中","８丁目８番６号"],"2520131":[14,"相模原市緑区","西橋本"],"2520803":[14,"藤沢市","今田"],"2525177":[14,"相模原市緑区","西橋本","５丁目３番２１号緑区合同庁舎内"],"2528566":[14,"座間市","緑ケ丘","１丁目１－１"],"2520105":[14,"相模原市緑区","久保沢"],"2520325":[14,"相模原市南区","新磯野"],"2520101":[14,"相模原市緑区","町屋"],"2520235":[14,"相模原市中央区","相生"],"2520331":[14,"相模原市南区","大野台"],"2520201":[14,"相模原市中央区","上矢部"],"2520157":[14,"相模原市緑区","中野"],"2520205":[14,"相模原市中央区","小山"],"2520000":[14,"座間市",""],"2528502":[14,"座間市","広野台","２丁目１０－１"],"2520231":[14,"相模原市中央区","相模原"],"2520135":[14,"相模原市緑区","大島"],"2525222":[14,"相模原市中央区","青葉","２丁目２－１"],"2525280":[14,"相模原市中央区","小山","４丁目１－６"],"2520311":[14,"相模原市南区","東林間"]}
