{"1310044":[13,"墨田区","文花"],"1318501":[13,"墨田区","文花","２丁目１－３"],"1310032":[13,"墨田区","東向島"],"1318503":[13,"墨田区","向島","１丁目３２－３"],"1318504":[13,"墨田区","向島","１丁目３３－１２"],"1318550":[13,"墨田区","押上","２丁目１２－７"],"1318524":[13,"墨田区","押上","２丁目３－８"],"1318139":[13,"墨田区","押上","１－１－２東京スカイツリータウン・ソラマチ９階"],"1318540":[13,"墨田区","堤通","１丁目１９－９リバーサイド隅田セントラルタワー５階"],"1318588":[13,"墨田区","墨田","２丁目１４－１４"],"1318507":[13,"墨田区","向島","４丁目２４－２２"],"1318519":[13,"墨田区","文花","３丁目２１－１７"],"1318585":[13,"墨田区","東向島","２丁目３３－２"],"1318584":[13,"墨田区","堤通","１－１９－９リバーサイド隅田セントラルタワー８階"],"1310033":[13,"墨田区","向島"],"1318533":[13,"墨田区","堤通","１丁目１９－９リバーサイド隅田セントラルタワー１階"],"1318518":[13,"墨田区","八広","１丁目２１－１１"],"1310042":[13,"墨田区","東墨田"],"1318510":[13,"墨田区","堤通","１丁目１９－９"],"1318509":[13,"墨田区","東向島","２丁目７－１４"],"1310045":[13,"墨田区","押上"],"1318527":[13,"墨田区","立花","４丁目７－８"],"1318508":[13,"墨田区","押上","２丁目１８番１２号"],"1318634":[13,"墨田区","押上","１－１－２東京スカイツリーイーストタワー１１Ｆ"],"1318565":[13,"墨田区","堤通","１丁目１９－９リバーサイド隅田セントラルタワー６Ｆ"],"1310046":[13,"墨田区","京島"],"1318513":[13,"墨田区","墨田","５丁目１７－４"],"1318512":[13,"墨田区","墨田","５丁目４７－１７"],"1318511":[13,"墨田区","墨田","４丁目４０－１０"],"1310043":[13,"墨田区","立花"],"1318711":[13,"墨田区","業平","１丁目７－１０"],"1318555":[13,"墨田区","押上","１丁目１０－３"],"1318530":[13,"墨田区","本所","４丁目１８－６"],"1310041":[13,"墨田区","八広"],"1318520":[13,"墨田区","墨田","２丁目３６－１０"],"1318526":[13,"墨田区","立花","２丁目３３－５"],"1318505":[13,"墨田区","向島","４丁目２１－１５"],"1310034":[13,"墨田区","堤通"],"1310031":[13,"墨田区","墨田"]}
