{"0440000":[1,"虻田郡倶知安町",""],"0440125":[1,"虻田郡京極町","東花"],"0440131":[1,"虻田郡京極町","川西"],"0440213":[1,"虻田郡喜茂別町","比羅岡"],"0440121":[1,"虻田郡京極町","三崎"],"0440022":[1,"虻田郡倶知安町","南八条東"],"0440023":[1,"虻田郡倶知安町","南九条東"],"0440075":[1,"虻田郡倶知安町","富士見"],"0440211":[1,"虻田郡喜茂別町","富士見台"],"0440044":[1,"虻田郡倶知安町","南十条西"],"0440292":[1,"虻田郡喜茂別町","字喜茂別","１２３"],"0440082":[1,"虻田郡倶知安町","岩尾別"],"0440006":[1,"虻田郡倶知安町","北六条東"],"0440074":[1,"虻田郡倶知安町","巽"],"0440212":[1,"虻田郡喜茂別町","留産"],"0440441":[1,"伊達市","大滝区愛地町"],"0440214":[1,"虻田郡喜茂別町","尻別"],"0440111":[1,"虻田郡京極町","北岡"],"0440295":[1,"虻田郡喜茂別町","字喜茂別","８３"],"0440451":[1,"虻田郡喜茂別町","上尻別"],"0440132":[1,"虻田郡京極町","更進"],"0440452":[1,"虻田郡喜茂別町","福丘"],"0440067":[1,"虻田郡倶知安町","瑞穂"],"0440045":[1,"虻田郡倶知安町","南十一条西"],"0440123":[1,"虻田郡京極町","脇方"],"0440124":[1,"虻田郡京極町","錦"],"0440084":[1,"虻田郡倶知安町","花園"],"0440016":[1,"虻田郡倶知安町","南六条東"],"0440100":[1,"虻田郡京極町",""],"0440036":[1,"虻田郡倶知安町","南六条西"],"0440057":[1,"虻田郡倶知安町","北七条西"],"0440001":[1,"虻田郡倶知安町","北一条東"],"0440077":[1,"虻田郡倶知安町","比羅夫"],"0440011":[1,"虻田郡倶知安町","南一条東"],"0440076":[1,"虻田郡倶知安町","高砂"],"0440081":[1,"虻田郡倶知安町","山田"],"0440078":[1,"虻田郡倶知安町","樺山"],"0440201":[1,"虻田郡喜茂別町","旭町"],"0440065":[1,"虻田郡倶知安町","高見"],"0440034":[1,"虻田郡倶知安町","南四条西"],"0440043":[1,"虻田郡倶知安町","南九条西"],"0440122":[1,"虻田郡京極町","大富"],"0440200":[1,"虻田郡喜茂別町",""],"0440004":[1,"虻田郡倶知安町","北四条東"],"0440113":[1,"虻田郡京極町","松川"],"0440025":[1,"虻田郡倶知安町","南十一条東"],"0440015":[1,"虻田郡倶知安町","南五条東"],"0440031":[1,"虻田郡倶知安町","南一条西"],"0440014":[1,"虻田郡倶知安町","南四条東"],"0448588":[1,"虻田郡倶知安町","北一条東","２丁目"],"0440223":[1,"虻田郡喜茂別町","川上"],"0440296":[1,"虻田郡喜茂別町","字喜茂別","２９３－１"],"0440442":[1,"伊達市","大滝区宮城町"],"0440053":[1,"虻田郡倶知安町","北三条西"],"0440052":[1,"虻田郡倶知安町","北二条西"],"0440021":[1,"虻田郡倶知安町","南七条東"],"0440215":[1,"虻田郡喜茂別町","相川"],"0440035":[1,"虻田郡倶知安町","南五条西"],"0440462":[1,"虻田郡喜茂別町","花丘"],"0440056":[1,"虻田郡倶知安町","北六条西"],"0440063":[1,"虻田郡倶知安町","末広"],"0448544":[1,"虻田郡倶知安町","北一条東","２丁目"],"0440083":[1,"虻田郡倶知安町","旭"],"0440463":[1,"虻田郡喜茂別町","双葉"],"0440461":[1,"虻田郡喜茂別町","中里"],"0440062":[1,"虻田郡倶知安町","扶桑"],"0440221":[1,"虻田郡喜茂別町","伏見"],"0440032":[1,"虻田郡倶知安町","南二条西"],"0440033":[1,"虻田郡倶知安町","南三条西"],"0440222":[1,"虻田郡喜茂別町","栄"],"0440042":[1,"虻田郡倶知安町","南八条西"],"0440051":[1,"虻田郡倶知安町","北一条西"],"0440085":[1,"虻田郡倶知安町","峠下"],"0440453":[1,"虻田郡喜茂別町","共栄"],"0440068":[1,"虻田郡倶知安町","緑"],"0440454":[1,"虻田郡喜茂別町","金山"],"0440055":[1,"虻田郡倶知安町","北五条西"],"0440013":[1,"虻田郡倶知安町","南三条東"],"0440072":[1,"虻田郡倶知安町","八幡"],"0440064":[1,"虻田郡倶知安町","出雲"],"0440066":[1,"虻田郡倶知安町","琴平"],"0440225":[1,"虻田郡喜茂別町","福島"],"0440224":[1,"虻田郡喜茂別町","知来別"],"0440003":[1,"虻田郡倶知安町","北三条東"],"0440024":[1,"虻田郡倶知安町","南十条東"],"0440443":[1,"伊達市","大滝区清原町"],"0440101":[1,"虻田郡京極町","京極"],"0440005":[1,"虻田郡倶知安町","北五条東"],"0440444":[1,"伊達市","大滝区豊里町"],"0440007":[1,"虻田郡倶知安町","北七条東"],"0440073":[1,"虻田郡倶知安町","豊岡"],"0440054":[1,"虻田郡倶知安町","北四条西"],"0440012":[1,"虻田郡倶知安町","南二条東"],"0440041":[1,"虻田郡倶知安町","南七条西"],"0440071":[1,"虻田郡倶知安町","寒別"],"0440112":[1,"虻田郡京極町","春日"],"0440061":[1,"虻田郡倶知安町","大和"],"0440002":[1,"虻田郡倶知安町","北二条東"]}
