{"3550311":[11,"比企郡小川町","高谷"],"3550301":[11,"比企郡小川町","西古里"],"3550125":[11,"比企郡吉見町","蚊斗谷"],"3550074":[11,"東松山市","上押垂"],"3550054":[11,"東松山市","旗立台"],"3550157":[11,"比企郡吉見町","西吉見"],"3558601":[11,"東松山市","松葉町","１丁目１－５８"],"3550300":[11,"比企郡小川町",""],"3550000":[11,"東松山市",""],"3550018":[11,"東松山市","松山町"],"3550076":[11,"東松山市","下唐子"],"3550344":[11,"比企郡ときがわ町","日影"],"3550333":[11,"比企郡小川町","飯田"],"3550002":[11,"東松山市","東平"],"3550223":[11,"比企郡嵐山町","根岸"],"3550365":[11,"比企郡ときがわ町","椚平"],"3550024":[11,"東松山市","六軒町"],"3550336":[11,"比企郡小川町","勝呂"],"3550118":[11,"比企郡吉見町","下細谷"],"3550047":[11,"東松山市","高坂"],"3550112":[11,"比企郡吉見町","丸貫"],"3550121":[11,"比企郡吉見町","蓮沼新田"],"3550380":[11,"比企郡小川町","高見","５６８"],"3550165":[11,"比企郡吉見町","上細谷"],"3550354":[11,"比企郡ときがわ町","番匠"],"3550292":[11,"比企郡嵐山町","大字菅谷","７２８"],"3550215":[11,"比企郡嵐山町","平沢"],"3550031":[11,"東松山市","五領町"],"3550131":[11,"比企郡吉見町","荒子"],"3550007":[11,"東松山市","野田"],"3550377":[11,"秩父郡東秩父村","白石"],"3550104":[11,"比企郡吉見町","地頭方"],"3550331":[11,"比企郡小川町","靱負"],"3550017":[11,"東松山市","松葉町"],"3550167":[11,"比企郡吉見町","田甲"],"3550342":[11,"比企郡ときがわ町","玉川"],"3550065":[11,"東松山市","岩殿"],"3550808":[11,"比企郡滑川町","菅田"],"3550226":[11,"比企郡嵐山町","遠山"],"3550321":[11,"比企郡小川町","小川"],"3550100":[11,"比企郡吉見町",""],"3550133":[11,"比企郡吉見町","江和井"],"3550045":[11,"東松山市","宮鼻"],"3550337":[11,"比企郡小川町","木呂子"],"3550114":[11,"比企郡吉見町","古名"],"3550213":[11,"比企郡嵐山町","川島"],"3550316":[11,"比企郡小川町","角山"],"3550111":[11,"比企郡吉見町","北下砂"],"3550135":[11,"比企郡吉見町","前河内"],"3550013":[11,"東松山市","小松原町"],"3550102":[11,"比企郡吉見町","明秋"],"3558604":[11,"東松山市","箭弓町","１丁目８－１４"],"3550313":[11,"比企郡小川町","下横田"],"3550804":[11,"比企郡滑川町","中尾"],"3550163":[11,"比企郡吉見町","本沢"],"3550110":[11,"比企郡吉見町","東野"],"3550073":[11,"東松山市","上野本"],"3550205":[11,"比企郡嵐山町","広野"],"3550027":[11,"東松山市","美土里町"],"3550332":[11,"比企郡小川町","増尾"],"3550811":[11,"比企郡滑川町","羽尾"],"3550359":[11,"比企郡ときがわ町","瀬戸元下"],"3550043":[11,"東松山市","早俣"],"3550304":[11,"比企郡小川町","伊勢根"],"3550152":[11,"比企郡吉見町","和名"],"3550035":[11,"東松山市","古凍"],"3550224":[11,"比企郡嵐山町","将軍沢"],"3550363":[11,"比企郡ときがわ町","大附"],"3550373":[11,"秩父郡東秩父村","奥沢"],"3550334":[11,"比企郡小川町","笠原"],"3550156":[11,"比企郡吉見町","長谷"],"3550061":[11,"東松山市","葛袋"],"3558501":[11,"東松山市","大字岩殿","５６０－１"],"3550222":[11,"比企郡嵐山町","大蔵"],"3550324":[11,"比企郡小川町","青山"],"3550352":[11,"比企郡ときがわ町","別所"],"3550012":[11,"東松山市","日吉町"],"3550072":[11,"東松山市","石橋"],"3550119":[11,"比企郡吉見町","中新井"],"3550326":[11,"比企郡小川町","下古寺"],"3550221":[11,"比企郡嵐山町","菅谷"],"3550302":[11,"比企郡小川町","鷹巣"],"3550022":[11,"東松山市","御茶山町"],"3550395":[11,"比企郡ときがわ町","大字玉川","２４９０番地"],"3550025":[11,"東松山市","幸町"],"3550203":[11,"比企郡嵐山町","勝田"],"3550375":[11,"秩父郡東秩父村","御堂"],"3550211":[11,"比企郡嵐山町","杉山"],"3550028":[11,"東松山市","箭弓町"],"3550371":[11,"秩父郡東秩父村","大内沢"],"3558602":[11,"東松山市","神明町","２丁目１１－６"],"3550154":[11,"比企郡吉見町","南吉見"],"3550015":[11,"東松山市","本町"],"3550193":[11,"比企郡吉見町","大字下細谷","９５０－２"],"3550805":[11,"比企郡滑川町","水房"],"3550033":[11,"東松山市","山崎町"],"3550037":[11,"東松山市","若松町"],"3550801":[11,"比企郡滑川町","土塩"],"3550008":[11,"東松山市","大谷"],"3550005":[11,"東松山市","松山"],"3550361":[11,"比企郡ときがわ町","桃木"],"3550803":[11,"比企郡滑川町","福田"],"3550046":[11,"東松山市","大黒部"],"3550328":[11,"比企郡小川町","大塚"],"3550136":[11,"比企郡吉見町","江綱"],"3558606":[11,"東松山市","あずま町","四丁目３番地"],"3550134":[11,"比企郡吉見町","大串"],"3550014":[11,"東松山市","松本町"],"3550075":[11,"東松山市","下青鳥"],"3550044":[11,"東松山市","正代"],"3550016":[11,"東松山市","材木町"],"3550001":[11,"東松山市","岡"],"3550814":[11,"比企郡滑川町","みなみ野"],"3550115":[11,"比企郡吉見町","上銀谷"],"3550053":[11,"東松山市","田木"],"3550117":[11,"比企郡吉見町","谷口"],"3550327":[11,"比企郡小川町","腰越"],"3550004":[11,"東松山市","沢口町"],"3550815":[11,"比企郡滑川町","月の輪"],"3550355":[11,"比企郡ときがわ町","馬場"],"3550366":[11,"比企郡ときがわ町","大野"],"3550204":[11,"比企郡嵐山町","花見台"],"3550206":[11,"比企郡嵐山町","越畑"],"3550201":[11,"比企郡嵐山町","古里"],"3550325":[11,"比企郡小川町","上古寺"],"3550357":[11,"比企郡ときがわ町","田中"],"3550322":[11,"比企郡小川町","東小川"],"3550195":[11,"比企郡吉見町","大字長谷","１９５１"],"3550137":[11,"比企郡吉見町","久保田"],"3550306":[11,"比企郡小川町","高見"],"3550216":[11,"比企郡嵐山町","むさし台"],"3550063":[11,"東松山市","元宿"],"3550162":[11,"比企郡吉見町","松崎"],"3550132":[11,"比企郡吉見町","飯島新田"],"3550003":[11,"東松山市","殿山町"],"3550317":[11,"比企郡小川町","原川"],"3550048":[11,"東松山市","あずま町"],"3550105":[11,"比企郡吉見町","上砂"],"3558585":[11,"比企郡滑川町","大字福田","７５０－１"],"3550166":[11,"比企郡吉見町","黒岩"],"3550315":[11,"比企郡小川町","みどりが丘"],"3550066":[11,"東松山市","神戸"],"3550807":[11,"比企郡滑川町","和泉"],"3550335":[11,"比企郡小川町","木部"],"3550351":[11,"比企郡ときがわ町","雲河原"],"3550312":[11,"比企郡小川町","上横田"],"3550051":[11,"東松山市","白山台"],"3550124":[11,"比企郡吉見町","久保田新田"],"3550019":[11,"東松山市","砂田町"],"3550103":[11,"比企郡吉見町","今泉"],"3550314":[11,"比企郡小川町","中爪"],"3558605":[11,"東松山市","あずま町","四丁目３番地"],"3550364":[11,"比企郡ときがわ町","西平"],"3550200":[11,"比企郡嵐山町",""],"3550041":[11,"東松山市","下押垂"],"3550151":[11,"比企郡吉見町","御所"],"3558603":[11,"東松山市","箭弓町","３丁目１３－２６"],"3550127":[11,"比企郡吉見町","大和田"],"3550055":[11,"東松山市","松風台"],"3550101":[11,"比企郡吉見町","一ツ木"],"3550323":[11,"比企郡小川町","下里"],"3550106":[11,"比企郡吉見町","中曽根"],"3550358":[11,"比企郡ときがわ町","瀬戸元上"],"3550374":[11,"秩父郡東秩父村","安戸"],"3550812":[11,"比企郡滑川町","都"],"3550123":[11,"比企郡吉見町","須ノ子新田"],"3550122":[11,"比企郡吉見町","高尾新田"],"3550341":[11,"比企郡ときがわ町","田黒"],"3550034":[11,"東松山市","柏崎"],"3550126":[11,"比企郡吉見町","万光寺"],"3550042":[11,"東松山市","今泉"],"3550376":[11,"秩父郡東秩父村","皆谷"],"3550155":[11,"比企郡吉見町","北吉見"],"3550113":[11,"比企郡吉見町","古名新田"],"3550800":[11,"比企郡滑川町",""],"3550064":[11,"東松山市","毛塚"],"3550192":[11,"比企郡吉見町","大字下細谷","４１１"],"3550011":[11,"東松山市","加美町"],"3550071":[11,"東松山市","新郷"],"3550212":[11,"比企郡嵐山町","太郎丸"],"3550077":[11,"東松山市","上唐子"],"3550026":[11,"東松山市","和泉町"],"3550202":[11,"比企郡嵐山町","吉田"],"3550372":[11,"秩父郡東秩父村","坂本"],"3550318":[11,"比企郡小川町","ひばり台"],"3550802":[11,"比企郡滑川町","山田"],"3550813":[11,"比企郡滑川町","月輪"],"3550225":[11,"比企郡嵐山町","鎌形"],"3550164":[11,"比企郡吉見町","小新井"],"3550116":[11,"比企郡吉見町","下銀谷"],"3550161":[11,"比企郡吉見町","山ノ下"],"3550227":[11,"比企郡嵐山町","千手堂"],"3550356":[11,"比企郡ときがわ町","関堀"],"3550214":[11,"比企郡嵐山町","志賀"],"3550036":[11,"東松山市","下野本"],"3550032":[11,"東松山市","新宿町"],"3550392":[11,"比企郡小川町","大字大塚","５５"],"3550006":[11,"東松山市","市ノ川"],"3550305":[11,"比企郡小川町","能増"],"3550021":[11,"東松山市","神明町"],"3550806":[11,"比企郡滑川町","伊古"],"3550343":[11,"比企郡ときがわ町","五明"],"3550052":[11,"東松山市","桜山台"],"3550023":[11,"東松山市","六反町"],"3550303":[11,"比企郡小川町","奈良梨"],"3550062":[11,"東松山市","西本宿"],"3550153":[11,"比企郡吉見町","久米田"],"3550353":[11,"比企郡ときがわ町","本郷"]}
