{"4910865":[23,"一宮市","印田通"],"4910031":[23,"一宮市","観音町"],"4910112":[23,"一宮市","浅井町東浅井"],"4910083":[23,"一宮市","丹羽"],"4910867":[23,"一宮市","古金町"],"4910393":[23,"一宮市","萩原町萩原","字松山５５０"],"4910004":[23,"一宮市","定水寺"],"4910923":[23,"一宮市","大和町氏永"],"4910013":[23,"一宮市","北小渕"],"4910872":[23,"一宮市","平安"],"4910028":[23,"一宮市","朝日"],"4918611":[23,"一宮市","若竹","３丁目２番２号"],"4910062":[23,"一宮市","西島町"],"4910842":[23,"一宮市","公園通"],"4910352":[23,"一宮市","萩原町富田方"],"4910882":[23,"一宮市","相生"],"4910075":[23,"一宮市","寺島町"],"4910823":[23,"一宮市","丹陽町五日市場"],"4910907":[23,"一宮市","西出町"],"4910921":[23,"一宮市","妙興寺"],"4910078":[23,"一宮市","松降通"],"4910035":[23,"一宮市","大浜"],"4910938":[23,"一宮市","日光町"],"4910847":[23,"一宮市","大和町宮地花池"],"4910121":[23,"一宮市","島村"],"4910372":[23,"一宮市","萩原町滝"],"4910812":[23,"一宮市","千秋町芝原"],"4910002":[23,"一宮市","時之島"],"4910821":[23,"一宮市","丹陽町重吉"],"4910059":[23,"一宮市","一宮"],"4918528":[23,"一宮市","あずら","３丁目９－２３"],"4910053":[23,"一宮市","今伊勢町本神戸"],"4910926":[23,"一宮市","大和町北高井"],"4910000":[23,"一宮市",""],"4910911":[23,"一宮市","野口"],"4910042":[23,"一宮市","松降"],"4910074":[23,"一宮市","東島町"],"4910114":[23,"一宮市","浅井町江森"],"4910916":[23,"一宮市","観音寺"],"4910063":[23,"一宮市","常願通"],"4910371":[23,"一宮市","萩原町高木"],"4910878":[23,"一宮市","水附町"],"4918513":[23,"一宮市","せんい","２丁目９－１６"],"4910102":[23,"一宮市","浅井町尾関"],"4910834":[23,"一宮市","島崎"],"4910011":[23,"一宮市","柚木颪"],"4910837":[23,"一宮市","多加木"],"4910026":[23,"一宮市","和光"],"4910803":[23,"一宮市","千秋町穂積塚本"],"4910354":[23,"一宮市","萩原町朝宮"],"4918561":[23,"一宮市","今伊勢町本神戸","字河原１"],"4910071":[23,"一宮市","長島町"],"4910936":[23,"一宮市","寺前町"],"4910125":[23,"一宮市","高田"],"4910918":[23,"一宮市","末広"],"4918533":[23,"一宮市","北園通","６丁目９"],"4910005":[23,"一宮市","西大海道"],"4918610":[23,"一宮市","本町","４丁目２２－１０"],"4910066":[23,"一宮市","三丹町"],"4910934":[23,"一宮市","大和町苅安賀"],"4910862":[23,"一宮市","緑"],"4910366":[23,"一宮市","萩原町河田方"],"4910825":[23,"一宮市","丹陽町外崎"],"4910364":[23,"一宮市","萩原町中島"],"4910201":[23,"一宮市","奥町"],"4910068":[23,"一宮市","小栗町"],"4910852":[23,"一宮市","大志"],"4910922":[23,"一宮市","大和町妙興寺"],"4918515":[23,"一宮市","せんい","１丁目９－３"],"4910853":[23,"一宮市","川田町"],"4910046":[23,"一宮市","天王"],"4910931":[23,"一宮市","大和町馬引"],"4910394":[23,"一宮市","萩原町萩原","字松山５３１－１０"],"4910057":[23,"一宮市","今伊勢町宮後"],"4918562":[23,"一宮市","今伊勢町馬寄","字郷前５６－１"],"4910836":[23,"一宮市","丹陽町多加木"],"4910802":[23,"一宮市","千秋町勝栗"],"4910903":[23,"一宮市","八幡"],"4910351":[23,"一宮市","萩原町花井方"],"4910913":[23,"一宮市","中町"],"4910805":[23,"一宮市","千秋町一色"],"4918575":[23,"一宮市","富士","３丁目５番１５号"],"4910079":[23,"一宮市","九品町"],"4910123":[23,"一宮市","富塚"],"4910037":[23,"一宮市","貴船"],"4918558":[23,"一宮市","文京","２丁目２－２２"],"4910902":[23,"一宮市","一色町"],"4910052":[23,"一宮市","今伊勢町新神戸"],"4910858":[23,"一宮市","栄"],"4910363":[23,"一宮市","萩原町東宮重"],"4910816":[23,"一宮市","千秋町浅野羽根"],"4910906":[23,"一宮市","南出町"],"4910826":[23,"一宮市","丹陽町三ツ井"],"4910081":[23,"一宮市","西小原町"],"4910844":[23,"一宮市","八町通"],"4918612":[23,"一宮市","大和町馬引","字焼野４８"],"4910855":[23,"一宮市","石山町"],"4910144":[23,"一宮市","浅井町極楽寺"],"4910908":[23,"一宮市","深坪町"],"4910814":[23,"一宮市","千秋町小山"],"4910033":[23,"一宮市","別明町"],"4910056":[23,"一宮市","東出町"],"4910132":[23,"一宮市","大毛"],"4910003":[23,"一宮市","春明"],"4910134":[23,"一宮市","更屋敷"],"4910873":[23,"一宮市","せんい"],"4918508":[23,"一宮市","花池","４丁目１７－１２"],"4910001":[23,"一宮市","瀬部"],"4910135":[23,"一宮市","光明寺"],"4918505":[23,"一宮市","八幡","５丁目１－１０８"],"4910141":[23,"一宮市","浅井町黒岩"],"4910043":[23,"一宮市","真清田"],"4910846":[23,"一宮市","牛野通"],"4910124":[23,"一宮市","佐千原"],"4910813":[23,"一宮市","千秋町町屋"],"4910012":[23,"一宮市","小赤見"],"4910838":[23,"一宮市","猿海道"],"4910917":[23,"一宮市","昭和"],"4910113":[23,"一宮市","浅井町西浅井"],"4910036":[23,"一宮市","桜"],"4910935":[23,"一宮市","大和町福森"],"4918501":[23,"一宮市","本町","２丁目５－６"],"4910831":[23,"一宮市","森本"],"4910815":[23,"一宮市","千秋町塩尻"],"4910076":[23,"一宮市","貴船町"],"4918532":[23,"一宮市","下川田町","５丁目１"],"4910373":[23,"一宮市","萩原町高松"],"4910937":[23,"一宮市","竹橋町"],"4910932":[23,"一宮市","大和町毛受"],"4910032":[23,"一宮市","下沼町"],"4910131":[23,"一宮市","笹野"],"4910069":[23,"一宮市","北神明町"],"4910806":[23,"一宮市","千秋町浮野"],"4910086":[23,"一宮市","田島町"],"4910924":[23,"一宮市","大和町於保"],"4910914":[23,"一宮市","花池"],"4910843":[23,"一宮市","柳戸町"],"4910054":[23,"一宮市","大正通"],"4918512":[23,"一宮市","大字浅野","字田井戸田６０"],"4910824":[23,"一宮市","丹陽町九日市場"],"4910061":[23,"一宮市","乾町"],"4910392":[23,"一宮市","萩原町","松山５６６－８"],"4910073":[23,"一宮市","高畑町"],"4910084":[23,"一宮市","古見町"],"4910024":[23,"一宮市","富士"],"4910861":[23,"一宮市","泉"],"4910881":[23,"一宮市","南印田"],"4910014":[23,"一宮市","南小渕"],"4918516":[23,"一宮市","せんい","２丁目１０－２２"],"4910143":[23,"一宮市","浅井町大野"],"4910122":[23,"一宮市","島村"],"4910863":[23,"一宮市","東印田町"],"4910022":[23,"一宮市","両郷町"],"4910111":[23,"一宮市","浅井町河端"],"4910859":[23,"一宮市","本町"],"4910065":[23,"一宮市","水落町"],"4910058":[23,"一宮市","今伊勢町馬寄"],"4910361":[23,"一宮市","萩原町林野"],"4910101":[23,"一宮市","浅井町尾関"],"4910871":[23,"一宮市","浅野"],"4910115":[23,"一宮市","浅井町西海戸"],"4918509":[23,"一宮市","八幡","４丁目８－７"],"4910192":[23,"一宮市","大字高田","字池尻６"],"4910841":[23,"一宮市","松島町"],"4910365":[23,"一宮市","萩原町西御堂"],"4910104":[23,"一宮市","浅井町小日比野"],"4910811":[23,"一宮市","千秋町加納馬場"],"4910868":[23,"一宮市","向山南"],"4910375":[23,"一宮市","萩原町戸苅"],"4918535":[23,"一宮市","中町","１丁目８－２６"],"4910915":[23,"一宮市","宮地"],"4910827":[23,"一宮市","丹陽町森本"],"4910142":[23,"一宮市","浅井町河田"],"4910925":[23,"一宮市","大和町南高井"],"4918551":[23,"一宮市","桜","１丁目９－９"],"4910933":[23,"一宮市","苅安賀"],"4910015":[23,"一宮市","大赤見"],"4910103":[23,"一宮市","浅井町前野"],"4910072":[23,"一宮市","中島通"],"4910835":[23,"一宮市","あずら"],"4910082":[23,"一宮市","小原町"],"4910848":[23,"一宮市","殿町"],"4910027":[23,"一宮市","藤塚町"],"4910034":[23,"一宮市","浜町"],"4910879":[23,"一宮市","白旗通"],"4918585":[23,"一宮市","新生","１丁目１番１号"],"4910851":[23,"一宮市","大江"],"4910833":[23,"一宮市","平島"],"4910866":[23,"一宮市","城崎通"],"4918571":[23,"一宮市","浜町","６丁目２"],"4910133":[23,"一宮市","田所"],"4918502":[23,"一宮市","栄","４丁目５－７"],"4910801":[23,"一宮市","千秋町加茂"],"4910136":[23,"一宮市","杉山"],"4910041":[23,"一宮市","文京"],"4918577":[23,"一宮市","両郷町","１丁目６"],"4910376":[23,"一宮市","萩原町串作"],"4910927":[23,"一宮市","大和町戸塚"],"4910105":[23,"一宮市","浅井町大日比野"],"4910064":[23,"一宮市","宮西通"],"4918553":[23,"一宮市","天王","２丁目２番２号"],"4918526":[23,"一宮市","丹陽町九日市場","字竹之宮２０４"],"4910025":[23,"一宮市","羽衣"],"4910904":[23,"一宮市","神山"],"4918688":[23,"一宮市","八幡","２丁目７－３"],"4910067":[23,"一宮市","北丹町"],"4910912":[23,"一宮市","新生"],"4910883":[23,"一宮市","下田"],"4910055":[23,"一宮市","神戸町"],"4910854":[23,"一宮市","北園通"],"4910901":[23,"一宮市","北浦町"],"4910021":[23,"一宮市","東両郷町"],"4910857":[23,"一宮市","明治通"],"4910832":[23,"一宮市","若竹"],"4910077":[23,"一宮市","枠杁町"],"4910044":[23,"一宮市","大宮"],"4910051":[23,"一宮市","今伊勢町馬寄"],"4910353":[23,"一宮市","萩原町萩原"],"4910023":[23,"一宮市","赤見"],"4910804":[23,"一宮市","千秋町佐野"],"4910395":[23,"一宮市","萩原町高木","字５０歩１－４"],"4910362":[23,"一宮市","萩原町西宮重"],"4918601":[23,"一宮市","三ツ井","６丁目１２－２３"],"4910817":[23,"一宮市","千秋町天摩"],"4910845":[23,"一宮市","下川田町"],"4910045":[23,"一宮市","音羽"],"4910374":[23,"一宮市","萩原町築込"],"4910905":[23,"一宮市","平和"],"4910869":[23,"一宮市","向山町"],"4910085":[23,"一宮市","松山町"],"4918686":[23,"一宮市","栄","４丁目２－１"],"4910822":[23,"一宮市","丹陽町伝法寺"],"4918555":[23,"一宮市","音羽","３丁目１４－２５"],"4918608":[23,"一宮市","栄","１丁目１０－１７"],"4910856":[23,"一宮市","本町通"],"4910874":[23,"一宮市","馬見塚"],"4918576":[23,"一宮市","城崎通","６丁目１７"],"4910919":[23,"一宮市","住吉"],"4918531":[23,"一宮市","中町","１丁目３－５"]}
