{"4598522":[23,"名古屋市緑区","大高町","字北関山２０－１"],"4598006":[23,"名古屋市緑区","倉坂"],"4598003":[23,"名古屋市緑区","大高台"],"4598009":[23,"名古屋市緑区","清水山"],"4598540":[23,"名古屋市緑区","大高町","字平子３６番地"],"4598004":[23,"名古屋市緑区","有松南"],"4598011":[23,"名古屋市緑区","定納山"],"4598008":[23,"名古屋市緑区","文久山"],"4598005":[23,"名古屋市緑区","緑花台"],"4598001":[23,"名古屋市緑区","大高町"],"4598007":[23,"名古屋市緑区","大根山"],"4598002":[23,"名古屋市緑区","森の里"],"4598511":[23,"名古屋市緑区","大高町","字奥中道４１"],"4598501":[23,"名古屋市緑区","大高町","字大根山１５－１３５"]}
